unlocode,country,location_code,name,name_ascii,subdivision,latitude,longitude
AEABU,AE,ABU,Abu al Bukhoosh,Abu al Bukhoosh,,25.483333333333334,53.13333333333333
AEAJP,AE,AJP,Al Jeer Port,Al Jeer Port,RK,26.033333333333335,56.05
AEAMF,AE,AMF,Musaffah,Musaffah,AZ,24.383333333333333,54.483333333333334
AEAMU,AE,AMU,Abu Musa,Abu Musa,,25.866666666666667,55.016666666666666
AEARP,AE,ARP,Ahmed Bin Rashid Port,Ahmed Bin Rashid Port,AZ,25.533333333333335,55.55
AEAUH,AE,AUH,Abu Dhabi,Abu Dhabi,AZ,24.466666666666665,54.36666666666667
AEDBP,AE,DBP,Dibba,Dibba,SH,25.616666666666667,56.266666666666666
AEDXB,AE,DXB,Dubai,Dubai,DU,25.25,55.266666666666666
AEEND,AE,END,Esnnad,Esnnad,AZ,24.316666666666666,54.45
AEFJR,AE,FJR,Al Fujayrah,Al Fujayrah,FU,25.116666666666667,56.333333333333336
AEFRP,AE,FRP,Free Port,Free Port,DU,25.25,55.25
AEHSN,AE,HSN,Hassyan,Hassyan,DU,24.9,54.9
AEHTL,AE,HTL,Hulaylah Terminal,Hulaylah Terminal,,25.983333333333334,55.93333333333333
AEHZP,AE,HZP,Hamriya Free Zone Port,Hamriya Free Zone Port,DU,25.3,55.31666666666667
AEJAZ,AE,JAZ,Al Jazeera Port,Al Jazeera Port,RK,25.716666666666665,55.8
AEKHL,AE,KHL,Mina Khalifa/Abu Dhabi,Mina Khalifa/Abu Dhabi,,24.833333333333332,54.666666666666664
AEKLB,AE,KLB,Kalba,Kalba,,25.066666666666666,56.35
AEKLF,AE,KLF,Khor al Fakkan,Khor al Fakkan,,25.333333333333332,56.35
AEMBS,AE,MBS,Mubarras Island,Mubarras Island,,24.583333333333332,53.31666666666667
AEMKH,AE,MKH,Mina Khalid,Mina Khalid,SH,25.35,55.36666666666667
AEMRP,AE,MRP,Mina Rashid Port,Mina Rashid Port,AZ,25.266666666666666,55.28333333333333
AEMSA,AE,MSA,Mina Saqr,Mina Saqr,RK,25.966666666666665,56.06666666666667
AEMZD,AE,MZD,Mina Zayed/Abu Dhabi,Mina Zayed/Abu Dhabi,AZ,24.516666666666666,54.36666666666667
AEQIW,AE,QIW,Umm al Quwain,Umm al Quwain,,25.583333333333332,55.583333333333336
AEQWE,AE,QWE,Jebel Ali Free Zone,Jebel Ali Free Zone,DU,25.0,55.05
AERFA,AE,RFA,Mirfa,Mirfa,AZ,25.466666666666665,53.483333333333334
AERKP,AE,RKP,Rak Khor Port,Rak Khor Port,RK,25.816666666666666,55.95
AERKT,AE,RKT,Ras al Khaimah,Ras al Khaimah,,25.783333333333335,55.95
AERMC,AE,RMC,Rak Maritime City,Rak Maritime City,RK,25.95,56.05
AERUW,AE,RUW,Ar Ruways,Ar Ruways,,24.116666666666667,52.733333333333334
AERWP,AE,RWP,Ruwais Port,Ruwais Port,AZ,24.1,52.71666666666667
AESHJ,AE,SHJ,Sharjah,Sharjah,SH,25.35,55.38333333333333
AESID,AE,SID,Sadiyat Island,Sadiyat Island,,24.533333333333335,54.4
AEULR,AE,ULR,Umm Al Nar,Umm Al Nar,,24.433333333333334,54.5
AEYAS,AE,YAS,Yas Island,Yas Island,AZ,24.316666666666666,52.6
AEZUR,AE,ZUR,Zirku Island,Zirku Island,AZ,24.883333333333333,53.06666666666667
AFDHD,AF,DHD,Dehdadi,Dehdadi,BAL,36.65,66.98333333333333
AFQLT,AF,QLT,Qalat,Qalat,,32.1,66.88333333333334
AFRKH,AF,RKH,Torkham,Torkham,NAN,34.88333333333333,71.91666666666667
AGFAM,AG,FAM,Falmouth,Falmouth,,17.016666666666666,-61.78333333333333
AGPHM,AG,PHM,Parham,Parham,,17.083333333333332,-61.75
AGSJO,AG,SJO,Saint John's,Saint John's,,17.116666666666667,-61.85
AIMBB,AI,MBB,Meads Bay Beach,Meads Bay Beach,,18.166666666666668,-63.13333333333333
AIRBY,AI,RBY,Road Bay,Road Bay,,18.2,-63.083333333333336
AISOM,AI,SOM,Sombrero,Sombrero,,18.6,-63.46666666666667
ALBUT,AL,BUT,Butrint,Butrint,SR,39.75,20.016666666666666
ALHMR,AL,HMR,Himare,Himare,SR,40.13333333333333,19.716666666666665
ALROM,AL,ROM,Romano Port,Romano Port,02,41.36666666666667,19.416666666666668
ALSAR,AL,SAR,Sarandë,Sarande,SR,39.88333333333333,20.0
ALSHG,AL,SHG,Shëngjin,Shengjin,LE,41.8,19.566666666666666
ALVOA,AL,VOA,Vlorë,Vlore,VL,40.46666666666667,19.483333333333334
AOBAB,AO,BAB,Baba,Baba,,-14.833333333333334,12.233333333333333
AOBDT,AO,BDT,Baía dos Tigres,Baia dos Tigres,,-16.6,11.733333333333333
AOCPO,AO,CPO,Capulo,Capulo,,-7.983333333333333,13.166666666666666
AOCUI,AO,CUI,Cuio,Cuio,,-12.983333333333333,12.983333333333333
AODAL,AO,DAL,Dalia,Dalia,,-7.683333333333334,11.783333333333333
AOETN,AO,ETN,Essungo Terminal,Essungo Terminal,,-6.333333333333333,12.166666666666666
AOFBY,AO,FBY,Farta Bay,Farta Bay,,-12.616666666666667,13.2
AOFLT,AO,FLT,Futila Terminal,Futila Terminal,,-5.45,12.183333333333334
AOGIM,AO,GIM,Gimboa,Gimboa,,-7.533333333333333,12.166666666666666
AOGIR,AO,GIR,Girassol Terminal,Girassol Terminal,,-7.633333333333333,11.683333333333334
AOGPO,AO,GPO,Greater Plutonio,Greater Plutonio,,-7.833333333333333,12.116666666666667
AOLBT,AO,LBT,Lombo Terminal,Lombo Terminal,,-6.983333333333333,12.35
AONQI,AO,NQI,Nóqui,Noqui,,-5.85,13.433333333333334
AONTO,AO,NTO,N'Zeto,N'Zeto,ZAI,-7.233333333333333,12.866666666666667
AOPLE,AO,PLE,Tombua,Tombua,NAM,-15.816666666666666,11.85
AOPSA,AO,PSA,Porto Saco (Portosalazar),Porto Saco (Portosalazar),,-15.133333333333333,12.133333333333333
AORSN,AO,RSN,River Sao Nicolau,River Sao Nicolau,,-14.25,12.333333333333334
AOSTL,AO,STL,Sazaire Terminal,Sazaire Terminal,,-6.083333333333333,12.383333333333333
AQABA,AQ,ABA,Aboa,Aboa,,-73.05,-13.416666666666666
AQAPT,AQ,APT,Arturo Prat,Arturo Prat,,-62.5,-59.68333333333333
AQARC,AQ,ARC,Arctowski,Arctowski,,-62.15,-58.46666666666667
AQART,AQ,ART,Artigas,Artigas,,-62.18333333333333,-58.9
AQBHN,AQ,BHN,Bellingshausen,Bellingshausen,,-62.18333333333333,-58.95
AQCAS,AQ,CAS,Casey Station,Casey Station,,-66.28333333333333,110.51666666666667
AQCFZ,AQ,CFZ,Comandante Ferraz,Comandante Ferraz,,-62.083333333333336,-58.38333333333333
AQDAV,AQ,DAV,Davis Station,Davis Station,,-68.56666666666666,77.96666666666667
AQDDU,AQ,DDU,Dumont d'Urville Station,Dumont d'Urville Station,,-66.65,140.0
AQESC,AQ,ESC,Escudero,Escudero,,-62.2,-58.95
AQESP,AQ,ESP,Esperanza,Esperanza,,-63.38333333333333,-56.983333333333334
AQGWL,AQ,GWL,Great Wall,Great Wall,,-62.21666666666667,-58.96666666666667
AQHLY,AQ,HLY,Halley,Halley,,-75.56666666666666,-26.533333333333335
AQJBS,AQ,JBS,Jang Bogo Station,Jang Bogo Station,,-74.6,164.2
AQJCP,AQ,JCP,Juan Carlos Primero,Juan Carlos Primero,,-62.65,-60.38333333333333
AQJUB,AQ,JUB,Jubany,Jubany,,-62.233333333333334,-58.65
AQKHN,AQ,KHN,Kohnen,Kohnen,,-75.0,0.06666666666666667
AQKSG,AQ,KSG,King Sejong,King Sejong,,-62.21666666666667,-58.78333333333333
AQLAW,AQ,LAW,Law Base,Law Base,,-69.38333333333334,76.38333333333334
AQMAW,AQ,MAW,Mawson Station,Mawson Station,,-67.6,62.86666666666667
AQMCM,AQ,MCM,McMurdo,McMurdo,,-77.83333333333333,166.66666666666666
AQMIR,AQ,MIR,Mirny,Mirny,,-66.55,93.0
AQMRB,AQ,MRB,Marambio,Marambio,,-64.23333333333333,-56.65
AQMZU,AQ,MZU,Mario Zucchelli,Mario Zucchelli,,-74.68333333333334,164.11666666666667
AQOHG,AQ,OHG,General Bernardo O'higgins,General Bernardo O'higgins,,-63.31666666666667,-57.9
AQORC,AQ,ORC,Orcadas,Orcadas,,-60.733333333333334,-44.733333333333334
AQPFS,AQ,PFS,Port Foster,Port Foster,,-63.0,-60.56666666666667
AQPLM,AQ,PLM,Palmer,Palmer,,-64.76666666666667,-64.05
AQPRO,AQ,PRO,Progress,Progress,,-69.4,76.38333333333334
AQROT,AQ,ROT,Rothera,Rothera,,-67.56666666666666,-68.11666666666666
AQSGN,AQ,SGN,Signy,Signy,,-60.71666666666667,-45.6
AQSMT,AQ,SMT,San Martín,San Martin,,-68.11666666666666,-67.1
AQSYW,AQ,SYW,Syowa,Syowa,,-69.0,39.583333333333336
AQVKY,AQ,VKY,Vernadsky,Vernadsky,,-65.23333333333333,-64.25
AQWSA,AQ,WSA,Wasa,Wasa,,-73.05,-13.416666666666666
AQZGN,AQ,ZGN,Zhongshan,Zhongshan,,-69.36666666666666,76.38333333333334
ARACF,AR,ACF,Arrecifes,Arrecifes,B,-34.083333333333336,-60.11666666666667
ARASO,AR,ASO,Arroyo Seco,Arroyo Seco,,-33.13333333333333,-60.43333333333333
ARBHI,AR,BHI,Bahía Blanca,Bahia Blanca,B,-38.71666666666667,-62.28333333333333
ARBUE,AR,BUE,Buenos Aires,Buenos Aires,C,-34.583333333333336,-58.666666666666664
ARBUI,AR,BUI,Ingeniero Buitrago,Ingeniero Buitrago,B,-33.35,-60.13333333333333
ARBVC,AR,BVC,Bella Vista,Bella Vista,W,-28.5,-59.05
ARCBS,AR,CBS,Chimbas,Chimbas,J,-31.483333333333334,-68.53333333333333
ARCDL,AR,CDL,Candelaria,Candelaria,N,-27.45,-55.75
ARCHO,AR,CHO,Chilecito,Chilecito,F,-29.166666666666668,-67.5
ARCLC,AR,CLC,Caleta Córdoba,Caleta Cordoba,X,-45.733333333333334,-67.06666666666666
ARCMP,AR,CMP,Campana,Campana,B,-34.15,-58.95
ARCOL,AR,COL,Colón,Colon,E,-32.21666666666667,-58.13333333333333
ARCOU,AR,COU,Concepción del Uruguay,Concepcion del Uruguay,E,-32.483333333333334,-58.233333333333334
ARCSA,AR,CSA,Cabo San Antonio,Cabo San Antonio,,-36.03333333333333,-56.56666666666667
ARDGU,AR,DGU,Del Guazu,Del Guazu,E,-33.9,-58.86666666666667
ARDME,AR,DME,Diamante,Diamante,R,-32.06666666666667,-60.65
ARDSU,AR,DSU,Dock Sur,Dock Sur,B,-34.65,-58.333333333333336
ARGEO,AR,GEO,Agrelo,Agrelo,M,-33.11666666666667,-68.88333333333334
ARGHU,AR,GHU,Gualeguaychú,Gualeguaychu,E,-33.016666666666666,-58.516666666666666
ARIBY,AR,IBY,Ibicuy,Ibicuy,E,-33.733333333333334,-59.166666666666664
ARINW,AR,INW,Ingeniero White/Bahia Blanca,Ingeniero White/Bahia Blanca,B,-38.78333333333333,-62.266666666666666
ARIQO,AR,IQO,Coquimbito,Coquimbito,M,-32.96666666666667,-68.75
ARLAV,AR,LAV,Lavalle,Lavalle,K,-28.2,-65.13333333333334
ARLCU,AR,LCU,Lujan de Cuyo,Lujan de Cuyo,M,-33.05,-68.86666666666666
ARLPG,AR,LPG,La Plata,La Plata,B,-34.85,-57.88333333333333
ARLPM,AR,LPM,La Paz,La Paz,M,-33.46666666666667,-67.55
ARLPS,AR,LPS,Las Palmas,Las Palmas,B,-34.016666666666666,-59.11666666666667
ARLUJ,AR,LUJ,Luján,Lujan,B,-34.56666666666667,-59.1
ARLZG,AR,LZG,Luzuriaga,Luzuriaga,M,-32.95,-68.81666666666666
ARMDQ,AR,MDQ,Mar del Plata,Mar del Plata,B,-38.05,-57.53333333333333
ARNOS,AR,NOS,Molinos,Molinos,,-25.416666666666668,-66.31666666666666
AROVI,AR,OVI,Olavarría,Olavarria,B,-36.88333333333333,-60.333333333333336
AROYO,AR,OYO,Tres Arroyos,Tres Arroyos,B,-38.38333333333333,-60.28333333333333
ARPAL,AR,PAL,Puerto Alumbrera,Puerto Alumbrera,S,-32.65,-60.75
ARPCO,AR,PCO,Punta Colorada,Punta Colorada,R,-41.7,-65.0
ARPEL,AR,PEL,Puerto Eldorado,Puerto Eldorado,N,-26.35,-54.68333333333333
ARPLA,AR,PLA,Puerto Lavalle,Puerto Lavalle,W,-29.016666666666666,-59.18333333333333
ARPME,AR,PME,Punta Medanos,Punta Medanos,B,-36.833333333333336,-56.666666666666664
ARPMY,AR,PMY,Puerto Madryn,Puerto Madryn,U,-42.75,-65.03333333333333
ARPP9,AR,PP9,Pablo Podestá,Pablo Podesta,B,-34.6,-58.516666666666666
ARPRA,AR,PRA,Paraná,Parana,E,-31.733333333333334,-60.53333333333333
ARPRS,AR,PRS,Puerto Rosales/Bahia Blanca,Puerto Rosales/Bahia Blanca,B,-38.93333333333333,-62.06666666666667
ARPUD,AR,PUD,Puerto Deseado,Puerto Deseado,Z,-47.75,-65.9
ARPWA,AR,PWA,Puerto Wanda,Puerto Wanda,N,-25.966666666666665,-54.6
ARQBR,AR,QBR,Quebracho/San Lorenzo,Quebracho/San Lorenzo,S,-32.65,-60.71666666666667
ARQQN,AR,QQN,Quequén,Quequen,B,-38.53333333333333,-58.7
ARRFO,AR,RFO,Rosario de la Frontera,Rosario de la Frontera,A,-25.8,-64.96666666666667
ARRGA,AR,RGA,Río Grande,Rio Grande,V,-53.78333333333333,-67.7
ARRGL,AR,RGL,Río Gallegos,Rio Gallegos,Z,-51.63333333333333,-69.21666666666667
ARRIC,AR,RIC,Rio Cullen,Rio Cullen,,-52.8,-68.18333333333334
ARRIV,AR,RIV,Rivadavia,Rivadavia,M,-33.18333333333333,-68.46666666666667
ARROC,AR,ROC,Puerto Ingeniero M. Rocca,Puerto Ingeniero M. Rocca,B,-34.85,-57.93333333333333
ARROS,AR,ROS,Rosario,Rosario,S,-32.95,-60.65
ARRSF,AR,RSF,Resinfor,Resinfor,S,-32.65,-60.733333333333334
ARRWO,AR,RWO,Rawson,Rawson,U,-43.3,-65.1
ARRZA,AR,RZA,Santa Cruz,Santa Cruz,Z,-50.016666666666666,-68.41666666666667
ARSAE,AR,SAE,San Antonio Este,San Antonio Este,R,-40.8,-64.73333333333333
ARSAN,AR,SAN,Santa Ana,Santa Ana,N,-27.333333333333332,-55.583333333333336
ARSCA,AR,SCA,San Carlos,San Carlos,M,-33.766666666666666,-69.03333333333333
ARSFN,AR,SFN,Santa Fe,Santa Fe,S,-31.6,-60.68333333333333
ARSIG,AR,SIG,San Ignacio,San Ignacio,N,-27.266666666666666,-55.56666666666667
ARSMA,AR,SMA,San Martin,San Martin,S,-32.71666666666667,-60.733333333333334
ARSMR,AR,SMR,San Martin,San Martin,M,-33.06666666666667,-68.46666666666667
ARSNS,AR,SNS,San Nicolás de los Arroyos,San Nicolas de los Arroyos,B,-33.333333333333336,-60.233333333333334
ARSPD,AR,SPD,San Pedro,San Pedro,E,-33.68333333333333,-59.166666666666664
ARSSJ,AR,SSJ,San Salvador de Jujuy,San Salvador de Jujuy,Y,-24.183333333333334,-65.3
ARSSN,AR,SSN,San Sebastián,San Sebastian,V,-53.3,-68.46666666666667
ARSTA,AR,STA,Santa Rosa,Santa Rosa,M,-33.25,-68.15
ARTIM,AR,TIM,Timbúes,Timbues,S,-32.63333333333333,-60.78333333333333
ARTUC,AR,TUC,Tucumán,Tucuman,T,-26.816666666666666,-65.21666666666667
ARTUN,AR,TUN,Tunuyan,Tunuyan,M,-33.56666666666667,-69.01666666666667
ARULA,AR,ULA,San Julian,San Julian,Z,-49.3,-67.71666666666667
ARURD,AR,URD,Urdurrain,Urdurrain,,-32.68333333333333,-58.88333333333333
ARUSH,AR,USH,Ushuaia,Ushuaia,V,-54.8,-68.3
ARVCN,AR,VCN,Villa Constitución,Villa Constitucion,S,-33.233333333333334,-60.333333333333336
ARVHE,AR,VHE,Villa Hernandarias,Villa Hernandarias,E,-31.233333333333334,-59.983333333333334
ARVLO,AR,VLO,Vicente López,Vicente Lopez,B,-34.516666666666666,-58.483333333333334
ARZAE,AR,ZAE,Zárate,Zarate,B,-34.1,-59.03333333333333
ASPPG,AS,PPG,Pago Pago,Pago Pago,,14.266666666666667,-170.7
AT7PZ,AT,7PZ,Prinzersdorf,Prinzersdorf,3,48.2,15.516666666666667
ATATK,AT,ATK,Paternion,Paternion,2,46.7,13.633333333333333
ATATN,AT,ATN,Asten,Asten,4,48.21666666666667,14.4
ATAWH,AT,AWH,Altenwörth,Altenworth,3,48.38333333333333,15.85
ATBFS,AT,BFS,Bischofshofen,Bischofshofen,5,47.416666666666664,13.216666666666667
ATBNN,AT,BNN,Hobersbrunn,Hobersbrunn,3,48.5,16.566666666666666
ATBOE,AT,BOE,Böhlerwenk,Bohlerwenk,3,47.983333333333334,14.75
ATBRI,AT,BRI,Engabrunn,Engabrunn,,48.45,15.75
ATBRZ,AT,BRZ,Bregenz,Bregenz,8,47.5,9.766666666666667
ATDFC,AT,DFC,Engerwitzdorf,Engerwitzdorf,4,48.35,14.45
ATDKZ,AT,DKZ,Deutschkreutz,Deutschkreutz,1,47.6,16.633333333333333
ATDOF,AT,DOF,Hadersdorf,Hadersdorf,3,48.45,15.716666666666667
ATDRA,AT,DRA,Drasenhofen,Drasenhofen,3,48.75,-16.65
ATDRO,AT,DRO,Dross,Dross,3,48.45,15.566666666666666
ATDUE,AT,DUE,Dürnstein,Durnstein,,48.38333333333333,15.516666666666667
ATDWA,AT,DWA,Deutsch Wagram,Deutsch Wagram,,48.3,16.566666666666666
ATEBR,AT,EBR,Ebreichsdorf,Ebreichsdorf,3,47.95,16.4
ATEIN,AT,EIN,Hoflein,Hoflein,3,48.06666666666667,16.783333333333335
ATEPD,AT,EPD,Erpersdorf,Erpersdorf,,48.333333333333336,15.9
ATERL,AT,ERL,Erl,Erl,,47.666666666666664,12.166666666666666
ATERM,AT,ERM,Vordernberg,Vordernberg,6,47.46666666666667,15.0
ATERO,AT,ERO,Engelmannsbrunn,Engelmannsbrunn,3,48.45,15.883333333333333
ATERR,AT,ERR,Dobermannsdorf,Dobermannsdorf,,48.6,16.816666666666666
ATETZ,AT,ETZ,Rietz,Rietz,7,47.28333333333333,11.05
ATEWD,AT,EWD,Eibiswald,Eibiswald,6,46.68333333333333,15.833333333333334
ATFBZ,AT,FBZ,Sankt Stefan ob Stainz,Sankt Stefan ob Stainz,6,46.916666666666664,15.25
ATFG7,AT,FG7,Achau,Achau,,48.666666666666664,-162.5
ATFHR,AT,FHR,Fehring,Fehring,,46.93333333333333,16.0
ATFNA,AT,FNA,Freudenau,Freudenau,9,48.18333333333333,16.433333333333334
ATFPS,AT,FPS,Fulpmes,Fulpmes,,47.15,11.35
ATFSU,AT,FSU,Faistenau,Faistenau,,47.766666666666666,13.216666666666667
ATGA6,AT,GA6,Gamlitz,Gamlitz,6,46.71666666666667,15.55
ATGDN,AT,GDN,Gmunden,Gmunden,,47.916666666666664,13.8
ATGFS,AT,GFS,Greifenstein,Greifenstein,3,48.333333333333336,16.233333333333334
ATGGU,AT,GGU,Oggau,Oggau,1,47.833333333333336,16.666666666666668
ATGHH,AT,GHH,Haugsdorf,Haugsdorf,3,48.7,16.066666666666666
ATGHJ,AT,GHJ,Krustetten,Krustetten,3,48.36666666666667,-154.0
ATGRN,AT,GRN,Grein,Grein,,48.21666666666667,14.833333333333334
ATGSN,AT,GSN,Gutenstein,Gutenstein,,47.86666666666667,15.883333333333333
ATHKM,AT,HKM,Hadersdorf-Kammern,Hadersdorf-Kammern,3,48.45,15.716666666666667
ATIEG,AT,IEG,Limberg,Limberg,3,48.583333333333336,15.866666666666667
ATITN,AT,ITN,Hausleiten,Hausleiten,3,48.38333333333333,16.1
ATJDD,AT,JDD,Judendorf,Judendorf,6,47.11666666666667,15.35
ATJPS,AT,JPS,Japons,Japons,3,48.78333333333333,15.566666666666666
ATKAM,AT,KAM,Kammern im Liesingtal,Kammern im Liesingtal,8,47.4,14.9
ATKFD,AT,KFD,Knittelfeld,Knittelfeld,,47.2,14.816666666666666
ATKMB,AT,KMB,Krummnussbaum,Krummnussbaum,,48.21666666666667,15.166666666666666
ATKTT,AT,KTT,Kematen in Tirol,Kematen in Tirol,,47.25,11.266666666666667
ATLKN,AT,LKN,Falkenstein,Falkenstein,3,48.71666666666667,13.583333333333334
ATLTS,AT,LTS,Leutschach,Leutschach,6,46.666666666666664,15.466666666666667
ATLTX,AT,LTX,Hainfeld,Hainfeld,3,48.03333333333333,15.766666666666667
ATLUA,AT,LUA,Lembach,Lembach,4,48.483333333333334,13.883333333333333
ATLZD,AT,LZD,Langenzersdorf,Langenzersdorf,3,48.3,16.35
ATMAB,AT,MAB,Marbach an der Donau,Marbach an der Donau,3,48.21666666666667,15.15
ATMAN,AT,MAN,Manning,Manning,4,48.083333333333336,13.666666666666666
ATMBS,AT,MBS,Morbisch am See,Morbisch am See,1,47.75,16.666666666666668
ATMKA,AT,MKA,Markt Allhau,Markt Allhau,1,47.233333333333334,16.083333333333332
ATMKC,AT,MKC,Mitterkirchen,Mitterkirchen,4,48.18333333333333,14.7
ATNAD,AT,NAD,Neuhofen an der Ybbs,Neuhofen an der Ybbs,3,48.05,14.85
ATND2,AT,ND2,Nickelsdorf,Nickelsdorf,1,47.93333333333333,17.066666666666666
ATNFN,AT,NFN,Neufelden,Neufelden,,48.483333333333334,13.983333333333333
ATNGG,AT,NGG,Neudegg,Neudegg,3,48.483333333333334,15.883333333333333
ATNNN,AT,NNN,Donnerskirchen,Donnerskirchen,1,47.9,16.633333333333333
ATNT9,AT,NT9,Muthmannsdorf,Muthmannsdorf,3,47.833333333333336,16.1
ATNUZ,AT,NUZ,Nüziders,Nuziders,,47.18333333333333,9.8
ATOSH,AT,OSH,Ottensheim,Ottensheim,4,48.333333333333336,14.183333333333334
ATPAS,AT,PAS,Podersdorf am See,Podersdorf am See,1,47.85,16.833333333333332
ATPBU,AT,PBU,Persenbeug,Persenbeug,3,48.18333333333333,15.066666666666666
ATPET,AT,PET,Petzenkirchen,Petzenkirchen,3,48.13333333333333,15.15
ATRAD,AT,RAD,Radstadt,Radstadt,,47.38333333333333,13.45
ATREG,AT,REG,Regau,Regau,4,48.083333333333336,14.133333333333333
ATRHN,AT,RHN,Ranshofen,Ranshofen,,48.233333333333334,13.0
ATRHR,AT,RHR,Rohrau,Rohrau,3,48.06666666666667,16.85
ATRRF,AT,RRF,Ruhrsdorf,Ruhrsdorf,3,48.4,15.5
ATSAG,AT,SAG,Schutzen am Gebirge,Schutzen am Gebirge,1,47.85,16.616666666666667
ATSAK,AT,SAK,Sankt Aegidi,Sankt Aegidi,4,48.483333333333334,13.75
ATSFT,AT,SFT,Senftenberg,Senftenberg,3,48.43333333333333,15.55
ATSGS,AT,SGS,Sankt Georgen bei Salzburg,Sankt Georgen bei Salzburg,,47.983333333333334,12.883333333333333
ATSK3,AT,SK3,Sankt Margrethen,Sankt Margrethen,2,46.63333333333333,14.383333333333333
ATSMK,AT,SMK,Schönau im Mühlkreis,Schonau im Muhlkreis,4,48.38333333333333,14.733333333333333
ATSMR,AT,SMR,Sankt Margarethen an der Raab,Sankt Margarethen an der Raab,6,47.05,15.75
ATSPG,AT,SPG,Spannberg,Spannberg,3,48.45,16.733333333333334
ATSPZ,AT,SPZ,Spitz,Spitz,,48.36666666666667,15.416666666666666
ATSSS,AT,SSS,Steinberg,Steinberg,1,47.483333333333334,16.483333333333334
ATST6,AT,ST6,Straden,Straden,6,46.8,15.866666666666667
ATSTD,AT,STD,Steeg,Steeg,,47.6,13.633333333333333
ATSUH,AT,SUH,Sankt Ulrich,Sankt Ulrich,3,48.6,16.766666666666666
ATSUS,AT,SUS,Steinhaus,Steinhaus,4,48.11666666666667,14.016666666666667
ATSVM,AT,SVM,Sankt Veit im Mühlkreis,Sankt Veit im Muhlkreis,4,48.46666666666667,14.15
ATSWH,AT,SWH,Gross-Schweinbarth,Gross-Schweinbarth,3,48.4,16.616666666666667
ATSXA,AT,SXA,Bernhardsthal,Bernhardsthal,3,48.68333333333333,16.866666666666667
ATTAM,AT,TAM,Tamsweg,Tamsweg,5,47.13333333333333,13.8
ATTEN,AT,TEN,Hausmannstatten,Hausmannstatten,6,46.983333333333334,15.5
ATTFS,AT,TFS,Terfens,Terfens,7,47.31666666666667,11.65
ATTHS,AT,THS,Theiss,Theiss,3,48.38333333333333,15.683333333333334
ATTKP,AT,TKP,Taufkirchen an der Pram,Taufkirchen an der Pram,,48.416666666666664,13.533333333333333
ATTMR,AT,TMR,Traismauer,Traismauer,,48.333333333333336,15.733333333333333
ATTTL,AT,TTL,Schrattenthal,Schrattenthal,3,48.7,15.9
ATVEL,AT,VEL,Velden,Velden,2,46.61666666666667,14.05
ATWDF,AT,WDF,Weitendorf,Weitendorf,6,46.88333333333333,15.466666666666667
ATWEU,AT,WEU,Weinburg,Weinburg,3,48.1,15.516666666666667
ATWSE,AT,WSE,Wallsee,Wallsee,3,48.166666666666664,14.716666666666667
ATWUL,AT,WUL,Wulkaprodersdorf,Wulkaprodersdorf,1,47.8,16.5
ATXAE,AT,XAE,Oehling,Oehling,3,48.1,14.8
ATZIN,AT,ZIN,Inzersdorf an der Traisen,Inzersdorf an der Traisen,3,48.31666666666667,15.666666666666666
ATZLF,AT,ZLF,Jetzelsdorf,Jetzelsdorf,3,48.7,16.05
ATZNG,AT,ZNG,Zobing,Zobing,3,48.483333333333334,15.683333333333334
ATZRF,AT,ZRF,Ketzelsdorf,Ketzelsdorf,3,48.65,16.65
AU5CI,AU,5CI,Selby,Selby,VIC,-37.916666666666664,145.38333333333333
AUABP,AU,ABP,Abbot Point,Abbot Point,QLD,-19.9,148.08333333333334
AUADL,AU,ADL,Adelaide,Adelaide,SA,-34.916666666666664,138.58333333333334
AUAGS,AU,AGS,Augusta,Augusta,WA,-34.31666666666667,115.16666666666667
AUALD,AU,ALD,Aldgate,Aldgate,SA,-35.016666666666666,138.73333333333332
AUALI,AU,ALI,Australind,Australind,WA,-33.28333333333333,115.71666666666667
AUALP,AU,ALP,Abell Point,Abell Point,QLD,-20.266666666666666,148.71666666666667
AUAMR,AU,AMR,Amrun,Amrun,QLD,-12.916666666666666,141.61666666666667
AUANN,AU,ANN,Annandale,Annandale,NSW,-33.88333333333333,151.16666666666666
AUAPP,AU,APP,Applecross,Applecross,WA,-32.016666666666666,115.83333333333333
AUASB,AU,ASB,Ashburton,Ashburton,WA,-21.683333333333334,115.0
AUASH,AU,ASH,Ashton,Ashton,SA,-34.93333333333333,138.73333333333332
AUATT,AU,ATT,Attadale,Attadale,WA,-32.016666666666666,115.78333333333333
AUBAA,AU,BAA,Balhannah,Balhannah,SA,-34.983333333333334,138.83333333333334
AUBAE,AU,BAE,Baerami,Baerami,NSW,-32.4,150.48333333333332
AUBAL,AU,BAL,Balnarring,Balnarring,VIC,-38.36666666666667,145.13333333333333
AUBAR,AU,BAR,Barry Beach,Barry Beach,VIC,-38.7,146.38333333333333
AUBBG,AU,BBG,Bing Bong,Bing Bong,NT,-15.6,136.35
AUBBL,AU,BBL,Beelbangera,Beelbangera,NSW,-34.266666666666666,146.1
AUBBY,AU,BBY,Bremer Bay,Bremer Bay,WA,-34.38333333333333,119.36666666666666
AUBDY,AU,BDY,Bomaderry,Bomaderry,NSW,-34.85,150.61666666666667
AUBE9,AU,BE9,Belrose,Belrose,NSW,-33.733333333333334,151.21666666666667
AUBFD,AU,BFD,Beresfield,Beresfield,NSW,-32.8,151.65
AUBIC,AU,BIC,Bicheno,Bicheno,TAS,-41.86666666666667,148.28333333333333
AUBKE,AU,BKE,Berkeley Vale,Berkeley Vale,NSW,-33.35,151.43333333333334
AUBLP,AU,BLP,Black Point,Black Point,NT,-11.15,132.15
AUBNE,AU,BNE,Brisbane,Brisbane,QLD,-27.466666666666665,153.01666666666668
AUBNN,AU,BNN,Bannockburn,Bannockburn,VIC,-38.05,144.16666666666666
AUBNY,AU,BNY,Blayney,Blayney,NSW,-33.53333333333333,149.25
AUBOB,AU,BOB,Bobin,Bobin,NSW,-31.716666666666665,152.28333333333333
AUBOD,AU,BOD,Boondall,Boondall,QLD,-27.333333333333332,153.05
AUBOL,AU,BOL,Bridgewater-on-Loddon,Bridgewater-on-Loddon,VIC,-36.6,143.95
AUBOO,AU,BOO,Booby Island,Booby Island,QLD,-10.6,141.91666666666666
AUBOT,AU,BOT,Boort,Boort,VIC,-36.11666666666667,143.71666666666667
AUBOU,AU,BOU,Boundary Bend,Boundary Bend,NSW,-34.7,143.15
AUBOV,AU,BOV,Blacktip Terminal,Blacktip Terminal,NT,-14.4,129.35
AUBOY,AU,BOY,Boyer,Boyer,TAS,-42.833333333333336,147.3
AUBPO,AU,BPO,Bridport,Bridport,TAS,-41.0,147.4
AUBRR,AU,BRR,Berrys Creek,Berrys Creek,VIC,-38.416666666666664,146.06666666666666
AUBSA,AU,BSA,Brighton-Le-Sands,Brighton-Le-Sands,NSW,-33.95,151.15
AUBUC,AU,BUC,Burketown,Burketown,QLD,-17.733333333333334,139.53333333333333
AUBUL,AU,BUL,Bulli,Bulli,NSW,-34.3,150.91666666666666
AUBVD,AU,BVD,Belvidere,Belvidere,SA,-35.3,138.93333333333334
AUBWI,AU,BWI,Bulwer,Bulwer,QLD,-27.066666666666666,153.36666666666667
AUBYY,AU,BYY,Bushy Park,Bushy Park,VIC,-37.86666666666667,147.03333333333333
AUC8R,AU,C8R,Cromer,Cromer,SA,-34.766666666666666,139.0
AUCAP,AU,CAP,Capalaba,Capalaba,QLD,-27.516666666666666,153.18333333333334
AUCAR,AU,CAR,Carina Heights,Carina Heights,QLD,-27.5,153.08333333333334
AUCBA,AU,CBA,Corio Bay,Corio Bay,VIC,-38.11666666666667,144.43333333333334
AUCBO,AU,CBO,Carboor,Carboor,VIC,-36.63333333333333,146.55
AUCDN,AU,CDN,Clarendon,Clarendon,SA,-35.11666666666667,138.63333333333333
AUCHE,AU,CHE,Chermside,Chermside,QLD,-27.383333333333333,153.16666666666666
AUCHV,AU,CHV,Challis Venture (oil terminal),Challis Venture (oil terminal),NT,-12.116666666666667,125.01666666666667
AUCLF,AU,CLF,Carlingford,Carlingford,NSW,-33.78333333333333,151.05
AUCLM,AU,CLM,Claremont,Claremont,WA,-31.983333333333334,115.78333333333333
AUCMB,AU,CMB,Cambridge,Cambridge,TAS,-42.833333333333336,147.45
AUCMO,AU,CMO,Como,Como,NSW,-34.0,151.06666666666666
AUCMP,AU,CMP,Camperdown,Camperdown,NSW,-33.88333333333333,151.16666666666666
AUCN6,AU,CN6,Chinderah,Chinderah,NSW,-28.233333333333334,153.55
AUCNW,AU,CNW,Coonawarra,Coonawarra,SA,-37.3,140.81666666666666
AUCOO,AU,COO,Coomera,Coomera,QLD,-27.883333333333333,153.3
AUCOP,AU,COP,Cossack Pioneer (oil terminal),Cossack Pioneer (oil terminal),WA,-19.583333333333332,116.45
AUCOU,AU,COU,Coolum,Coolum,QLD,-26.55,153.08333333333334
AUCOW,AU,COW,Cowaramup,Cowaramup,,-33.86666666666667,115.08333333333333
AUCPR,AU,CPR,Coorparoo,Coorparoo,QLD,-27.5,153.05
AUCRF,AU,CRF,Crafers,Crafers,SA,-35.0,138.7
AUCRL,AU,CRL,Coral Bay,Coral Bay,WA,-23.133333333333333,113.76666666666667
AUCRS,AU,CRS,Coral Sea,Coral Sea,,-19.083333333333332,150.9
AUCRU,AU,CRU,Cronulla,Cronulla,NSW,-34.05,151.15
AUCRV,AU,CRV,Coromandel Valley,Coromandel Valley,SA,-35.05,138.61666666666667
AUCST,AU,CST,Coldstream,Coldstream,VIC,-37.71666666666667,145.36666666666667
AUCTE,AU,CTE,Cottesloe,Cottesloe,WA,-32.0,115.76666666666667
AUCTH,AU,CTH,Thevenard Island,Thevenard Island,WA,-21.45,114.98333333333333
AUCTI,AU,CTI,Cockatoo Island,Cockatoo Island,WA,-16.1,123.61666666666666
AUCTT,AU,CTT,Cottles Bridge,Cottles Bridge,VIC,-37.63333333333333,145.21666666666667
AUCUN,AU,CUN,Caufield North,Caufield North,VIC,-37.86666666666667,14.85
AUCVL,AU,CVL,Clovelly,Clovelly,NSW,-33.9,151.25
AUCVN,AU,CVN,Cleveland,Cleveland,QLD,-27.533333333333335,153.26666666666668
AUCVS,AU,CVS,Caversham,Caversham,WA,-31.883333333333333,115.96666666666667
AUDA5,AU,DA5,Twowells,Twowells,SA,-34.6,138.5
AUDAL,AU,DAL,Dalton,Dalton,NSW,-34.71666666666667,149.18333333333334
AUDAR,AU,DAR,Dardanup,Dardanup,WA,-33.4,115.75
AUDGA,AU,DGA,Tea Gardens,Tea Gardens,NSW,-32.666666666666664,152.15
AUDHI,AU,DHI,Dhipirrinjura,Dhipirrinjura,NT,-12.25,135.08333333333334
AUDIA,AU,DIA,Diamond Creek,Diamond Creek,VIC,-37.666666666666664,145.15
AUDIL,AU,DIL,Cowandilla,Cowandilla,SA,-34.916666666666664,138.55
AUDIT,AU,DIT,Dalrymple Islet,Dalrymple Islet,,-9.6,143.3
AUDLP,AU,DLP,Arndell Park,Arndell Park,NSW,-33.78333333333333,150.86666666666667
AUDON,AU,DON,Cape Don,Cape Don,NT,-11.316666666666666,131.75
AUDRW,AU,DRW,Darwin,Darwin,NT,-12.45,130.83333333333334
AUDRY,AU,DRY,Drysdale,Drysdale,VIC,-38.166666666666664,144.56666666666666
AUDSW,AU,DSW,Padstow,Padstow,NSW,-33.95,151.03333333333333
AUEDE,AU,EDE,Eden Valley,Eden Valley,SA,-34.65,139.1
AUELB,AU,ELB,Elizabeth Bay,Elizabeth Bay,NT,-11.9,136.55
AUELT,AU,ELT,Eltham,Eltham,VIC,-37.733333333333334,145.15
AUEVL,AU,EVL,Evans Landing,Evans Landing,QLD,-12.666666666666666,141.85
AUFIN,AU,FIN,Findon,Findon,SA,-34.9,138.53333333333333
AUFLD,AU,FLD,Frankland,Frankland,WA,-34.36666666666667,114.06666666666666
AUFLN,AU,FLN,Flynn,Flynn,VIC,-38.166666666666664,146.68333333333334
AUFRY,AU,FRY,Port Fairy,Port Fairy,VIC,-38.36666666666667,142.23333333333332
AUFWT,AU,FWT,Freshwater,Freshwater,NSW,-33.766666666666666,151.28333333333333
AUGBT,AU,GBT,Garbutt,Garbutt,QLD,-19.266666666666666,146.76666666666668
AUGEM,AU,GEM,Gembrook,Gembrook,VIC,-37.95,145.55
AUGOA,AU,GOA,Goolwa,Goolwa,SA,-35.5,138.78333333333333
AUGOH,AU,GOH,Gove Harbour,Gove Harbour,NT,-12.216666666666667,136.66666666666666
AUGOR,AU,GOR,Gordon,Gordon,VIC,-37.583333333333336,144.1
AUGRB,AU,GRB,Gravelly Beach,Gravelly Beach,TAS,-41.3,146.96666666666667
AUGRK,AU,GRK,Greenock,Greenock,SA,-34.46666666666667,138.91666666666666
AUGRU,AU,GRU,Gruyere,Gruyere,VIC,-37.733333333333334,145.45
AUGRV,AU,GRV,Griffin Venture (oil terminal),Griffin Venture (oil terminal),WA,-21.216666666666665,114.63333333333334
AUGTW,AU,GTW,Great Western,Great Western,VIC,-37.15,142.85
AUGUM,AU,GUM,Gumeracha,Gumeracha,SA,-34.833333333333336,138.88333333333333
AUGUR,AU,GUR,The Gurdies,The Gurdies,VIC,-38.36666666666667,145.55
AUHAH,AU,HAH,Hahndorf,Hahndorf,SA,-35.03333333333333,138.8
AUHAM,AU,HAM,Hampton,Hampton,VIC,-38.333333333333336,145.25
AUHAS,AU,HAS,Hastings,Hastings,VIC,-38.3,145.25
AUHBA,AU,HBA,Hobart,Hobart,TAS,-42.86666666666667,147.3
AUHBE,AU,HBE,Heatherbrae,Heatherbrae,NSW,-32.78333333333333,151.73333333333332
AUHDD,AU,HDD,Hoddles Creek,Hoddles Creek,VIC,-37.833333333333336,145.58333333333334
AUHFR,AU,HFR,Henderson,Henderson,WA,-32.166666666666664,115.76666666666667
AUHNK,AU,HNK,Hinchinbrook Island,Hinchinbrook Island,QLD,-18.383333333333333,146.28333333333333
AUHPP,AU,HPP,Happy Valley,Happy Valley,SA,-35.083333333333336,138.53333333333333
AUHTH,AU,HTH,Heathcote,Heathcote,VIC,-36.916666666666664,144.71666666666667
AUHTT,AU,HTT,Halletts Cove,Halletts Cove,SA,-35.06666666666667,138.5
AUHWD,AU,HWD,Hanwood,Hanwood,NSW,-34.333333333333336,146.03333333333333
AUIGF,AU,IGF,Ingle Farm,Ingle Farm,SA,-34.833333333333336,138.63333333333333
AUIRY,AU,IRY,Irymple,Irymple,VIC,-34.25,142.16666666666666
AUJML,AU,JML,Laurieton,Laurieton,NSW,-31.65,152.8
AUKAN,AU,KAN,Kangarilla,Kangarilla,SA,-35.15,138.65
AUKAY,AU,KAY,Kayena,Kayena,TAS,-41.18333333333333,146.88333333333333
AUKEI,AU,KEI,Keith,Keith,SA,-36.1,140.35
AUKJH,AU,KJH,Welland,Welland,SA,-34.9,138.53333333333333
AUKLL,AU,KLL,Maryknoll,Maryknoll,VIC,-38.916666666666664,145.6
AUKNG,AU,KNG,Kensington Gardens,Kensington Gardens,,-35.53333333333333,139.1
AUKRB,AU,KRB,Karumba,Karumba,QLD,-17.483333333333334,140.83333333333334
AULAN,AU,LAN,Langarra,Langarra,NT,-12.083333333333334,135.35
AULEN,AU,LEN,Lakes Entrance,Lakes Entrance,VIC,-37.88333333333333,147.98333333333332
AULMQ,AU,LMQ,Lake Macquarie,Lake Macquarie,NSW,-33.06666666666667,151.6
AULOW,AU,LOW,Lisarow,Lisarow,NSW,-33.38333333333333,151.36666666666667
AULUB,AU,LUB,Lucky Bay,Lucky Bay,SA,-33.68333333333333,136.91666666666666
AULYD,AU,LYD,Lilydale,Lilydale,VIC,-37.75,145.36666666666667
AUMAR,AU,MAR,Marrickville,Marrickville,NSW,-33.916666666666664,151.16666666666666
AUMBY,AU,MBY,Maribyrnong,Maribyrnong,VIC,-37.78333333333333,144.88333333333333
AUMDC,AU,MDC,Mordialloc,Mordialloc,VIC,-38.016666666666666,145.08333333333334
AUMEL,AU,MEL,Melbourne,Melbourne,VIC,-37.81666666666667,144.96666666666667
AUMHW,AU,MHW,Mount Hawthorn,Mount Hawthorn,WA,-31.916666666666668,115.83333333333333
AUMID,AU,MID,Midland,Midland,WA,31.883333333333333,-115.98333333333333
AUMKY,AU,MKY,Mackay,Mackay,QLD,-21.15,149.2
AUMLI,AU,MLI,Melville Island,Melville Island,NT,-11.55,130.93333333333334
AUMLL,AU,MLL,Mooloolaba,Mooloolaba,QLD,-26.683333333333334,153.13333333333333
AUMOK,AU,MOK,Moorook,Moorook,SA,-34.28333333333333,140.35
AUMON,AU,MON,Montara Field,Montara Field,NT,-13.083333333333334,124.08333333333333
AUMOW,AU,MOW,Mowbray Heights,Mowbray Heights,TAS,-41.38333333333333,147.13333333333333
AUMQI,AU,MQI,Macquarie Island,Macquarie Island,TAS,-54.483333333333334,158.93333333333334
AUMRK,AU,MRK,Macquarie Park,Macquarie Park,NSW,-33.766666666666666,151.11666666666667
AUMWA,AU,MWA,Mulwala,Mulwala,NSW,-36.0,146.0
AUNB2,AU,NB2,North Bridge,North Bridge,NSW,-33.8,151.21666666666667
AUNEQ,AU,NEQ,Nericon,Nericon,NSW,-34.2,146.03333333333333
AUNGH,AU,NGH,Nganhurra,Nganhurra,WA,-21.483333333333334,114.0
AUNHU,AU,NHU,Nhulunbuy,Nhulunbuy,NT,-12.183333333333334,136.78333333333333
AUNIV,AU,NIV,Ningaloo Vision,Ningaloo Vision,,-21.4,114.08333333333333
AUNLK,AU,NLK,New Norfolk,New Norfolk,TAS,-42.78333333333333,147.06666666666666
AUNSB,AU,NSB,Broke,Broke,NSW,-32.75,151.1
AUOKF,AU,OKF,Oak Flats,Oak Flats,NSW,-34.55,150.81666666666666
AUONS,AU,ONS,Onslow,Onslow,WA,-21.65,115.1
AUP6D,AU,P6D,Aspendale,Aspendale,VIC,-38.03333333333333,145.1
AUPAG,AU,PAG,Paddington,Paddington,NSW,-33.88333333333333,151.21666666666667
AUPAL,AU,PAL,Palmerston,Palmerston,NT,-12.466666666666667,130.83333333333334
AUPBN,AU,PBN,Port of Brisbane,Port of Brisbane,QLD,-27.383333333333333,153.16666666666666
AUPDI,AU,PDI,Port Denison,Port Denison,WA,-29.266666666666666,114.93333333333334
AUPEN,AU,PEN,Pendle Hills,Pendle Hills,NSW,-33.8,150.95
AUPER,AU,PER,Perth,Perth,WA,-31.95,115.85
AUPHP,AU,PHP,Point Henry Pier/Melbourne,Point Henry Pier/Melbourne,VIC,-38.11666666666667,144.43333333333334
AUPHR,AU,PHR,Prahran,Prahran,VIC,-37.85,145.0
AUPIC,AU,PIC,Picton,Picton,NSW,-34.18333333333333,150.6
AUPIS,AU,PIS,Phillip Island,Phillip Island,VIC,-38.483333333333334,145.23333333333332
AUPKY,AU,PKY,Port Kenny,Port Kenny,SA,-33.166666666666664,134.68333333333334
AUPOR,AU,POR,Port Melbourne,Port Melbourne,VIC,-37.833333333333336,144.93333333333334
AUPTW,AU,PTW,Port Willunga,Port Willunga,SA,-35.266666666666666,138.45
AUPYE,AU,PYE,Pyrenees,Pyrenees,VIC,-37.083333333333336,143.48333333333332
AUPYR,AU,PYR,Pyrmont,Pyrmont,NSW,-33.86666666666667,151.18333333333334
AUPYT,AU,PYT,Pleystowe,Pleystowe,QLD,-21.15,149.01666666666668
AURAF,AU,RAF,Raffles Bay,Raffles Bay,NT,-11.266666666666667,132.38333333333333
AURDS,AU,RDS,Rhodes,Rhodes,NSW,-33.833333333333336,151.08333333333334
AUREV,AU,REV,Revesby,Revesby,NSW,-33.95,151.0
AURLL,AU,RLL,Reynella,Reynella,SA,-36.1,138.53333333333333
AURNB,AU,RNB,Rosslyn Bay,Rosslyn Bay,QLD,-23.166666666666668,150.78333333333333
AUROB,AU,ROB,Robe,Robe,SA,-37.18333333333333,139.75
AUROZ,AU,ROZ,Rozelle,Rozelle,NSW,-33.85,151.16666666666666
AURYP,AU,RYP,Rocky Point,Rocky Point,WA,-33.5,123.98333333333333
AUSBN,AU,SBN,South Brisbane,South Brisbane,QLD,-27.466666666666665,153.01666666666668
AUSCL,AU,SCL,Clare,Clare,SA,-33.833333333333336,138.6
AUSCY,AU,SCY,Scoresby,Scoresby,VIC,-37.9,145.21666666666667
AUSGT,AU,SGT,Sandgate,Sandgate,NSW,-32.86666666666667,151.7
AUSHC,AU,SHC,Crux,Crux,WA,-12.95,124.43333333333334
AUSKA,AU,SKA,Skardon River,Skardon River,QLD,-11.75,142.01666666666668
AUSMR,AU,SMR,Seventeen Mile Rocks/Brisbane,Seventeen Mile Rocks/Brisbane,QLD,-27.55,152.95
AUSOL,AU,SOL,Shea Oak Log,Shea Oak Log,SA,-34.516666666666666,138.81666666666666
AUSPO,AU,SPO,Spreyton,Spreyton,TAS,-41.21666666666667,146.35
AUSTR,AU,STR,South Trees,South Trees,QLD,-23.9,151.28333333333333
AUSUH,AU,SUH,Surry Hills,Surry Hills,NSW,-33.88333333333333,151.21666666666667
AUSYD,AU,SYD,Sydney,Sydney,NSW,-33.85,151.2
AUSYL,AU,SYL,Sylvania,Sylvania,NSW,-34.016666666666666,151.1
AUT3P,AU,T3P,Port Hacking,Port Hacking,NSW,-34.06666666666667,151.13333333333333
AUTHS,AU,THS,Tweed Heads South,Tweed Heads South,NSW,-28.2,153.53333333333333
AUTOL,AU,TOL,Toombul,Toombul,QLD,-27.4,153.05
AUTOR,AU,TOR,Toronto,Toronto,NSW,-33.0,151.6
AUTRD,AU,TRD,Tooradin,Tooradin,VIC,-38.21666666666667,145.38333333333333
AUTRI,AU,TRI,Troughton Island,Troughton Island,WA,-13.75,126.13333333333334
AUTTS,AU,TTS,Blackmans Bay,Blackmans Bay,TAS,-42.983333333333334,147.31666666666666
AUULA,AU,ULA,Ulladulla,Ulladulla,NSW,-35.35,150.41666666666666
AUUMB,AU,UMB,Umbakumba,Umbakumba,NT,-13.85,136.8
AUVGH,AU,VGH,Van Gogh Terminal,Van Gogh Terminal,,-21.4,114.08333333333333
AUVIC,AU,VIC,Newtown,Newtown,VIC,-37.7,143.65
AUWBT,AU,WBT,Woollybutt (Oil facility),Woollybutt (Oil facility),WA,-21.05,114.86666666666666
AUWHL,AU,WHL,Welshpool,Welshpool,VIC,-38.666666666666664,146.43333333333334
AUWIH,AU,WIH,Wingham,Wingham,NSW,-31.866666666666667,152.36666666666667
AUWNB,AU,WNB,Withnell Bay,Withnell Bay,WA,-20.583333333333332,116.78333333333333
AUWOO,AU,WOO,Woolloomooloo,Woolloomooloo,NSW,-33.86666666666667,151.21666666666667
AUWRB,AU,WRB,Werribee,Werribee,VIC,-37.9,144.65
AUWSI,AU,WSI,Whitsunday Island,Whitsunday Island,QLD,-20.25,149.01666666666668
AUWSN,AU,WSN,Warners Bay,Warners Bay,NSW,-32.96666666666667,151.65
AUWTN,AU,WTN,Webberton,Webberton,WA,-28.75,114.61666666666666
AUWTW,AU,WTW,Waterways,Waterways,VIC,-38.0,145.11666666666667
AUWWP,AU,WWP,Wentworth Point,Wentworth Point,NSW,-33.833333333333336,151.06666666666666
AUYRR,AU,YRR,Yarra Junction,Yarra Junction,VIC,-37.78333333333333,145.61666666666667
AWAUA,AW,AUA,Aruba,Aruba,,12.5,-69.96666666666667
AWBAR,AW,BAR,Barcadera,Barcadera,,12.483333333333333,-69.98333333333333
AWBUS,AW,BUS,Bushiribana,Bushiribana,,12.55,-69.96666666666667
AXMHQ,AX,MHQ,Maarianhamina (Mariehamn),Maarianhamina (Mariehamn),,60.1,19.95
AXMHQ,AX,MHQ,Mariehamn (Maarianhamina),Mariehamn (Maarianhamina),,60.1,19.95
AZALA,AZ,ALA,Alat,Alat,BA,39.95,49.4
AZKMZ,AZ,KMZ,Khachmaz,Khachmaz,XAC,41.983333333333334,47.583333333333336
AZQDG,AZ,QDG,Qaradag,Qaradag,,40.25,49.6
AZSHI,AZ,SHI,Shirvan,Shirvan,AGU,39.916666666666664,48.916666666666664
AZSUQ,AZ,SUQ,Sumqayit,Sumqayit,SM,40.583333333333336,49.666666666666664
BA4CA,BA,4CA,Cazin,Cazin,BIH,44.96666666666667,15.933333333333334
BADOJ,BA,DOJ,Domaljevac,Domaljevac,,45.05,18.566666666666666
BAFOJ,BA,FOJ,Fojnica,Fojnica,,43.95,17.9
BAJBA,BA,JBA,Jablanica,Jablanica,,43.65,17.75
BAMAG,BA,MAG,Maglaj,Maglaj,BIH,44.53333333333333,18.083333333333332
BANEM,BA,NEM,Neum,Neum,,42.916666666666664,17.616666666666667
BASMT,BA,SMT,Sanski Most,Sanski Most,,44.766666666666666,16.666666666666668
BAVGS,BA,VGS,Vogosca,Vogosca,,43.9,18.35
BAZNK,BA,ZNK,Zvornik,Zvornik,,44.38333333333333,19.1
BBSTM,BB,STM,Saint Michael,Saint Michael,08,13.116666666666667,-59.6
BDASJ,BD,ASJ,Ashuganj,Ashuganj,04,24.033333333333335,91.01666666666667
BDBNP,BD,BNP,Benapole,Benapole,,23.05,88.9
BDCGP,BD,CGP,Chattogram,Chattogram,10,22.333333333333332,91.83333333333333
BDMUN,BD,MUN,Munshiganj,Munshiganj,35,23.55,90.53333333333333
BDPAY,BD,PAY,Payra Port,Payra Port,06,21.933333333333334,90.26666666666667
BDPCR,BD,PCR,Panchashar,Panchashar,40,23.566666666666666,90.5
BDPGN,BD,PGN,Pangaon,Pangaon,13,23.65,90.45
BE7PD,BE,7PD,Athis,Athis,WHT,50.36666666666667,3.7666666666666666
BE9IR,BE,9IR,Eben-Emael,Eben-Emael,WLG,50.8,5.666666666666667
BEAAB,BE,AAB,Aalst,Aalst,VOV,50.93333333333333,4.033333333333333
BEAAL,BE,AAL,Aalter,Aalter,VOV,51.083333333333336,3.45
BEADK,BE,ADK,Adinkerke,Adinkerke,VWV,51.06666666666667,2.6
BEAEJ,BE,AEJ,Arendonk,Arendonk,VAN,51.31666666666667,5.083333333333333
BEAFN,BE,AFN,Afsnee,Afsnee,VOV,51.03333333333333,3.6666666666666665
BEAGT,BE,AGT,Argenteau,Argenteau,WLG,50.7,5.7
BEAHE,BE,AHE,Antheit,Antheit,WLG,50.55,5.216666666666667
BEAMY,BE,AMY,Amay,Amay,WLG,50.55,5.316666666666666
BEANB,BE,ANB,Angleur,Angleur,WLG,50.61666666666667,5.583333333333333
BEAND,BE,AND,Andenne,Andenne,WNA,50.483333333333334,5.1
BEANH,BE,ANH,Anhée,Anhee,WNA,50.31666666666667,4.883333333333333
BEANR,BE,ANR,Antwerpen,Antwerpen,VAN,51.21666666666667,4.416666666666667
BEAPL,BE,APL,Appels,Appels,VOV,51.03333333333333,4.066666666666666
BEAPS,BE,APS,Ampsin,Ampsin,WLG,50.53333333333333,5.283333333333333
BEAPT,BE,APT,Appelterre-Eichem,Appelterre-Eichem,VOV,50.81666666666667,3.966666666666667
BEASP,BE,ASP,Asper,Asper,VOV,50.916666666666664,3.65
BEASR,BE,ASR,Anseremme,Anseremme,WNA,50.25,4.9
BEAST,BE,AST,Astene,Astene,VOV,50.983333333333334,3.55
BEATH,BE,ATH,Ath,Ath,WHT,50.61666666666667,3.7666666666666666
BEATO,BE,ATO,Antoing,Antoing,WHT,50.56666666666667,3.45
BEAVE,BE,AVE,Annevoie,Annevoie,WNA,50.333333333333336,4.833333333333333
BEAVL,BE,AVL,Avelgem,Avelgem,VWV,50.766666666666666,3.4333333333333336
BEAVS,BE,AVS,Auvelais,Auvelais,WNA,50.45,4.616666666666667
BEBAI,BE,BAI,Baillonville,Baillonville,WAL,50.28333333333333,5.333333333333333
BEBAN,BE,BAN,Ben-Ahin,Ben-Ahin,WLG,50.516666666666666,5.166666666666667
BEBAT,BE,BAT,Battel,Battel,VAN,51.05,4.45
BEBAZ,BE,BAZ,Bazel,Bazel,VOV,51.15,4.3
BEBBG,BE,BBG,Blankenberge,Blankenberge,VWV,51.31666666666667,3.1333333333333333
BEBCM,BE,BCM,Berchem,Berchem,VOV,50.78333333333333,3.5
BEBCR,BE,BCR,Bellecourt,Bellecourt,WHT,50.483333333333334,4.25
BEBDU,BE,BDU,Baudour,Baudour,WHT,50.483333333333334,3.8166666666666664
BEBER,BE,BER,Beerse,Beerse,VAN,51.31666666666667,4.866666666666667
BEBGK,BE,BGK,Balgerhoek,Balgerhoek,VOV,51.2,3.5166666666666666
BEBGN,BE,BGN,Briegden,Briegden,VLI,50.86666666666667,5.616666666666667
BEBGS,BE,BGS,Brugge (Bruges),Brugge (Bruges),VWV,51.21666666666667,3.2333333333333334
BEBHE,BE,BHE,Boekhoute,Boekhoute,VOV,51.25,3.716666666666667
BEBHR,BE,BHR,Bléharies,Bleharies,WHT,50.516666666666666,3.4
BEBHU,BE,BHU,Buggenhout,Buggenhout,VOV,51.016666666666666,4.2
BEBLE,BE,BLE,Balen,Balen,VAN,51.166666666666664,5.15
BEBLO,BE,BLO,Beloeil,Beloeil,WHT,50.55,3.716666666666667
BEBLT,BE,BLT,Blaton,Blaton,WHT,50.5,3.65
BEBMB,BE,BMB,Boortmeerbeek,Boortmeerbeek,VBR,50.983333333333334,4.566666666666666
BEBNU,BE,BNU,Berneau,Berneau,WLG,50.75,5.733333333333333
BEBO2,BE,BO2,Bougnies,Bougnies,WHT,50.38333333333333,3.9333333333333336
BEBOA,BE,BOA,Bas-Oha,Bas-Oha,WLG,50.516666666666666,5.183333333333334
BEBOC,BE,BOC,Bocholt,Bocholt,VLI,51.166666666666664,5.583333333333333
BEBOM,BE,BOM,Boom,Boom,VAN,51.083333333333336,4.366666666666666
BEBON,BE,BON,Bornem,Bornem,VAN,51.1,4.233333333333333
BEBOO,BE,BOO,Boorsem,Boorsem,VLI,50.93333333333333,5.716666666666667
BEBRE,BE,BRE,Bree,Bree,VLI,51.13333333333333,5.6
BEBRM,BE,BRM,Beernem,Beernem,VWV,51.15,3.3333333333333335
BEBRT,BE,BRT,Berendrecht,Berendrecht,VAN,51.333333333333336,4.316666666666666
BEBRU,BE,BRU,Bruxelles (Brussel),Bruxelles (Brussel),BRU,50.833333333333336,4.333333333333333
BEBRU,BE,BRU,Brussel (Bruxelles),Brussel (Bruxelles),BRU,50.833333333333336,4.333333333333333
BEBRY,BE,BRY,Bruyelle,Bruyelle,WHT,50.55,3.4166666666666665
BEBSE,BE,BSE,Bissegem,Bissegem,VWV,50.81666666666667,3.216666666666667
BEBSI,BE,BSI,Labuissière,Labuissiere,WHT,50.31666666666667,4.166666666666667
BEBSR,BE,BSR,Baasrode,Baasrode,VOV,51.03333333333333,4.166666666666667
BEBSU,BE,BSU,Bossuit,Bossuit,VWV,50.75,3.4
BEBTX,BE,BTX,Bertrix,Bertrix,WLX,49.85,5.25
BEBUD,BE,BUD,Burcht,Burcht,VAN,51.2,4.35
BEBVE,BE,BVE,Bever,Bever,VBR,50.71666666666667,3.9333333333333336
BEBVM,BE,BVM,Bouvignes-sur-Meuse,Bouvignes-sur-Meuse,WNA,50.266666666666666,4.9
BEBVO,BE,BVO,Beverlo,Beverlo,VLI,51.083333333333336,5.2
BEBWN,BE,BWN,Warneton,Warneton,WHT,50.75,2.95
BECBQ,BE,CBQ,Clabecq,Clabecq,WBR,50.68333333333333,4.216666666666667
BECCS,BE,CCS,Courcelles,Courcelles,WHT,50.46666666666667,4.366666666666666
BECLN,BE,CLN,Calonne,Calonne,WHT,50.56666666666667,3.4333333333333336
BECOM,BE,COM,Comines,Comines,WHT,50.766666666666666,2.9833333333333334
BECOU,BE,COU,Couillet,Couillet,WHT,50.38333333333333,4.45
BECRA,BE,CRA,Cheratte,Cheratte,WLG,50.68333333333333,5.666666666666667
BECRL,BE,CRL,Charleroi,Charleroi,WHT,50.416666666666664,4.433333333333334
BECRQ,BE,CRQ,Chercq,Chercq,WHT,50.583333333333336,3.4
BECTA,BE,CTA,Chertal,Chertal,WLG,50.68333333333333,5.666666666666667
BECTL,BE,CTL,Châtelineau,Chatelineau,WHT,50.416666666666664,4.516666666666667
BEDDR,BE,DDR,Dendermonde,Dendermonde,VOV,51.03333333333333,4.116666666666666
BEDEG,BE,DEG,Deurne,Deurne,VAN,51.21666666666667,4.466666666666667
BEDEL,BE,DEL,Doel,Doel,VOV,51.31666666666667,4.266666666666667
BEDEZ,BE,DEZ,Deinze,Deinze,VOV,50.983333333333334,3.533333333333333
BEDGN,BE,DGN,Drongen,Drongen,VOV,51.05,3.6666666666666665
BEDIA,BE,DIA,Dinant,Dinant,WNA,50.266666666666666,4.916666666666667
BEDIK,BE,DIK,Diksmuide,Diksmuide,VWV,51.03333333333333,2.8666666666666667
BEDKN,BE,DKN,Daknam,Daknam,VOV,51.13333333333333,3.9833333333333334
BEDLS,BE,DLS,Dilsen,Dilsen,VLI,51.03333333333333,5.733333333333333
BEDNB,BE,DNB,Denderbelle,Denderbelle,VOV,51.0,4.083333333333333
BEDPE,BE,DPE,De Pinte,De Pinte,VOV,51.0,3.65
BEDPK,BE,DPK,Diepenbeek,Diepenbeek,VLI,50.9,5.4
BEDPY,BE,DPY,Dampremy,Dampremy,WHT,50.416666666666664,4.4
BEDRW,BE,DRW,Denderleeuw,Denderleeuw,VOV,50.88333333333333,4.066666666666666
BEDSE,BE,DSE,Dessel,Dessel,VAN,51.233333333333334,5.116666666666666
BEDSL,BE,DSL,Desselgem,Desselgem,VWV,50.88333333333333,3.35
BEDUF,BE,DUF,Duffel,Duffel,VAN,51.1,4.516666666666667
BEDXN,BE,DXN,Deux-Acren,Deux-Acren,WHT,50.733333333333334,3.85
BEEAM,BE,EAM,Ename,Ename,VOV,50.85,3.6333333333333333
BEEBM,BE,EBM,Emblem,Emblem,VAN,51.166666666666664,4.6
BEEBZ,BE,EBZ,Eigenbilzen,Eigenbilzen,VLI,50.86666666666667,5.583333333333333
BEECH,BE,ECH,Mechelen,Mechelen,VAN,51.03333333333333,4.466666666666667
BEEEK,BE,EEK,Eeklo,Eeklo,VOV,51.18333333333333,3.5666666666666664
BEEET,BE,EET,Éthe,Ethe,WLX,49.583333333333336,5.583333333333333
BEEFS,BE,EFS,Escanaffles,Escanaffles,WHT,50.75,3.4333333333333336
BEEHT,BE,EHT,Eindhout,Eindhout,VAN,51.1,5.0
BEEIN,BE,EIN,Eine,Eine,VOV,50.86666666666667,3.6166666666666667
BEEKE,BE,EKE,Ekeren,Ekeren,VAN,51.28333333333333,4.416666666666667
BEEKS,BE,EKS,Eksaarde,Eksaarde,VOV,51.15,3.966666666666667
BEELS,BE,ELS,Melsen,Melsen,VOV,50.96666666666667,3.7
BEEMP,BE,EMP,Estaimpuis,Estaimpuis,WHT,50.7,3.25
BEENG,BE,ENG,Engis,Engis,WLG,50.583333333333336,5.416666666666667
BEEQE,BE,EQE,Eke,Eke,VOV,50.95,3.6333333333333333
BEEQM,BE,EQM,Esquelmes,Esquelmes,WHT,50.666666666666664,3.3333333333333335
BEERE,BE,ERE,Ertvelde,Ertvelde,VOV,51.18333333333333,3.75
BEESD,BE,ESD,Eisden,Eisden,VLI,50.983333333333334,5.716666666666667
BEEVM,BE,EVM,Evergem,Evergem,VOV,51.11666666666667,3.7
BEFCS,BE,FCS,Farciennes,Farciennes,WHT,50.43333333333333,4.55
BEFEY,BE,FEY,Feluy,Feluy,WHT,50.56666666666667,4.25
BEFFX,BE,FFX,Floriffoux,Floriffoux,WNA,50.45,4.766666666666667
BEFLN,BE,FLN,Flône,Flone,WLG,50.56666666666667,5.333333333333333
BEFLO,BE,FLO,Floreffe,Floreffe,WNA,50.43333333333333,4.783333333333333
BEFMA,BE,FMA,Flémalle,Flemalle,WLG,50.6,5.466666666666667
BEFNR,BE,FNR,Franière,Franiere,WNA,50.43333333333333,4.733333333333333
BEFRM,BE,FRM,Fortem,Fortem,VWV,51.016666666666666,2.7333333333333334
BEFVT,BE,FVT,Fontaine-Valmont,Fontaine-Valmont,WHT,50.31666666666667,4.2
BEFWI,BE,FWI,Flawinne,Flawinne,WNA,50.46666666666667,4.8
BEGBB,BE,GBB,Grobbendonk,Grobbendonk,VAN,51.2,4.716666666666667
BEGBH,BE,GBH,Genenbos,Genenbos,VLI,51.016666666666666,5.233333333333333
BEGBU,BE,GBU,Gentbrugge,Gentbrugge,VOV,51.05,3.75
BEGDE,BE,GDE,Godsheide,Godsheide,VLI,50.93333333333333,5.383333333333334
BEGDN,BE,GDN,Godinne,Godinne,WNA,50.35,4.866666666666667
BEGEA,BE,GEA,Geraardsbergen,Geraardsbergen,VOV,50.766666666666666,3.8666666666666667
BEGEL,BE,GEL,Geel,Geel,VAN,51.166666666666664,5.0
BEGGM,BE,GGM,Grembergen,Grembergen,VOV,51.05,4.1
BEGHI,BE,GHI,Saint-Ghislain,Saint-Ghislain,WHT,50.45,3.8166666666666664
BEGHL,BE,GHL,Ghlin,Ghlin,WHT,50.46666666666667,3.8833333333333333
BEGLK,BE,GLK,Gellik,Gellik,VLI,50.88333333333333,5.6
BEGNE,BE,GNE,Gent (Ghent),Gent (Ghent),VOV,51.05,3.716666666666667
BEGNK,BE,GNK,Genk,Genk,VLI,50.96666666666667,5.5
BEGOS,BE,GOS,Gosselies,Gosselies,WHT,50.46666666666667,4.416666666666667
BEGRB,BE,GRB,Grimbergen,Grimbergen,VBR,50.93333333333333,4.383333333333334
BEGRO,BE,GRO,Groot Bijgaarden,Groot Bijgaarden,BRU,50.86666666666667,4.266666666666667
BEGVR,BE,GVR,Gavere,Gavere,VOV,50.93333333333333,3.6666666666666665
BEHAM,BE,HAM,Hamsehoeven,Hamsehoeven,VLI,51.11666666666667,5.183333333333334
BEHAR,BE,HAR,Haren,Haren,VBR,50.88333333333333,4.416666666666667
BEHBE,BE,HBE,Hansbeke,Hansbeke,VOV,51.06666666666667,3.533333333333333
BEHBN,BE,HBN,Hoboken,Hoboken,VAN,51.166666666666664,4.35
BEHCS,BE,HCS,Harchies,Harchies,WHT,50.483333333333334,3.6833333333333336
BEHCT,BE,HCT,Haccourt,Haccourt,WLG,50.733333333333334,5.666666666666667
BEHDK,BE,HDK,Heindonk,Heindonk,VAN,51.06666666666667,4.4
BEHEE,BE,HEE,Heer,Heer,WNA,50.166666666666664,4.833333333333333
BEHEJ,BE,HEJ,Harelbeke,Harelbeke,VWV,50.85,3.3
BEHER,BE,HER,Herentals,Herentals,VAN,51.18333333333333,4.833333333333333
BEHET,BE,HET,Herent,Herent,VLI,51.2,5.45
BEHEX,BE,HEX,Hemiksem,Hemiksem,VAN,51.15,4.35
BEHFB,BE,HFB,Halle,Halle,VBR,50.733333333333334,4.233333333333333
BEHGA,BE,HGA,Houdeng-Aimeries,Houdeng-Aimeries,WHT,50.483333333333334,4.133333333333334
BEHGG,BE,HGG,Houdeng-Goegnies,Houdeng-Goegnies,WHT,50.483333333333334,4.15
BEHKN,BE,HKN,Helkijn,Helkijn,VWV,50.733333333333334,3.3833333333333333
BEHLU,BE,HLU,Halluin,Halluin,VWV,50.78333333333333,3.1333333333333333
BEHMB,BE,HMB,Ham-sur-Sambre,Ham-sur-Sambre,WNA,50.43333333333333,4.666666666666667
BEHMH,BE,HMH,Hermalle-sous-Huy,Hermalle-sous-Huy,WLG,50.55,5.366666666666666
BEHMM,BE,HMM,Hamme,Hamme,VOV,51.083333333333336,3.533333333333333
BEHNA,BE,HNA,Handzame,Handzame,VWV,51.016666666666666,3.0
BEHNS,BE,HNS,Hensies,Hensies,WHT,50.43333333333333,3.6666666666666665
BEHOL,BE,HOL,Hollain,Hollain,WHT,50.53333333333333,3.4166666666666665
BEHPD,BE,HPD,Hastière-par-delà,Hastiere-par-dela,WNA,50.21666666666667,4.833333333333333
BEHRE,BE,HRE,Havré,Havre,WHT,50.46666666666667,4.033333333333333
BEHRP,BE,HRP,Hourpes,Hourpes,WHT,50.36666666666667,4.283333333333333
BEHRS,BE,HRS,Herstal,Herstal,WLG,50.666666666666664,5.633333333333333
BEHSD,BE,HSD,Hofstade,Hofstade,VOV,50.96666666666667,4.033333333333333
BEHSL,BE,HSL,Sint-Huibrechts-Lille,Sint-Huibrechts-Lille,VLI,51.21666666666667,5.483333333333333
BEHSS,BE,HSS,Hasselt,Hasselt,VLI,50.93333333333333,5.333333333333333
BEHTJ,BE,HTJ,Hautrage,Hautrage,WHT,50.483333333333334,3.75
BEHTM,BE,HTM,Hermeton-sur-Meuse,Hermeton-sur-Meuse,WNA,50.2,4.816666666666666
BEHUM,BE,HUM,Humbeek,Humbeek,VBR,50.96666666666667,4.383333333333334
BEHUX,BE,HUX,Houx,Houx,WNA,50.3,4.9
BEHUY,BE,HUY,Huy,Huy,WLG,50.516666666666666,5.233333333333333
BEHVE,BE,HVE,Hever,Hever,VBR,51.0,4.55
BEHYB,BE,HYB,Herdersem,Herdersem,VOV,50.96666666666667,4.066666666666666
BEIGE,BE,IGE,Ingelmunster,Ingelmunster,VWV,50.916666666666664,3.25
BEISR,BE,ISR,Isières,Isieres,WHT,50.666666666666664,3.8166666666666664
BEITR,BE,ITR,Ittre (Itter),Ittre (Itter),WBR,50.65,4.266666666666667
BEITR,BE,ITR,Itter (Ittre),Itter (Ittre),WBR,50.65,4.266666666666667
BEIZG,BE,IZG,Izegem,Izegem,VWV,50.916666666666664,3.2
BEJAK,BE,JAK,Jupille-sur-Meuse,Jupille-sur-Meuse,WLG,50.65,5.633333333333333
BEJAM,BE,JAM,Jambes,Jambes,WNA,50.45,4.883333333333333
BEJAV,BE,JAV,Java,Java,WLG,50.516666666666666,5.15
BEJKP,BE,JKP,Sint-Jacobs-Kapelle,Sint-Jacobs-Kapelle,VWV,51.0,2.8166666666666664
BEJPS,BE,JPS,Jemeppe-sur-Sambre,Jemeppe-sur-Sambre,WNA,50.46666666666667,4.666666666666667
BEKAI,BE,KAI,Kain,Kain,WHT,50.63333333333333,3.3666666666666667
BEKAN,BE,KAN,Canne (Kanne),Canne (Kanne),VLI,50.81666666666667,5.666666666666667
BEKAN,BE,KAN,Kanne (Canne),Kanne (Canne),VLI,50.81666666666667,5.666666666666667
BEKCT,BE,KCT,Kachtem,Kachtem,VWV,50.93333333333333,3.183333333333333
BEKDE,BE,KDE,Kieldrecht,Kieldrecht,VOV,51.28333333333333,4.166666666666667
BEKEK,BE,KEK,Kruibeke,Kruibeke,VOV,51.166666666666664,4.316666666666666
BEKHN,BE,KHN,Kerkhove,Kerkhove,VWV,50.8,3.5
BEKJK,BE,KJK,Kortrijk,Kortrijk,VWV,50.833333333333336,3.2666666666666666
BEKLE,BE,KLE,Kaulille,Kaulille,VLI,51.18333333333333,5.516666666666667
BEKMH,BE,KMH,Kampenhout,Kampenhout,VBR,50.95,4.55
BEKNS,BE,KNS,Knesselaere,Knesselaere,VOV,51.13333333333333,3.4166666666666665
BEKOU,BE,KOU,Kallo,Kallo,VOV,51.25,4.283333333333333
BEKPB,BE,KPB,Kapelle-op-den-Bos,Kapelle-op-den-Bos,VBR,51.016666666666666,4.366666666666666
BEKRN,BE,KRN,Kuringen,Kuringen,VLI,50.95,5.3
BEKRO,BE,KRO,Kinrooi,Kinrooi,VLI,51.15,5.75
BEKSN,BE,KSN,Kessenich,Kessenich,VLI,51.15,5.816666666666666
BEKSR,BE,KSR,Kluisbergen,Kluisbergen,VOV,50.78333333333333,3.5166666666666666
BEKUU,BE,KUU,Kuurne,Kuurne,VWV,50.85,3.283333333333333
BEKVE,BE,KVE,Klein Veerle,Klein Veerle,VAN,51.333333333333336,4.666666666666667
BEKWA,BE,KWA,Kwaadmechelen,Kwaadmechelen,VLI,51.1,5.133333333333334
BELAN,BE,LAN,Lanaken,Lanaken,VLI,50.88333333333333,5.65
BELAW,BE,LAW,Lauwe,Lauwe,VWV,50.8,3.183333333333333
BELBE,BE,LBE,Lembeek,Lembeek,VBR,50.71666666666667,4.216666666666667
BELBS,BE,LBS,Lobbes,Lobbes,WHT,50.35,4.25
BELDS,BE,LDS,Landelies,Landelies,WHT,50.38333333333333,4.35
BELES,BE,LES,Lessines,Lessines,WHT,50.71666666666667,3.8333333333333335
BELEU,BE,LEU,Leuven,Leuven,VBR,50.88333333333333,4.7
BELFE,BE,LFE,Leffinge,Leffinge,VWV,51.166666666666664,2.8833333333333333
BELGB,BE,LGB,Langerbrugge,Langerbrugge,VOV,51.11666666666667,3.7333333333333334
BELGG,BE,LGG,Liège,Liege,WLG,50.63333333333333,5.566666666666666
BELGM,BE,LGM,Landegem,Landegem,VOV,51.05,3.5666666666666664
BELGO,BE,LGO,Langerlo,Langerlo,VLI,50.95,5.5
BELHK,BE,LHK,Liefkenshoek,Liefkenshoek,VOV,51.016666666666666,3.8833333333333333
BELIE,BE,LIE,Lier,Lier,VAN,51.13333333333333,4.566666666666666
BELIL,BE,LIL,Lillo,Lillo,VAN,51.3,4.3
BELIX,BE,LIX,Lixhe,Lixhe,WLG,50.75,5.666666666666667
BELML,BE,LML,Lommel,Lommel,VLI,51.233333333333334,5.3
BELNK,BE,LNK,Lanklaar,Lanklaar,VLI,51.016666666666666,5.716666666666667
BELNY,BE,LNY,Ternaaien (Lanaye),Ternaaien (Lanaye),WLG,50.78333333333333,5.683333333333334
BELNY,BE,LNY,Lanaye (Ternaaien),Lanaye (Ternaaien),WLG,50.78333333333333,5.683333333333334
BELOK,BE,LOK,Lokeren,Lokeren,VOV,51.1,3.9833333333333334
BELOT,BE,LOT,Lot,Lot,VBR,50.766666666666666,4.266666666666667
BELOZ,BE,LOZ,Lozen,Lozen,VLI,51.2,5.566666666666666
BELPG,BE,LPG,Leopoldsburg,Leopoldsburg,VLI,51.11666666666667,5.25
BELPI,BE,LPI,Laplaigne,Laplaigne,WHT,50.516666666666666,3.4333333333333336
BELQA,BE,LQA,Lanquesaint,Lanquesaint,WHT,50.65,3.8
BELRG,BE,LRG,Ledeberg,Ledeberg,VOV,51.03333333333333,3.75
BELSG,BE,LSG,Lissewege,Lissewege,VWV,51.3,3.183333333333333
BELUI,BE,LUI,Lustin,Lustin,WNA,50.38333333333333,4.9
BELUM,BE,LUM,Lummen,Lummen,VLI,50.983333333333334,5.2
BELUZ,BE,LUZ,Ladeuze,Ladeuze,WHT,50.56666666666667,3.7666666666666666
BEMAN,BE,MAN,Manage,Manage,WHT,50.5,4.216666666666667
BEMAP,BE,MAP,Marchienne-au-Pont,Marchienne-au-Pont,WHT,50.4,4.383333333333334
BEMBY,BE,MBY,Maubray,Maubray,WHT,50.55,3.5
BEMEE,BE,MEE,Meer,Meer,VAN,51.45,4.733333333333333
BEMEG,BE,MEG,Meilegem,Meilegem,VOV,50.9,3.7
BEMEH,BE,MEH,Meerhout,Meerhout,VAN,51.13333333333333,5.083333333333333
BEMEL,BE,MEL,Melle,Melle,VOV,51.0,3.8
BEMEN,BE,MEN,Menen,Menen,VWV,50.8,3.1166666666666667
BEMEW,BE,MEW,Moerbeke-Waas,Moerbeke-Waas,VOV,51.166666666666664,3.9333333333333336
BEMFF,BE,MFF,Maffle,Maffle,WHT,50.61666666666667,3.8
BEMGM,BE,MGM,Meigem,Meigem,VOV,51.016666666666666,3.533333333333333
BEMGN,BE,MGN,Moignelée,Moignelee,WNA,50.45,4.583333333333333
BEMGS,BE,MGS,Montignies-sur-Sambre,Montignies-sur-Sambre,WHT,50.4,4.5
BEMHN,BE,MHN,Massenhoven,Massenhoven,VAN,51.2,4.616666666666667
BEMLD,BE,MLD,Marche-les-Dames,Marche-les-Dames,WNA,50.483333333333334,4.966666666666667
BEMLO,BE,MLO,Mol,Mol,VAN,51.18333333333333,5.1
BEMLY,BE,MLY,Marly,Marly,VBR,50.88333333333333,4.383333333333334
BEMMN,BE,MMN,Maasmechelen,Maasmechelen,VLI,50.81666666666667,5.666666666666667
BEMNO,BE,MNO,Moen,Moen,VWV,50.766666666666666,3.4
BEMQS,BE,MQS,Mons,Mons,WHT,50.45,3.9333333333333336
BEMRB,BE,MRB,Moerbrugge,Moerbrugge,VWV,51.166666666666664,3.2666666666666666
BEMRD,BE,MRD,Merendree,Merendree,VOV,51.083333333333336,3.5833333333333335
BEMRG,BE,MRG,Maurage,Maurage,WHT,50.45,4.083333333333333
BEMRK,BE,MRK,Merksem,Merksem,VAN,51.25,4.45
BEMRL,BE,MRL,Merelbeke,Merelbeke,VOV,51.0,3.75
BEMRM,BE,MRM,Merkem,Merkem,VWV,50.95,2.85
BEMRO,BE,MRO,Mornimont,Mornimont,WNA,50.45,4.7
BEMSI,BE,MSI,Monsin,Monsin,WLG,50.666666666666664,5.633333333333333
BEMSJ,BE,MSJ,Molenbeek-Saint-Jean (Sint-Jans-Molenbeek)/Brussel (Bruxelles),Molenbeek-Saint-Jean (Sint-Jans-Molenbeek)/Brussel (Bruxelles),BRU,50.85,4.316666666666666
BEMSJ,BE,MSJ,Sint-Jans-Molenbeek (Molenbeek-Saint-Jean)/Brussel (Bruxelles),Sint-Jans-Molenbeek (Molenbeek-Saint-Jean)/Brussel (Bruxelles),BRU,50.85,4.316666666666666
BEMSK,BE,MSK,Maaseik,Maaseik,VLI,51.1,5.8
BEMSP,BE,MSP,Mespelare,Mespelare,VOV,51.0,4.066666666666666
BEMSR,BE,MSR,Maisières,Maisieres,WHT,50.483333333333334,3.95
BEMSS,BE,MSS,Monceau-sur-Sambre,Monceau-sur-Sambre,WHT,50.416666666666664,4.366666666666666
BEMUI,BE,MUI,Muizen,Muizen,VAN,51.016666666666666,4.516666666666667
BEMZK,BE,MZK,Moerzeke,Moerzeke,VOV,51.06666666666667,4.15
BENAM,BE,NAM,Namur,Namur,WNA,50.46666666666667,4.866666666666667
BENBA,BE,NBA,Nimy,Nimy,WHT,50.46666666666667,3.95
BENFE,BE,NFE,Neffe,Neffe,WNA,50.233333333333334,4.916666666666667
BENHA,BE,NHA,Neerharen,Neerharen,VLI,50.916666666666664,5.683333333333334
BENHY,BE,NHY,Neuville-sous-Huy,Neuville-sous-Huy,WLG,50.53333333333333,5.283333333333333
BENIE,BE,NIE,Nieuwpoort,Nieuwpoort,VWV,51.13333333333333,2.75
BENIL,BE,NIL,Niel,Niel,VAN,51.11666666666667,4.333333333333333
BENMC,BE,NMC,Namêche,Nameche,WNA,50.46666666666667,5.0
BENNV,BE,NNV,Ninove,Ninove,VOV,50.833333333333336,4.016666666666667
BENRP,BE,NRP,Neerpelt,Neerpelt,VLI,51.21666666666667,5.416666666666667
BENRT,BE,NRT,Neeroeteren,Neeroeteren,VLI,51.083333333333336,5.7
BENRY,BE,NRY,Renory,Renory,WLG,50.6,5.55
BENVH,BE,NVH,Neder-Over-Heembeek,Neder-Over-Heembeek,VBR,50.9,4.383333333333334
BENVL,BE,NVL,Nevele,Nevele,VOV,51.03333333333333,3.55
BENVN,BE,NVN,Noeveren,Noeveren,VAN,51.1,4.35
BENYL,BE,NYL,Nijlen,Nijlen,VAN,51.166666666666664,4.65
BEOBG,BE,OBG,Oudenburg,Oudenburg,VWV,51.18333333333333,3.0
BEOBR,BE,OBR,Obourg,Obourg,WHT,50.46666666666667,4.0
BEOBT,BE,OBT,Ombret-Rawsa,Ombret-Rawsa,WLG,50.55,5.333333333333333
BEODE,BE,ODE,Auderghem (Oudergem)/Brussel (Bruxelles),Auderghem (Oudergem)/Brussel (Bruxelles),BRU,50.81666666666667,4.433333333333334
BEODE,BE,ODE,Oudergem (Auderghem)/Brussel (Bruxelles),Oudergem (Auderghem)/Brussel (Bruxelles),BRU,50.81666666666667,4.433333333333334
BEOEL,BE,OEL,Oelegem,Oelegem,VAN,51.21666666666667,4.583333333333333
BEOEV,BE,OEV,Oevel,Oevel,VAN,51.13333333333333,4.883333333333333
BEOGS,BE,OGS,Ollignies,Ollignies,WHT,50.68333333333333,3.85
BEOHN,BE,OHN,Ophoven,Ophoven,VLI,51.11666666666667,5.8
BEOKG,BE,OKG,Okegem,Okegem,VOV,50.85,4.05
BEOKP,BE,OKP,Oostkamp,Oostkamp,VWV,51.15,3.2333333333333334
BEOLE,BE,OLE,Overboelare,Overboelare,VOV,50.75,3.85
BEOLN,BE,OLN,Olen,Olen,VAN,51.15,4.85
BEOOG,BE,OOG,Ooigem,Ooigem,VWV,50.88333333333333,3.3333333333333335
BEOPI,BE,OPI,Opitter,Opitter,VLI,51.11666666666667,5.65
BEOPY,BE,OPY,Oupeye,Oupeye,WLG,50.7,5.65
BEOQC,BE,OQC,Oisquercq,Oisquercq,WBR,50.666666666666664,4.216666666666667
BEORR,BE,ORR,Orroir,Orroir,WHT,50.75,3.466666666666667
BEOSG,BE,OSG,Oeselgem,Oeselgem,VWV,50.93333333333333,3.4333333333333336
BEOST,BE,OST,Oostende (Ostend),Oostende (Ostend),VWV,51.2,2.9166666666666665
BEOST,BE,OST,Ostend (Oostende),Ostend (Oostende),VWV,51.2,2.9166666666666665
BEOTH,BE,OTH,Oud-Turnhout,Oud-Turnhout,VAN,51.31666666666667,4.983333333333333
BEOTK,BE,OTK,Oostkerke,Oostkerke,VWV,51.28333333333333,3.283333333333333
BEOTL,BE,OTL,Oosterlo,Oosterlo,VAN,51.11666666666667,4.966666666666667
BEOUD,BE,OUD,Oudenaarde,Oudenaarde,VOV,50.85,3.6
BEOUG,BE,OUG,Ougrée,Ougree,WLG,50.6,5.533333333333333
BEOVE,BE,OVE,Overpelt,Overpelt,VLI,51.21666666666667,5.416666666666667
BEOZL,BE,OZL,Onkerzele,Onkerzele,VOV,50.78333333333333,3.9
BEPAL,BE,PAL,Paal,Paal,VLI,51.03333333333333,5.183333333333334
BEPCL,BE,PCL,Pont-à-Celles,Pont-a-Celles,WHT,50.5,4.35
BEPCQ,BE,PCQ,Pecq,Pecq,WHT,50.68333333333333,3.3333333333333335
BEPES,BE,PES,Péronnes,Peronnes,WHT,50.55,3.4333333333333336
BEPFE,BE,PFE,Profondeville,Profondeville,WNA,50.38333333333333,4.866666666666667
BEPKH,BE,PKH,Pollinkhove,Pollinkhove,VWV,50.96666666666667,2.7333333333333334
BEPLB,BE,PLB,Péronnes/Binche,Peronnes/Binche,WHT,50.43333333333333,4.133333333333334
BEPLO,BE,PLO,Pont-de-Loup,Pont-de-Loup,WHT,50.416666666666664,4.533333333333333
BEPLY,BE,PLY,Petit-Lanaye,Petit-Lanaye,WLG,50.78333333333333,5.683333333333334
BEPME,BE,PME,Pommeroeul,Pommeroeul,WHT,50.45,3.7
BEPML,BE,PML,Pamel,Pamel,VBR,50.833333333333336,4.066666666666666
BEPTP,BE,PTP,Pijp Tabak,Pijp Tabak,VAN,51.233333333333334,4.35
BEPTS,BE,PTS,Pottes,Pottes,WHT,50.733333333333334,3.4
BEPUU,BE,PUU,Puurs,Puurs,VAN,51.083333333333336,4.283333333333333
BERAR,BE,RAR,La Roche-en-Ardenne,La Roche-en-Ardenne,WLX,50.18333333333333,5.583333333333333
BERBE,BE,RBE,Roesbrugge,Roesbrugge,VWV,50.916666666666664,2.6166666666666667
BERBX,BE,RBX,Rebaix,Rebaix,WHT,50.65,3.783333333333333
BERCI,BE,RCI,Ramegnies-Chin,Ramegnies-Chin,WHT,50.65,3.3166666666666664
BERCL,BE,RCL,Richelle,Richelle,WLG,50.71666666666667,5.683333333333334
BERCT,BE,RCT,Roucourt,Roucourt,WHT,50.53333333333333,3.5833333333333335
BEREK,BE,REK,Rekkem,Rekkem,VOV,50.833333333333336,3.6166666666666667
BEREQ,BE,REQ,Erquelinnes,Erquelinnes,WHT,50.3,4.116666666666666
BERGE,BE,RGE,Reninge,Reninge,VWV,50.95,2.783333333333333
BERHA,BE,RHA,Roesbrugge-Haringe,Roesbrugge-Haringe,VWV,50.916666666666664,2.6166666666666667
BERIE,BE,RIE,Rieme,Rieme,VOV,51.166666666666664,3.783333333333333
BERIJ,BE,RIJ,Rijkevorsel,Rijkevorsel,VAN,51.35,4.766666666666667
BERIN,BE,RIN,Beringen,Beringen,VLI,51.05,5.216666666666667
BERJT,BE,RJT,Rocourt,Rocourt,WAL,50.68333333333333,5.55
BEROE,BE,ROE,Roeselare,Roeselare,VWV,50.95,3.1333333333333333
BEROS,BE,ROS,Roselies,Roselies,WHT,50.43333333333333,4.583333333333333
BEROU,BE,ROU,Le Roeulx,Le Roeulx,WHT,50.5,4.1
BEROX,BE,ROX,Roux,Roux,WHT,50.43333333333333,4.383333333333334
BERPM,BE,RPM,Rupelmonde,Rupelmonde,VOV,51.13333333333333,4.283333333333333
BERQS,BE,RQS,Ronquières,Ronquieres,WHT,50.6,4.216666666666667
BERTI,BE,RTI,Retie,Retie,VAN,51.266666666666666,5.066666666666666
BERUE,BE,RUE,Ruien,Ruien,VOV,50.766666666666666,3.4833333333333334
BERUI,BE,RUI,Ruisbroek,Ruisbroek,VBR,50.78333333333333,4.3
BERUS,BE,RUS,Rumst,Rumst,VAN,51.083333333333336,4.416666666666667
BERVE,BE,RVE,Rivière,Riviere,WNA,50.35,4.866666666666667
BERVS,BE,RVS,Ravels,Ravels,VAN,51.36666666666667,5.0
BESAN,BE,SAN,Sint-Andries,Sint-Andries,VWV,51.18333333333333,3.183333333333333
BESAS,BE,SAS,Sint-Amands,Sint-Amands,VAN,51.05,4.2
BESBE,BE,SBE,Steenbrugge,Steenbrugge,VWV,51.18333333333333,3.2333333333333334
BESBG,BE,SBG,Stambruges,Stambruges,WHT,50.5,3.716666666666667
BESCE,BE,SCE,Schilde,Schilde,VAN,51.233333333333334,4.566666666666666
BESCT,BE,SCT,Schoten,Schoten,VAN,51.25,4.5
BESDP,BE,SDP,Steendorp,Steendorp,VOV,51.13333333333333,4.266666666666667
BESDT,BE,SDT,Soudromont,Soudromont,WHT,50.516666666666666,4.25
BESEN,BE,SEN,Seneffe,Seneffe,WHT,50.516666666666666,4.25
BESES,BE,SES,Seilles,Seilles,WNA,50.5,5.066666666666666
BESGM,BE,SGM,Stasegem,Stasegem,VWV,50.833333333333336,3.3
BESGX,BE,SGX,Sclaigneaux,Sclaigneaux,WNA,50.5,5.0
BESHB,BE,SHB,Schellebelle,Schellebelle,VOV,51.016666666666666,3.9333333333333336
BESHL,BE,SHL,Schelle,Schelle,VAN,51.13333333333333,4.333333333333333
BESHR,BE,SHR,Schelderode,Schelderode,VOV,50.96666666666667,3.716666666666667
BESJG,BE,SJG,Sint-Job-in-'t-Goor,Sint-Job-in-'t-Goor,VAN,51.3,4.566666666666666
BESJO,BE,SJO,Sint-Jozef-Olen,Sint-Jozef-Olen,VAN,51.18333333333333,4.883333333333333
BESJR,BE,SJR,Sint-Joris,Sint-Joris,VWV,51.13333333333333,2.7666666666666666
BESKR,BE,SKR,Stokrooie,Stokrooie,VLI,50.96666666666667,5.266666666666667
BESLJ,BE,SLJ,Sas-Slijkens,Sas-Slijkens,VWV,51.21666666666667,2.95
BESLN,BE,SLN,Sint-Lenaarts,Sint-Lenaarts,VAN,51.35,4.683333333333334
BESLS,BE,SLS,Salles,Salles,WHT,50.05,4.25
BESLY,BE,SLY,Sclayn,Sclayn,WNA,50.483333333333334,5.033333333333333
BESML,BE,SML,Sint-Martens-Latem,Sint-Martens-Latem,VOV,51.016666666666666,3.6333333333333333
BESNE,BE,SNE,Schoonaarde,Schoonaarde,VOV,51.0,4.016666666666667
BESPE,BE,SPE,Scheepsdale,Scheepsdale,VWV,51.21666666666667,3.2
BESPI,BE,SPI,Espierres (Spiere),Espierres (Spiere),VWV,50.71666666666667,3.35
BESPI,BE,SPI,Spiere (Espierres),Spiere (Espierres),VWV,50.71666666666667,3.35
BESSB,BE,SSB,Solre-sur-Sambre,Solre-sur-Sambre,WHT,50.3,4.133333333333334
BESSK,BE,SSK,Snaaskerke,Snaaskerke,VWV,51.18333333333333,2.9333333333333336
BESSN,BE,SSN,Sclessin,Sclessin,WLG,50.61666666666667,5.55
BESSO,BE,SSO,Samson,Samson,WNA,50.46666666666667,4.983333333333333
BESTT,BE,STT,Statte,Statte,WLG,50.53333333333333,5.216666666666667
BESVG,BE,SVG,Ruisbroek,Ruisbroek,VAN,51.083333333333336,4.333333333333333
BESVN,BE,SVN,Stevensvennen,Stevensvennen,VLI,51.21666666666667,5.233333333333333
BETBE,BE,TBE,Tournebride,Tournebride,VLI,50.9,5.683333333333334
BETDK,BE,TDK,Terdonk,Terdonk,VOV,51.15,3.783333333333333
BETER,BE,TER,Ternat,Ternat,VBR,50.86666666666667,4.183333333333334
BETES,BE,TES,Tessenderlo,Tessenderlo,VLI,51.06666666666667,5.083333333333333
BETET,BE,TET,Tertre,Tertre,WHT,50.46666666666667,3.8
BETFN,BE,TFN,Teralfene,Teralfene,VBR,50.9,4.1
BETGE,BE,TGE,Tergnée,Tergnee,WHT,50.43333333333333,4.55
BETGL,BE,TGL,Tongerlo,Tongerlo,VLI,51.13333333333333,5.666666666666667
BETGN,BE,TGN,Terhagen,Terhagen,VAN,51.083333333333336,4.4
BETHE,BE,THE,Thieu,Thieu,WHT,50.46666666666667,4.083333333333333
BETHG,BE,THG,Tihange,Tihange,WLG,50.53333333333333,5.266666666666667
BETHU,BE,THU,Thuin,Thuin,WHT,50.333333333333336,4.283333333333333
BETIL,BE,TIL,Tielrode,Tielrode,VOV,51.11666666666667,4.183333333333334
BETIS,BE,TIS,Tisselt,Tisselt,VAN,51.03333333333333,4.366666666666666
BETLK,BE,TLK,Tildonk,Tildonk,VBR,50.95,4.633333333333333
BETLR,BE,TLR,Tilleur,Tilleur,WLG,50.61666666666667,5.533333333333333
BETMS,BE,TMS,Tamines,Tamines,WNA,50.43333333333333,4.6
BETOB,BE,TOB,Thorntonbank,Thorntonbank,,51.63333333333333,2.9166666666666665
BETRN,BE,TRN,Doornik (Tournai),Doornik (Tournai),WHT,50.6,3.3833333333333333
BETRN,BE,TRN,Tournai (Doornik),Tournai (Doornik),WHT,50.6,3.3833333333333333
BETSE,BE,TSE,Temse,Temse,VOV,51.13333333333333,4.216666666666667
BETSL,BE,TSL,Tourinnes-St-Lambert,Tourinnes-St-Lambert,WAL,50.63333333333333,4.716666666666667
BETUR,BE,TUR,Turnhout,Turnhout,VAN,51.31666666666667,4.95
BEUIT,BE,UIT,Uitbergen,Uitbergen,VOV,51.016666666666666,3.95
BEVBG,BE,VBG,Verbrande Brug,Verbrande Brug,VBR,50.95,4.416666666666667
BEVEU,BE,VEU,Veurne,Veurne,VWV,51.06666666666667,2.6666666666666665
BEVGL,BE,VGL,Virginal-Samme,Virginal-Samme,WBR,50.63333333333333,4.183333333333334
BEVHN,BE,VHN,Vroenhoven,Vroenhoven,VLI,50.81666666666667,5.633333333333333
BEVIL,BE,VIL,Vilvoorde,Vilvoorde,VBR,50.93333333333333,4.433333333333334
BEVIT,BE,VIT,Sankt Vith,Sankt Vith,,50.666666666666664,6.7
BEVLX,BE,VLX,Vaulx,Vaulx,WHT,50.06666666666667,4.366666666666666
BEVSB,BE,VSB,Val Saint-Lambert,Val Saint-Lambert,WLG,50.583333333333336,5.483333333333333
BEVSH,BE,VSH,Ville-sur-Haine,Ville-sur-Haine,WHT,50.46666666666667,4.05
BEVSL,BE,VSL,Viersel,Viersel,VAN,51.18333333333333,4.633333333333333
BEVVI,BE,VVI,Viesville,Viesville,WHT,50.483333333333334,4.4
BEVWZ,BE,VWZ,Veldwezelt,Veldwezelt,VLI,50.86666666666667,5.633333333333333
BEVZI,BE,VZI,Vezin,Vezin,WNA,50.5,5.016666666666667
BEW5R,BE,W5R,Awirs,Awirs,WLG,50.6,5.4
BEWAA,BE,WAA,Waasmunster,Waasmunster,VOV,51.1,4.083333333333333
BEWAN,BE,WAN,Wanze,Wanze,WLG,50.53333333333333,5.216666666666667
BEWAR,BE,WAR,Waregem,Waregem,VWV,50.88333333333333,3.4166666666666665
BEWBR,BE,WBR,Maransart,Maransart,WBR,50.666666666666664,4.45
BEWCG,BE,WCG,Warcoing,Warcoing,WHT,50.7,3.3333333333333335
BEWDG,BE,WDG,Wondelgem,Wondelgem,VOV,51.083333333333336,3.716666666666667
BEWDM,BE,WDM,Waardamme,Waardamme,VWV,51.11666666666667,3.216666666666667
BEWEE,BE,WEE,Wingene,Wingene,VWV,51.06666666666667,3.2666666666666666
BEWEL,BE,WEL,Wellen,Wellen,VLI,50.85,5.316666666666666
BEWER,BE,WER,Wervik,Wervik,VWV,50.78333333333333,3.033333333333333
BEWET,BE,WET,Wetteren,Wetteren,VOV,51.0,3.8833333333333333
BEWEV,BE,WEV,Wevelgem,Wevelgem,VWV,50.8,3.1666666666666665
BEWGL,BE,WGL,Wijgmaal,Wijgmaal,VBR,50.93333333333333,4.7
BEWHT,BE,WHT,Blaregnies,Blaregnies,WHT,50.35,3.8833333333333333
BEWIH,BE,WIH,Wichelen,Wichelen,VOV,51.0,3.9833333333333334
BEWIP,BE,WIP,Wépion,Wepion,WNA,50.416666666666664,4.866666666666667
BEWIR,BE,WIR,Wiers,Wiers,WHT,50.5,3.533333333333333
BEWJG,BE,WJG,Wijnegem,Wijnegem,VAN,51.233333333333334,4.533333333333333
BEWLB,BE,WLB,Willebroek,Willebroek,VAN,51.06666666666667,4.366666666666666
BEWLM,BE,WLM,Walem,Walem,VAN,51.06666666666667,4.466666666666667
BEWLP,BE,WLP,Wulpen,Wulpen,VWV,51.1,2.7
BEWLT,BE,WLT,Waulsort,Waulsort,WNA,50.21666666666667,4.866666666666667
BEWND,BE,WND,Wandre,Wandre,WLG,50.666666666666664,5.65
BEWTH,BE,WTH,Wintham,Wintham,VAN,51.1,4.3
BEYRT,BE,YRT,Ivoz-Ramet,Ivoz-Ramet,WLG,50.583333333333336,5.433333333333334
BEYVO,BE,YVO,Yvoir,Yvoir,WNA,50.333333333333336,4.883333333333333
BEZBR,BE,ZBR,Zandbergen,Zandbergen,VOV,50.8,3.966666666666667
BEZEE,BE,ZEE,Zeebrugge,Zeebrugge,VWV,51.333333333333336,3.2
BEZEL,BE,ZEL,Zelzate,Zelzate,VOV,51.2,3.8166666666666664
BEZER,BE,ZER,Seraing,Seraing,WLG,50.6,5.483333333333333
BEZET,BE,ZET,Zemst,Zemst,VBR,50.983333333333334,4.466666666666667
BEZGM,BE,ZGM,Zingem,Zingem,VOV,50.9,3.65
BEZLE,BE,ZLE,Zele,Zele,VOV,51.06666666666667,4.033333333333333
BEZOD,BE,ZOD,Zolder,Zolder,VLI,51.016666666666666,5.3
BEZRM,BE,ZRM,Zomergem,Zomergem,VOV,51.11666666666667,3.55
BEZTL,BE,ZTL,Zutendaal,Zutendaal,VLI,50.93333333333333,5.566666666666666
BEZUL,BE,ZUL,Zulte,Zulte,VOV,50.916666666666664,3.4333333333333336
BEZUN,BE,ZUN,Zuun (Zuen),Zuun (Zuen),VBR,50.78333333333333,4.266666666666667
BEZUN,BE,ZUN,Zuen (Zuun),Zuen (Zuun),VBR,50.78333333333333,4.266666666666667
BEZVD,BE,ZVD,Zandvoorde,Zandvoorde,VWV,51.2,2.966666666666667
BEZVT,BE,ZVT,Zandvliet,Zandvliet,VAN,51.36666666666667,4.3
BEZWE,BE,ZWE,Zwevegem,Zwevegem,VWV,50.8,3.3333333333333335
BEZWL,BE,ZWL,Zwijndrecht,Zwijndrecht,VAN,51.21666666666667,4.333333333333333
BEZWN,BE,ZWN,Zwijnaarde,Zwijnaarde,VOV,51.0,3.716666666666667
BFOB2,BF,OB2,Ziniaré,Ziniare,OUB,12.583333333333334,-1.3
BG4IG,BG,4IG,Ignatievo,Ignatievo,03,43.25,27.766666666666666
BGAKH,BG,AKH,Akhtopol,Akhtopol,,42.1,27.95
BGBAL,BG,BAL,Balchik,Balchik,,43.416666666666664,28.166666666666668
BGBSL,BG,BSL,Byala Slatina,Byala Slatina,,43.46666666666667,23.95
BGGUR,BG,GUR,Gurkovo,Gurkovo,24,42.65,25.783333333333335
BGKUK,BG,KUK,Kuklen,Kuklen,16,42.03333333333333,24.783333333333335
BGMAB,BG,MAB,Marchevo,Marchevo,01,41.6,23.8
BGNES,BG,NES,Nessebar,Nessebar,,42.65,27.733333333333334
BGNPO,BG,NPO,Nikopol,Nikopol,15,43.68333333333333,24.883333333333333
BGOKH,BG,OKH,Oryakhovo,Oryakhovo,,43.733333333333334,23.95
BGRDU,BG,RDU,Ruse,Ruse,,43.85,25.966666666666665
BGS3W,BG,S3W,Straldzha,Straldzha,28,42.6,26.683333333333334
BGSOZ,BG,SOZ,Sozopol,Sozopol,,42.416666666666664,27.7
BGVT4,BG,VT4,Byala Cherkva,Byala Cherkva,04,43.2,25.3
BHAHD,BH,AHD,Al Hidd,Al Hidd,15,26.233333333333334,50.65
BHGBQ,BH,GBQ,Al Muharraq,Al Muharraq,15,26.25,50.6
BHKBS,BH,KBS,Khalifa Bin Salman Port,Khalifa Bin Salman Port,15,26.2,50.61666666666667
BHMIN,BH,MIN,Mina Sulman Port,Mina Sulman Port,13,26.2,50.61666666666667
BHSIT,BH,SIT,Sitrah,Sitrah,16,26.133333333333333,50.61666666666667
BICBK,BI,CBK,Cibitoke,Cibitoke,BM,-3.3333333333333335,29.366666666666667
BJPTN,BJ,PTN,Porto-Novo,Porto-Novo,OU,6.483333333333333,2.6166666666666667
BLSBH,BL,SBH,Saint-Barthélemy,Saint-Barthelemy,,17.9,-62.85
BMHBI,BM,HBI,Harbour Island,Harbour Island,,25.5,-76.63333333333334
BMSAN,BM,SAN,Sandys,Sandys,,32.3,-64.86666666666666
BMSEV,BM,SEV,Devonshire,Devonshire,,32.3,-64.75
BMSGE,BM,SGE,Saint George,Saint George,,32.38333333333333,-64.68333333333334
BMSOU,BM,SOU,Southampton,Southampton,,32.25,-64.85
BNBWN,BN,BWN,Bandar Seri Begawan,Bandar Seri Begawan,BM,4.883333333333333,114.93333333333334
BNTAS,BN,TAS,Tanjong Selirong,Tanjong Selirong,TE,4.9,115.11666666666666
BOCPB,BO,CPB,Copacabana,Copacabana,L,-16.15,-69.08333333333333
BOGUQ,BO,GUQ,Guaqui,Guaqui,L,-16.583333333333332,-68.86666666666666
BOHTJ,BO,HTJ,Huatajata,Huatajata,L,-16.166666666666668,-68.73333333333333
BOPBU,BO,PBU,Puerto Busch,Puerto Busch,S,-20.033333333333335,-57.96666666666667
BOPPR,BO,PPR,Puerto Pérez,Puerto Perez,L,-16.266666666666666,-68.63333333333334
BOPSZ,BO,PSZ,Puerto Suárez,Puerto Suarez,S,-18.95,-57.8
BOPTC,BO,PTC,Puerto Carabuco,Puerto Carabuco,L,-15.75,-69.06666666666666
BOPUR,BO,PUR,Puerto Rico,Puerto Rico,N,-11.083333333333334,-67.63333333333334
BOQJR,BO,QJR,Puerto Quijarro,Puerto Quijarro,S,-17.783333333333335,-57.766666666666666
BORBQ,BO,RBQ,Rurrenabaque,Rurrenabaque,B,-14.466666666666667,-67.56666666666666
BORIB,BO,RIB,Riberalta,Riberalta,B,-10.983333333333333,-66.1
BOTDD,BO,TDD,Trinidad,Trinidad,B,-14.833333333333334,-64.9
BQBON,BQ,BON,Bonaire,Bonaire,,12.116666666666667,-68.26666666666667
BQEUX,BQ,EUX,Sint Eustatius,Sint Eustatius,,17.483333333333334,-62.96666666666667
BQGOT,BQ,GOT,Goto,Goto,,12.216666666666667,-68.38333333333334
BQKRA,BQ,KRA,Kralendijk,Kralendijk,,12.15,-68.26666666666667
BQRIN,BQ,RIN,Dorp Rincón,Dorp Rincon,,12.233333333333333,-68.33333333333333
BQSAB,BQ,SAB,Saba,Saba,,17.633333333333333,-63.233333333333334
BRAAR,BR,AAR,Acará,Acara,PA,-1.95,-48.2
BRABZ,BR,ABZ,Armação dos Búzios,Armacao dos Buzios,RJ,-22.75,-41.88333333333333
BRACT,BR,ACT,Alcântara,Alcantara,MA,-2.4,-44.416666666666664
BRACX,BR,ACX,Açu Pt / São João da Barra,Acu Pt / Sao Joao da Barra,RJ,-21.816666666666666,-41.016666666666666
BRADR,BR,ADR,Angra dos Reis,Angra dos Reis,RJ,-23.0,-44.31666666666667
BRAFU,BR,AFU,Afuá,Afua,PA,-0.15,-50.38333333333333
BRAJU,BR,AJU,Aracaju,Aracaju,SE,-10.9,-37.03333333333333
BRALT,BR,ALT,Alenquer,Alenquer,PA,-1.95,-54.733333333333334
BRAMM,BR,AMM,Almeirim,Almeirim,PA,-1.5166666666666666,-52.56666666666667
BRANA,BR,ANA,Ananindeua,Ananindeua,PA,-1.3666666666666667,-48.36666666666667
BRANH,BR,ANH,Anhembi,Anhembi,SP,-22.783333333333335,-48.11666666666667
BRANS,BR,ANS,Araguatins,Araguatins,TO,-5.65,-48.11666666666667
BRANT,BR,ANT,Antonina,Antonina,PR,-25.416666666666668,-48.7
BRARB,BR,ARB,Aratu Pt / Candeias,Aratu Pt / Candeias,BA,-12.783333333333333,-38.5
BRARE,BR,ARE,Areia Branca,Areia Branca,RN,-4.95,-37.11666666666667
BRARU,BR,ARU,Araçatuba,Aracatuba,SP,-21.2,-50.43333333333333
BRATM,BR,ATM,Altamira,Altamira,PA,-3.2,-52.2
BRAUN,BR,AUN,Aruanã,Aruana,GO,-14.9,-51.06666666666667
BRAUS,BR,AUS,Autazes,Autazes,AM,-3.5666666666666664,-59.13333333333333
BRBAC,BR,BAC,Balneário Camboriú,Balneario Camboriu,SC,-26.983333333333334,-48.63333333333333
BRBAR,BR,BAR,Barra dos Coqueiros,Barra dos Coqueiros,SE,-10.9,-37.03333333333333
BRBAZ,BR,BAZ,Barcelos,Barcelos,AM,-0.9666666666666667,-62.916666666666664
BRBCE,BR,BCE,Bacabeira,Bacabeira,MA,-2.9833333333333334,-44.3
BRBCT,BR,BCT,Benjamin Constant,Benjamin Constant,AM,-4.366666666666666,-70.01666666666667
BRBEA,BR,BEA,Barreirinha,Barreirinha,AM,-2.783333333333333,-57.06666666666667
BRBEI,BR,BEI,Beruri,Beruri,AM,-3.8833333333333333,-61.36666666666667
BRBEL,BR,BEL,Belém,Belem,PA,-1.45,-48.483333333333334
BRBIR,BR,BIR,Bariri,Bariri,SP,-22.066666666666666,-48.733333333333334
BRBLE,BR,BLE,Belmonte,Belmonte,BA,-15.85,-38.86666666666667
BRBOB,BR,BOB,Borba,Borba,AM,-4.383333333333334,-59.583333333333336
BRBQQ,BR,BQQ,Barra,Barra,BA,-11.083333333333334,-43.13333333333333
BRBSS,BR,BSS,Balsas,Balsas,MA,-7.516666666666667,-46.03333333333333
BRBVI,BR,BVI,Benevides,Benevides,PA,-1.35,-48.233333333333334
BRBVR,BR,BVR,Boa Vista do Ramos,Boa Vista do Ramos,AM,-2.966666666666667,-57.583333333333336
BRBVS,BR,BVS,Breves,Breves,PA,-1.6833333333333333,-50.46666666666667
BRCAN,BR,CAN,Canoas,Canoas,RS,-29.916666666666668,-51.166666666666664
BRCAR,BR,CAR,Coari,Coari,AM,-4.083333333333333,-63.13333333333333
BRCCS,BR,CCS,Conchas,Conchas,SP,-23.0,-48.0
BRCCX,BR,CCX,Cáceres,Caceres,MT,-16.066666666666666,-57.666666666666664
BRCCY,BR,CCY,Caracaraí,Caracarai,RR,1.8,-61.13333333333333
BRCDA,BR,CDA,Codajás,Codajas,AM,-3.8333333333333335,-62.05
BRCDO,BR,CDO,Cabedelo Pt / João Pessoa,Cabedelo Pt / Joao Pessoa,PB,-6.966666666666667,-34.833333333333336
BRCFO,BR,CFO,Cabo Frio,Cabo Frio,RJ,-22.866666666666667,-42.016666666666666
BRCGA,BR,CGA,Conceição do Araguaia,Conceicao do Araguaia,PA,-8.25,-49.25
BRCGZ,BR,CGZ,Campos dos Goytacazes,Campos dos Goytacazes,RJ,-21.75,-41.31666666666667
BRCHE,BR,CHE,Chaves,Chaves,PA,-0.15,-49.983333333333334
BRCHI,BR,CHI,Cachoeira do Arari,Cachoeira do Arari,PA,-1.0,-48.95
BRCLN,BR,CLN,Carolina,Carolina,MA,-7.316666666666666,-47.46666666666667
BRCMA,BR,CMA,Cametá,Cameta,PA,-2.2333333333333334,-49.483333333333334
BRCMG,BR,CMG,Corumbá,Corumba,MS,-19.0,-57.63333333333333
BRCPR,BR,CPR,Cachoeira do Piriá,Cachoeira do Piria,PA,-1.75,-46.53333333333333
BRCQD,BR,CQD,Charqueadas,Charqueadas,RS,-29.95,-51.61666666666667
BRCRL,BR,CRL,Caravelas,Caravelas,BA,-17.733333333333334,-39.25
BRCRY,BR,CRY,Carauari,Carauari,AM,-4.866666666666667,-66.88333333333334
BRCSL,BR,CSL,Cachoeira do Sul,Cachoeira do Sul,RS,-30.033333333333335,-52.88333333333333
BRCTM,BR,CTM,Canutama,Canutama,AM,-6.516666666666667,-64.38333333333334
BRCUO,BR,CUO,Cubatão,Cubatao,SP,-23.883333333333333,-46.416666666666664
BRCVZ,BR,CVZ,Careiro da Várzea,Careiro da Varzea,AM,-3.183333333333333,-59.81666666666667
BRCZS,BR,CZS,Cruzeiro do Sul,Cruzeiro do Sul,AC,-7.616666666666667,-72.66666666666667
BRDCS,BR,DCS,Duque de Caxias,Duque de Caxias,RJ,-22.783333333333335,-43.3
BRERN,BR,ERN,Eirunepé,Eirunepe,AM,-6.666666666666667,-69.85
BRETA,BR,ETA,Estrela,Estrela,RS,-29.5,-51.96666666666667
BRFBA,BR,FBA,Fonte Boa,Fonte Boa,AM,-2.5,-66.08333333333333
BRFEN,BR,FEN,Fernando de Noronha,Fernando de Noronha,PE,-3.85,-32.43333333333333
BRFNO,BR,FNO,Forno Pt / Arraial do Cabo,Forno Pt / Arraial do Cabo,RJ,-22.966666666666665,-42.016666666666666
BRFOR,BR,FOR,Fortaleza,Fortaleza,CE,-3.716666666666667,-38.583333333333336
BRGIA,BR,GIA,Guaíra,Guaira,PR,-24.083333333333332,-54.233333333333334
BRGIB,BR,GIB,Guaíba,Guaiba,RS,-30.1,-51.3
BRGJM,BR,GJM,Guajará-Mirim,Guajara-Mirim,RO,-10.766666666666667,-65.31666666666666
BRGJR,BR,GJR,Guajará,Guajara,AM,-7.533333333333333,-72.56666666666666
BRGNS,BR,GNS,Galinhos,Galinhos,RN,-5.083333333333333,-36.266666666666666
BRGRP,BR,GRP,Gurupá,Gurupa,PA,-1.4,-51.63333333333333
BRGUA,BR,GUA,Guamaré,Guamare,RN,-5.1,-36.31666666666667
BRGUJ,BR,GUJ,Guarujá,Guaruja,SP,-23.983333333333334,-46.233333333333334
BRHMA,BR,HMA,Humaitá,Humaita,AM,-7.5,-63.016666666666666
BRIAR,BR,IAR,Itacoatiara,Itacoatiara,AM,-3.1333333333333333,-58.43333333333333
BRIBB,BR,IBB,Imbituba,Imbituba,SC,-28.233333333333334,-48.666666666666664
BRIBE,BR,IBE,Ilhabela,Ilhabela,SP,-23.783333333333335,-45.35
BRIBT,BR,IBT,Ibotirama,Ibotirama,BA,-12.183333333333334,-43.21666666666667
BRIGU,BR,IGU,Foz do Iguaçu,Foz do Iguacu,PR,-25.533333333333335,-54.583333333333336
BRIIM,BR,IIM,Itapemirim,Itapemirim,ES,-21.0,-40.833333333333336
BRIMP,BR,IMP,Imperatriz,Imperatriz,MA,-5.516666666666667,-47.46666666666667
BRIOA,BR,IOA,Itapoá,Itapoa,SC,-26.0,-48.6
BRIOS,BR,IOS,Ilhéus,Ilheus,BA,-14.783333333333333,-39.03333333333333
BRIPG,BR,IPG,Itapiranga,Itapiranga,AM,-2.7333333333333334,-58.03333333333333
BRIQI,BR,IQI,Itaqui Pt / São Luís,Itaqui Pt / Sao Luis,MA,-2.5666666666666664,-44.36666666666667
BRIRB,BR,IRB,Iranduba,Iranduba,AM,-3.2666666666666666,-60.18333333333333
BRISA,BR,ISA,Ilha Solteira,Ilha Solteira,SP,-20.416666666666668,-51.333333333333336
BRITB,BR,ITB,Itaituba,Itaituba,PA,-4.25,-55.983333333333334
BRITJ,BR,ITJ,Itajaí,Itajai,SC,-26.9,-48.65
BRITQ,BR,ITQ,Itaqui,Itaqui,RS,-29.116666666666667,-56.55
BRIXA,BR,IXA,Ipixuna,Ipixuna,AM,-7.05,-71.68333333333334
BRJAG,BR,JAG,Jaguarão,Jaguarao,RS,-32.55,-53.36666666666667
BRJAU,BR,JAU,Jaú,Jau,SP,-22.283333333333335,-48.55
BRJUR,BR,JUR,Juruti,Juruti,PA,-2.15,-56.083333333333336
BRJZO,BR,JZO,Juazeiro,Juazeiro,BA,-9.4,-40.5
BRLDR,BR,LDR,Ladário,Ladario,MS,-19.0,-57.6
BRLJI,BR,LJI,Laranjal do Jari,Laranjal do Jari,AP,-0.85,-52.53333333333333
BRLRS,BR,LRS,Linhares,Linhares,ES,-19.383333333333333,-40.05
BRMAB,BR,MAB,Marabá,Maraba,PA,-5.35,-49.13333333333333
BRMAO,BR,MAO,Manaus,Manaus,AM,-3.1333333333333333,-60.016666666666666
BRMAR,BR,MAR,Maragogipe,Maragogipe,BA,-12.766666666666667,-38.916666666666664
BRMAS,BR,MAS,Maués,Maues,AM,-3.3833333333333333,-57.7
BRMCP,BR,MCP,Santana Pt / Macapá,Santana Pt / Macapa,AP,-0.05,-51.166666666666664
BRMCU,BR,MCU,Macau,Macau,RN,-5.1,-36.63333333333333
BRMCZ,BR,MCZ,Maceió,Maceio,AL,-9.65,-35.7
BRMDD,BR,MDD,Madre de Deus,Madre de Deus,BA,-12.733333333333333,-38.6
BRMEA,BR,MEA,Macaé,Macae,RJ,-22.366666666666667,-41.766666666666666
BRMGT,BR,MGT,Mangaratiba,Mangaratiba,RJ,-22.95,-44.03333333333333
BRMNV,BR,MNV,Mundo Novo,Mundo Novo,MS,-23.933333333333334,-54.266666666666666
BRMNX,BR,MNX,Manicoré,Manicore,AM,-5.8,-61.28333333333333
BRMOS,BR,MOS,Mossoró,Mossoro,RN,-5.183333333333334,-37.35
BRMOU,BR,MOU,Moju,Moju,PA,-1.8833333333333333,-48.766666666666666
BRMPR,BR,MPR,Manacapuru,Manacapuru,AM,-3.283333333333333,-60.61666666666667
BRMQR,BR,MQR,Manaquiri,Manaquiri,AM,-3.4166666666666665,-60.45
BRMRC,BR,MRC,Maricá,Marica,RJ,-22.916666666666668,-42.81666666666667
BRMTE,BR,MTE,Monte Alegre,Monte Alegre,PA,-2.0,-54.06666666666667
BRNAA,BR,NAA,Nhamundá,Nhamunda,AM,-2.183333333333333,-56.71666666666667
BRNAO,BR,NAO,Novo Airão,Novo Airao,AM,-2.6166666666666667,-60.93333333333333
BRNAT,BR,NAT,Natal,Natal,RN,-5.75,-35.25
BRNON,BR,NON,Nova Olinda do Norte,Nova Olinda do Norte,AM,-3.8833333333333333,-59.083333333333336
BRNOR,BR,NOR,Praia Norte,Praia Norte,TO,-5.383333333333334,-47.8
BRNTR,BR,NTR,Niterói,Niteroi,RJ,-22.883333333333333,-43.06666666666667
BRNVP,BR,NVP,Novo Aripuanã,Novo Aripuana,AM,-5.116666666666666,-60.36666666666667
BRNVT,BR,NVT,Navegantes,Navegantes,SC,-26.883333333333333,-48.63333333333333
BROBI,BR,OBI,Óbidos,Obidos,PA,-1.9,-55.5
BRORX,BR,ORX,Oriximiná,Oriximina,PA,-1.75,-55.85
BRPBD,BR,PBD,Pato Bragado,Pato Bragado,PR,-24.616666666666667,-54.21666666666667
BRPBO,BR,PBO,Porto Belo,Porto Belo,SC,-27.133333333333333,-48.6
BRPDM,BR,PDM,Porto de Moz,Porto de Moz,PA,-1.7333333333333334,-52.233333333333334
BRPEC,BR,PEC,Pecém Pt / São Gonçalo do Amarante,Pecem Pt / Sao Goncalo do Amarante,CE,-3.5166666666666666,-38.86666666666667
BRPEO,BR,PEO,Presidente Epitácio,Presidente Epitacio,SP,-21.766666666666666,-52.1
BRPET,BR,PET,Pelotas,Pelotas,RS,-31.716666666666665,-52.333333333333336
BRPIN,BR,PIN,Parintins,Parintins,AM,-2.6166666666666667,-56.733333333333334
BRPIP,BR,PIP,Pirapora,Pirapora,MG,-17.333333333333332,-44.95
BRPKY,BR,PKY,Presidente Kennedy,Presidente Kennedy,ES,-21.1,-41.05
BRPMA,BR,PMA,Ponta da Madeira Pt / São Luís,Ponta da Madeira Pt / Sao Luis,MA,-2.533333333333333,-44.35
BRPMH,BR,PMH,Porto Murtinho,Porto Murtinho,MS,-21.7,-57.88333333333333
BRPNG,BR,PNG,Paranaguá,Paranagua,PR,-25.5,-48.516666666666666
BRPNS,BR,PNS,Pederneiras,Pederneiras,SP,-22.35,-48.766666666666666
BRPNX,BR,PNX,Panorama,Panorama,SP,-21.35,-51.85
BRPNZ,BR,PNZ,Petrolina,Petrolina,PE,-9.383333333333333,-40.483333333333334
BRPOA,BR,POA,Porto Alegre,Porto Alegre,RS,-30.016666666666666,-51.21666666666667
BRPOL,BR,POL,Portel,Portel,PA,-1.9333333333333333,-50.81666666666667
BRPOU,BR,POU,Ponta do Ubu Pt / Anchieta,Ponta do Ubu Pt / Anchieta,ES,-20.766666666666666,-40.56666666666667
BRPPN,BR,PPN,Pontal do Paraná,Pontal do Parana,PR,-25.583333333333332,-48.43333333333333
BRPRH,BR,PRH,Prainha,Prainha,PA,-1.8,-53.46666666666667
BRPRM,BR,PRM,Praia Mole Pt / Vitória,Praia Mole Pt / Vitoria,ES,-20.3,-40.21666666666667
BRPRU,BR,PRU,Paracuru,Paracuru,CE,-3.4,-39.016666666666666
BRPVH,BR,PVH,Porto Velho,Porto Velho,RO,-8.766666666666667,-63.81666666666667
BRPWA,BR,PWA,Porto Acre,Porto Acre,AC,-9.6,-67.53333333333333
BRPWR,BR,PWR,Porto Walter,Porto Walter,AC,-8.25,-72.73333333333333
BRRBR,BR,RBR,Rio Branco,Rio Branco,AC,-9.966666666666667,-67.8
BRRCH,BR,RCH,Barra do Riacho Pt / Aracruz,Barra do Riacho Pt / Aracruz,ES,-19.85,-40.03333333333333
BRREC,BR,REC,Recife,Recife,PE,-8.05,-34.88333333333333
BRRGC,BR,RGC,Araguacema,Araguacema,TO,-8.8,-49.55
BRRIG,BR,RIG,Rio Grande,Rio Grande,RS,-32.05,-52.083333333333336
BRRIO,BR,RIO,Rio de Janeiro,Rio de Janeiro,RJ,-22.866666666666667,-43.21666666666667
BRRPO,BR,RPO,Rio Pardo,Rio Pardo,RS,-29.983333333333334,-52.36666666666667
BRSEF,BR,SEF,Senador José Porfírio,Senador Jose Porfirio,PA,-2.5833333333333335,-51.95
BRSER,BR,SER,Serra,Serra,ES,-20.15,-40.266666666666666
BRSFS,BR,SFS,São Francisco do Sul,Sao Francisco do Sul,SC,-26.233333333333334,-48.63333333333333
BRSGM,BR,SGM,São Miguel do Guamá,Sao Miguel do Guama,PA,-1.6166666666666667,-47.46666666666667
BRSGO,BR,SGO,São Gonçalo,Sao Goncalo,RJ,-22.816666666666666,-43.016666666666666
BRSIR,BR,SIR,Santa Isabel do Rio Negro,Santa Isabel do Rio Negro,AM,-0.4166666666666667,-65.01666666666667
BRSLV,BR,SLV,Salvaterra,Salvaterra,PA,-0.75,-48.5
BRSMS,BR,SMS,São Mateus,Sao Mateus,ES,-18.716666666666665,-39.85
BRSNH,BR,SNH,Santa Helena,Santa Helena,PR,-24.85,-54.333333333333336
BRSPB,BR,SPB,Itaguaí Pt = Sepetiba Pt / Itaguaí,Itaguai Pt = Sepetiba Pt / Itaguai,RJ,-22.866666666666667,-43.766666666666666
BRSPD,BR,SPD,São Pedro,Sao Pedro,SP,-22.533333333333335,-47.9
BRSPV,BR,SPV,São Paulo de Olivença,Sao Paulo de Olivenca,AM,-3.45,-68.93333333333334
BRSSA,BR,SSA,Salvador,Salvador,BA,-13.0,-38.483333333333334
BRSSB,BR,SSB,São Sebastião do Uatumã,Sao Sebastiao do Uatuma,AM,-2.5666666666666664,-57.86666666666667
BRSSI,BR,SSI,São Simão,Sao Simao,GO,-18.983333333333334,-50.53333333333333
BRSSO,BR,SSO,São Sebastião,Sao Sebastiao,SP,-23.8,-45.4
BRSSR,BR,SSR,Santa Maria da Serra,Santa Maria da Serra,SP,-22.566666666666666,-48.15
BRSSZ,BR,SSZ,Santos,Santos,SP,-23.933333333333334,-46.31666666666667
BRSTM,BR,STM,Santarém,Santarem,PA,-2.4333333333333336,-54.71666666666667
BRSTU,BR,STU,Santa Terezinha de Itaipu,Santa Terezinha de Itaipu,PR,-25.433333333333334,-54.38333333333333
BRSUA,BR,SUA,Suape Pt / Ipojuca,Suape Pt / Ipojuca,PE,-8.4,-34.96666666666667
BRSUE,BR,SUE,Soure,Soure,PA,-0.7166666666666667,-48.5
BRSVP,BR,SVP,Santa Vitória do Palmar,Santa Vitoria do Palmar,RS,-33.516666666666666,-53.36666666666667
BRTAQ,BR,TAQ,Taquari,Taquari,RS,-29.8,-51.85
BRTBT,BR,TBT,Tabatinga,Tabatinga,AM,-4.216666666666667,-69.93333333333334
BRTFF,BR,TFF,Tefé,Tefe,AM,-3.3333333333333335,-64.7
BRTFO,BR,TFO,Triunfo,Triunfo,RS,-29.933333333333334,-51.7
BRTLD,BR,TLD,Tailândia,Tailandia,PA,-2.9333333333333336,-48.95
BRTLG,BR,TLG,Três Lagoas,Tres Lagoas,MS,-20.783333333333335,-51.7
BRTMT,BR,TMT,Porto Trombetas / Oriximiná,Porto Trombetas / Oriximina,PA,-1.4666666666666668,-56.38333333333333
BRTNS,BR,TNS,Tonantins,Tonantins,AM,-2.85,-67.76666666666667
BRTPW,BR,TPW,Tapauá,Tapaua,AM,-5.616666666666667,-63.18333333333333
BRTRM,BR,TRM,Tramandaí,Tramandai,RS,-29.983333333333334,-50.11666666666667
BRTRO,BR,TRO,Terra Roxa,Terra Roxa,PR,-24.166666666666668,-54.083333333333336
BRTST,BR,TST,Terra Santa,Terra Santa,PA,-2.1,-56.483333333333334
BRTUB,BR,TUB,Tubarão Pt / Vitória,Tubarao Pt / Vitoria,ES,-20.266666666666666,-40.21666666666667
BRUBT,BR,UBT,Ubatuba,Ubatuba,SP,-23.433333333333334,-45.06666666666667
BRURT,BR,URT,Urucurituba,Urucurituba,AM,-3.1333333333333333,-58.15
BRVDC,BR,VDC,Vila do Conde Pt / Barcarena,Vila do Conde Pt / Barcarena,PA,-1.5166666666666666,-48.71666666666667
BRVDX,BR,VDX,Vitória do Xingu,Vitoria do Xingu,PA,-2.8833333333333333,-52.0
BRVGR,BR,VGR,Várzea Grande,Varzea Grande,MT,-15.65,-56.13333333333333
BRVIE,BR,VIE,Vila Bela da Santíssima Trindade,Vila Bela da Santissima Trindade,MT,-15.0,-59.95
BRVIX,BR,VIX,Vitória,Vitoria,ES,-20.316666666666666,-40.31666666666667
BRVVE,BR,VVE,Vila Velha,Vila Velha,ES,-20.333333333333332,-40.28333333333333
BRXAA,BR,XAA,Xambioá,Xambioa,TO,-6.4,-48.516666666666666
BRXQI,BR,XQI,Xique-Xique,Xique-Xique,BA,-10.816666666666666,-42.71666666666667
BRYTR,BR,YTR,Itamarati,Itamarati,AM,-6.433333333333334,-68.23333333333333
BSBKC,BS,BKC,Bock Cay,Bock Cay,EX,23.816666666666666,-76.16666666666667
BSCBT,BS,CBT,Cockburn Town,Cockburn Town,SS,24.033333333333335,-74.51666666666667
BSCEL,BS,CEL,Cape Eleuthera,Cape Eleuthera,SE,24.816666666666666,-76.35
BSCLP,BS,CLP,Clifton Point,Clifton Point,,25.0,-77.53333333333333
BSCOC,BS,COC,Little Stirrup Cay,Little Stirrup Cay,BY,25.816666666666666,-77.93333333333334
BSCOX,BS,COX,Congo Town,Congo Town,SA,24.15,-77.53333333333333
BSEXU,BS,EXU,Great Exuma Island,Great Exuma Island,EX,23.533333333333335,-75.83333333333333
BSGHC,BS,GHC,Great Harbour Cay,Great Harbour Cay,BY,25.75,-77.83333333333333
BSGOC,BS,GOC,Gorda Cay,Gorda Cay,,26.083333333333332,-77.53333333333333
BSGSC,BS,GSC,Great Stirrup Cay,Great Stirrup Cay,BY,25.833333333333332,-77.9
BSGTC,BS,GTC,Green Turtle Cay,Green Turtle Cay,HT,26.75,-77.33333333333333
BSHBI,BS,HBI,Harbour Island,Harbour Island,HI,25.5,-76.63333333333334
BSHMC,BS,HMC,Little San Salvador,Little San Salvador,,24.583333333333332,-75.91666666666667
BSLUC,BS,LUC,Lucaya,Lucaya,FP,26.516666666666666,-78.63333333333334
BSMHH,BS,MHH,Marsh Harbour,Marsh Harbour,CO,26.533333333333335,-76.96666666666667
BSNAS,BS,NAS,Nassau,Nassau,,25.083333333333332,-77.35
BSRSD,BS,RSD,Rock Sound,Rock Sound,SE,24.9,-76.2
BSSAQ,BS,SAQ,San Andros,San Andros,NS,25.066666666666666,-78.05
BSSML,BS,SML,Stella Maris,Stella Maris,LI,23.6,-75.3
BSTBI,BS,TBI,The Bight,The Bight,CI,24.316666666666666,-75.4
BSWTD,BS,WTD,West End,West End,FP,26.683333333333334,-78.96666666666667
BWDUK,BW,DUK,Dukwi,Dukwi,CE,-20.583333333333332,26.533333333333335
BWMAH,BW,MAH,Mahalapye,Mahalapye,,-23.1,26.833333333333332
BYKLK,BY,KLK,Kletsk,Kletsk,,53.05,26.616666666666667
BYKYC,BY,KYC,Kostyukovichi,Kostyukovichi,,53.35,32.05
BYPIK,BY,PIK,Pinsk,Pinsk,,52.11666666666667,26.083333333333332
BYRYA,BY,RYA,Rechytsa,Rechytsa,,52.35,30.4
BYSNM,BY,SNM,Slonim,Slonim,,53.1,25.316666666666666
BYVAW,BY,VAW,Vawkavysk,Vawkavysk,,53.15,24.433333333333334
BZBAR,BZ,BAR,Barranco,Barranco,,16.0,-88.91666666666667
BZBGK,BZ,BGK,Big Creek,Big Creek,SC,16.516666666666666,-88.4
BZDGA,BZ,DGA,Dangriga,Dangriga,,16.966666666666665,-88.21666666666667
CAAAB,CA,AAB,Lac La Biche,Lac La Biche,AB,54.766666666666666,-111.95
CAABL,CA,ABL,Amberly,Amberly,ON,44.05,-81.71666666666667
CAABR,CA,ABR,Rocky View County,Rocky View County,AB,51.18333333333333,-113.93333333333334
CAAGU,CA,AGU,Aguathuna,Aguathuna,NL,48.55,-58.766666666666666
CAALK,CA,ALK,Adlavik,Adlavik,NL,54.916666666666664,-58.916666666666664
CAALO,CA,ALO,L'Anse-au-Loup,L'Anse-au-Loup,NL,51.516666666666666,-56.833333333333336
CAALV,CA,ALV,Atholville,Atholville,NB,47.983333333333334,-66.71666666666667
CAANZ,CA,ANZ,Anzac,Anzac,AB,56.43333333333333,-111.03333333333333
CAARB,CA,ARB,Arctic Bay,Arctic Bay,NU,73.03333333333333,-85.16666666666667
CAARC,CA,ARC,Arnold's Cove,Arnold's Cove,NL,47.766666666666666,-53.983333333333334
CAARI,CA,ARI,Arichat,Arichat,NS,45.516666666666666,-61.016666666666666
CAASQ,CA,ASQ,Asquith,Asquith,SK,52.11666666666667,-107.21666666666667
CAAVO,CA,AVO,Avondale,Avondale,NL,47.416666666666664,-53.2
CAAVP,CA,AVP,Avonport,Avonport,NS,45.1,-64.25
CABAA,CA,BAA,Bala,Bala,ON,45.0,-79.6
CABAN,CA,BAN,Barrington,Barrington,NS,43.56666666666667,-65.56666666666666
CABBU,CA,BBU,Bay Bulls,Bay Bulls,NL,47.333333333333336,-52.833333333333336
CABC2,CA,BC2,Bow City,Bow City,AB,50.416666666666664,-112.26666666666667
CABDF,CA,BDF,Bedford,Bedford,NS,44.71666666666667,-63.68333333333333
CABDR,CA,BDR,Bald Rock,Bald Rock,NS,44.46666666666667,-63.56666666666667
CABEA,CA,BEA,Beaver Cove,Beaver Cove,BC,50.516666666666666,-126.86666666666666
CABEC,CA,BEC,Bécancour,Becancour,QC,46.333333333333336,-72.43333333333334
CABFR,CA,BFR,Beresford,Beresford,NB,47.68333333333333,-65.7
CABIN,CA,BIN,Burrard Inlet,Burrard Inlet,BC,49.3,-123.18333333333334
CABJO,CA,BJO,Baie-Johan-Beetz,Baie-Johan-Beetz,QC,50.3,-62.833333333333336
CABKA,CA,BKA,Brocket,Brocket,AB,49.55,-113.76666666666667
CABLD,CA,BLD,Belwood,Belwood,ON,43.766666666666666,-80.33333333333333
CABLK,CA,BLK,Baker Lake,Baker Lake,NU,64.31666666666666,-96.03333333333333
CABNI,CA,BNI,Bowen Island,Bowen Island,BC,49.36666666666667,-123.33333333333333
CABOB,CA,BOB,Bobcaygeon,Bobcaygeon,ON,44.53333333333333,-78.55
CABOJ,CA,BOJ,Saint-Bruno-Lac-Saint-Jean,Saint-Bruno-Lac-Saint-Jean,,48.46666666666667,-71.66666666666667
CABOR,CA,BOR,Borden,Borden,PE,46.25,-63.7
CABPO,CA,BPO,Beach Point,Beach Point,PE,46.016666666666666,-62.483333333333334
CABRD,CA,BRD,Brentwood Bay,Brentwood Bay,BC,48.583333333333336,-123.45
CABSK,CA,BSK,Blackstock,Blackstock,ON,44.1,-78.78333333333333
CABST,CA,BST,"Bayside, Charlotte","Bayside, Charlotte",NB,45.13333333333333,-67.11666666666666
CABUA,CA,BUA,Bull Arm,Bull Arm,NL,47.833333333333336,-53.86666666666667
CABUE,CA,BUE,Bouctouche,Bouctouche,NB,46.46666666666667,-64.71666666666667
CABUI,CA,BUI,Burin,Burin,NL,47.05,-55.18333333333333
CABUK,CA,BUK,Burks Falls,Burks Falls,ON,45.63333333333333,-79.45
CABUO,CA,BUO,Burgeo,Burgeo,NL,47.6,-57.63333333333333
CABUS,CA,BUS,Burnside,Burnside,NL,48.7,-53.8
CABVE,CA,BVE,Baie Verte,Baie Verte,NL,49.916666666666664,-56.18333333333333
CABWD,CA,BWD,Botwood,Botwood,NL,49.15,-55.36666666666667
CABYR,CA,BYR,Bay Roberts,Bay Roberts,NL,47.583333333333336,-53.3
CACAC,CA,CAC,Cap-Chat,Cap-Chat,QC,49.083333333333336,-66.68333333333334
CACAH,CA,CAH,Canso,Canso,NS,45.333333333333336,-61.0
CACAM,CA,CAM,Campbell River,Campbell River,BC,50.016666666666666,-125.25
CACAT,CA,CAT,Catalina,Catalina,NL,48.516666666666666,-53.083333333333336
CACAU,CA,CAU,Coal Harbour,Coal Harbour,BC,50.6,-127.58333333333333
CACBC,CA,CBC,Come By Chance,Come By Chance,NL,47.85,-53.983333333333334
CACBF,CA,CBF,Campbellford,Campbellford,ON,44.3,-77.78333333333333
CACBG,CA,CBG,Cobourg,Cobourg,ON,43.96666666666667,-78.16666666666667
CACBK,CA,CBK,Corner Brook,Corner Brook,NL,48.95,-57.93333333333333
CACBY,CA,CBY,Carberry,Carberry,MB,49.86666666666667,-99.35
CACCI,CA,CCI,Crystal City,Crystal City,MB,49.13333333333333,-98.95
CACCV,CA,CCV,Comfort Cove,Comfort Cove,NL,49.333333333333336,-54.86666666666667
CACHA,CA,CHA,Charlottetown,Charlottetown,PE,46.233333333333334,-63.13333333333333
CACHT,CA,CHT,Chéticamp,Cheticamp,NS,46.61666666666667,-61.016666666666666
CACHV,CA,CHV,Churchill,Churchill,MB,58.766666666666666,-94.18333333333334
CACIL,CA,CIL,Change Islands,Change Islands,NL,49.666666666666664,-54.416666666666664
CACLE,CA,CLE,Clarenville,Clarenville,NL,48.15,-53.96666666666667
CACLH,CA,CLH,Clark's Harbour,Clark's Harbour,NS,43.45,-65.63333333333334
CACMV,CA,CMV,Carmanville,Carmanville,NL,49.36666666666667,-54.266666666666666
CACPY,CA,CPY,Cape Ray,Cape Ray,NL,47.63333333333333,-59.3
CACQ5,CA,CQ5,Preissac,Preissac,QC,48.4,-78.36666666666666
CACQT,CA,CQT,Conquitlam,Conquitlam,BC,49.233333333333334,-122.81666666666666
CACRA,CA,CRA,Cranford,Cranford,AB,49.75,-112.35
CACRB,CA,CRB,Carbonear,Carbonear,NL,47.733333333333334,-53.25
CACSI,CA,CSI,Cap-St-Ignace,Cap-St-Ignace,QC,47.03333333333333,-70.45
CACSJ,CA,CSJ,Coniston,Coniston,ON,46.483333333333334,-80.85
CACTR,CA,CTR,Chestermere,Chestermere,AB,51.03333333333333,-113.81666666666666
CACVA,CA,CVA,Cleveland,Cleveland,NS,44.65,-64.0
CACWH,CA,CWH,Cow Head,Cow Head,NL,49.9,-57.78333333333333
CACWT,CA,CWT,Clearwater,Clearwater,BC,51.65,-120.03333333333333
CACYP,CA,CYP,Coley's Point,Coley's Point,NL,47.583333333333336,-53.266666666666666
CADCS,CA,DCS,Dorchester,Dorchester,ON,42.983333333333334,-81.06666666666666
CADEI,CA,DEI,Deer Island,Deer Island,NB,44.96666666666667,-66.96666666666667
CADEL,CA,DEL,Delta,Delta,BC,49.083333333333336,-123.0
CADIL,CA,DIL,Dildo,Dildo,NL,47.55,-53.55
CADLN,CA,DLN,Dublin,Dublin,ON,43.5,-81.28333333333333
CADSA,CA,DSA,Denman Island,Denman Island,BC,49.55,-124.8
CADWL,CA,DWL,Dingwall,Dingwall,NS,46.9,-60.46666666666667
CAEBY,CA,EBY,English Bay,English Bay,BC,49.266666666666666,-123.16666666666667
CAEDC,CA,EDC,Edwards Cove,Edwards Cove,NL,56.833333333333336,-62.5
CAEDI,CA,EDI,Grande-Digue,Grande-Digue,NB,46.28333333333333,-64.55
CAEND,CA,END,Endako,Endako,BC,54.083333333333336,-125.01666666666667
CAETA,CA,ETA,East Angus,East Angus,QC,45.483333333333334,-71.66666666666667
CAETN,CA,ETN,Etang-du-Nord,Etang-du-Nord,QC,47.36666666666667,-61.93333333333333
CAETZ,CA,ETZ,Etzikom,Etzikom,AB,49.483333333333334,-111.1
CAEWT,CA,EWT,Newton,Newton,MB,49.93333333333333,-98.06666666666666
CAFCM,CA,FCM,Kuujjuaq,Kuujjuaq,QC,58.1,-68.4
CAFFS,CA,FFS,Fort Frances,Fort Frances,ON,48.6,-93.4
CAFKN,CA,FKN,Fort Franklin,Fort Franklin,NT,65.18333333333334,-123.41666666666667
CAFLR,CA,FLR,Fall River,Fall River,NS,44.81666666666667,-63.61666666666667
CAFLY,CA,FLY,Fort Langley,Fort Langley,BC,49.166666666666664,-122.56666666666666
CAFMA,CA,FMA,Fort MacKay,Fort MacKay,AB,57.18333333333333,-111.63333333333334
CAFOG,CA,FOG,Fogo,Fogo,NL,49.71666666666667,-54.28333333333333
CAFOR,CA,FOR,Fortune,Fortune,NL,47.06666666666667,-55.833333333333336
CAFRE,CA,FRE,Fredericton,Fredericton,NB,45.95,-66.65
CAFSD,CA,FSD,Fraser-Surrey Docks,Fraser-Surrey Docks,BC,49.11666666666667,-122.73333333333333
CAFWL,CA,FWL,Fort William,Fort William,ON,48.4,-89.23333333333333
CAFWS,CA,FWS,Fraser Wharves,Fraser Wharves,BC,50.96666666666667,-119.2
CAGAN,CA,GAN,Gander,Gander,NL,48.95,-54.55
CAGLB,CA,GLB,Glace Bay,Glace Bay,NS,46.2,-59.96666666666667
CAGLT,CA,GLT,Galt,Galt,ON,43.35,-80.3
CAGMA,CA,GMA,Grand Manan,Grand Manan,NB,44.7,-66.8
CAGNN,CA,GNN,Rockport,Rockport,ON,44.55,-76.26666666666667
CAGOO,CA,GOO,Goose Bay,Goose Bay,NL,53.4,-60.166666666666664
CAGPD,CA,GPD,Port-Daniel - Gascons,Port-Daniel - Gascons,QC,48.166666666666664,-64.91666666666667
CAGPE,CA,GPE,Gaspé,Gaspe,QC,48.833333333333336,-64.48333333333333
CAGRB,CA,GRB,Grand Bank,Grand Bank,NL,47.1,-55.78333333333333
CAHAR,CA,HAR,Harriet Harbour,Harriet Harbour,BC,52.3,-131.4
CAHBN,CA,HBN,Hebron,Hebron,NL,58.2,-62.63333333333333
CAHBR,CA,HBR,Harbour Breton,Harbour Breton,NL,47.483333333333334,-55.833333333333336
CAHCC,CA,HCC,Hacketts Cove,Hacketts Cove,NS,44.56666666666667,-63.93333333333333
CAHEB,CA,HEB,Hébertville,Hebertville,QC,48.38333333333333,-71.68333333333334
CAHHB,CA,HHB,Hants Harbour,Hants Harbour,NL,48.016666666666666,-53.266666666666666
CAHIB,CA,HIB,Hibernia,Hibernia,NS,44.333333333333336,-64.98333333333333
CAHLI,CA,HLI,Herschel Island,Herschel Island,YT,69.56666666666666,-139.06666666666666
CAHMM,CA,HMM,Hemmingford,Hemmingford,QC,45.05,-73.6
CAHMP,CA,HMP,Hampden,Hampden,NL,49.53333333333333,-56.86666666666667
CAHOD,CA,HOD,Holyrood,Holyrood,NL,47.38333333333333,-53.13333333333333
CAHON,CA,HON,Harwood,Harwood,ON,44.13333333333333,-78.18333333333334
CAHOP,CA,HOP,Hopedale,Hopedale,NL,55.45,-60.21666666666667
CAHRE,CA,HRE,Harbour Grace,Harbour Grace,NL,47.68333333333333,-53.25
CAHRF,CA,HRF,Horsefly,Horsefly,BC,52.333333333333336,-121.41666666666667
CAHVR,CA,HVR,Hanover,Hanover,ON,44.13333333333333,-81.01666666666667
CAIAM,CA,IAM,Indian Arm,Indian Arm,BC,49.36666666666667,-122.86666666666666
CAIGL,CA,IGL,Igloolik,Igloolik,NU,69.36666666666666,-81.81666666666666
CAIKM,CA,IKM,Inkerman,Inkerman,ON,45.03333333333333,-75.4
CAILS,CA,ILS,L'Île-des-Soeurs (Nuns Island),L'Ile-des-Soeurs (Nuns Island),QC,45.3,-74.03333333333333
CAIQL,CA,IQL,Iqaluit,Iqaluit,NU,63.733333333333334,-68.5
CAISL,CA,ISL,Island Lake,Island Lake,MB,53.86666666666667,-94.66666666666667
CAIVM,CA,IVM,Invermere,Invermere,BC,50.516666666666666,-116.03333333333333
CAIVN,CA,IVN,Irvine,Irvine,AB,49.95,-110.26666666666667
CAJAC,CA,JAC,Jackson Arm,Jackson Arm,NL,49.86666666666667,-56.8
CAJEG,CA,JEG,Jemseg,Jemseg,NB,45.81666666666667,-66.1
CAKEE,CA,KEE,Keene,Keene,ON,44.25,-78.16666666666667
CAKHO,CA,KHO,Key Harbour,Key Harbour,ON,45.88333333333333,-80.73333333333333
CAKKR,CA,KKR,Kinkora,Kinkora,PE,5.05,-64.0
CAKLO,CA,KLO,Kaslo,Kaslo,BC,49.9,-116.91666666666667
CAKNE,CA,KNE,Kinnear's Mills,Kinnear's Mills,QC,46.21666666666667,-71.38333333333334
CAKOV,CA,KOV,Kovik Bay,Kovik Bay,QC,61.55,-77.73333333333333
CALAY,CA,LAY,Lower Argyle,Lower Argyle,NS,43.733333333333334,-65.83333333333333
CALB3,CA,LB3,L'Anse-à-Beaufils,L'Anse-a-Beaufils,QC,48.46666666666667,-64.3
CALCP,CA,LCP,Lockeport,Lockeport,NS,43.7,-65.11666666666666
CALCV,CA,LCV,Lower Cove,Lower Cove,NL,48.516666666666666,-59.0
CALDS,CA,LDS,Lansdowne,Lansdowne,ON,52.21666666666667,-87.88333333333334
CALDT,CA,LDT,Lac-Drolet,Lac-Drolet,QC,45.71666666666667,-70.85
CALEV,CA,LEV,Lévis,Levis,QC,46.8,-71.16666666666667
CALLF,CA,LLF,Clifford,Clifford,ON,43.96666666666667,-80.96666666666667
CALMD,CA,LMD,Lomond,Lomond,NL,49.45,-57.766666666666666
CALMW,CA,LMW,La Salle,La Salle,MB,49.7,-97.26666666666667
CALOB,CA,LOB,Lobo,Lobo,ON,43.0,-81.41666666666667
CALOH,CA,LOH,Long Harbour,Long Harbour,NL,47.43333333333333,-53.8
CALOP,CA,LOP,Long Pond,Long Pond,NL,48.0,-55.916666666666664
CALOU,CA,LOU,Louisbourg,Louisbourg,NS,45.916666666666664,-59.983333333333334
CALSE,CA,LSE,Lakeshore,Lakeshore,ON,42.28333333333333,-82.73333333333333
CALVH,CA,LVH,Laverlochère,Laverlochere,QC,47.416666666666664,-79.28333333333333
CALWB,CA,LWB,Lowbanks,Lowbanks,ON,42.86666666666667,-79.45
CALWH,CA,LWH,Lower Woods Harbour,Lower Woods Harbour,NS,43.516666666666666,-65.73333333333333
CALWP,CA,LWP,Lewisporte,Lewisporte,NL,49.233333333333334,-55.06666666666667
CALZV,CA,LZV,Lantzville,Lantzville,BC,49.25,-124.08333333333333
CAMAB,CA,MAB,Mabou,Mabou,NS,46.06666666666667,-61.38333333333333
CAMAG,CA,MAG,Magog,Magog,QC,45.266666666666666,-72.15
CAMBR,CA,MBR,Main Brook,Main Brook,NL,51.18333333333333,-56.016666666666666
CAMFD,CA,MFD,Meaford,Meaford,ON,44.6,-80.6
CAMGH,CA,MGH,Merigomish,Merigomish,NS,45.61666666666667,-62.416666666666664
CAMHN,CA,MHN,Les Mechins,Les Mechins,QC,49.0,-66.96666666666667
CAMIB,CA,MIB,Mission,Mission,BC,49.13333333333333,-122.3
CAMLK,CA,MLK,Millbank,Millbank,NB,47.05,-65.45
CAMNI,CA,MNI,Milne Inlet Port,Milne Inlet Port,NU,71.88333333333334,-80.91666666666667
CAMOL,CA,MOL,Mont-Louis,Mont-Louis,QC,49.21666666666667,-65.75
CAMRE,CA,MRE,Montréal-Est,Montreal-Est,QC,45.63333333333333,-73.5
CAMSV,CA,MSV,Minesville,Minesville,NS,44.68333333333333,-63.36666666666667
CAMSW,CA,MSW,Metiskow,Metiskow,AB,52.4,-110.63333333333334
CAMTI,CA,MTI,Malartic,Malartic,QC,48.13333333333333,-78.11666666666666
CAMTN,CA,MTN,Marystown,Marystown,NL,47.166666666666664,-55.166666666666664
CAMTO,CA,MTO,Minto,Minto,NB,46.083333333333336,-66.06666666666666
CAMUS,CA,MUS,Musquodoboit Harbour,Musquodoboit Harbour,NS,44.78333333333333,-63.13333333333333
CAMYO,CA,MYO,Mindemoya,Mindemoya,ON,45.733333333333334,-82.16666666666667
CANAI,CA,NAI,Nain,Nain,NL,56.55,-61.68333333333333
CANAK,CA,NAK,Nakusp,Nakusp,BC,50.233333333333334,-117.8
CANAN,CA,NAN,Nanticoke,Nanticoke,ON,42.8,-80.06666666666666
CANBC,CA,NBC,Notre-Dame-du-Bon-Conseil,Notre-Dame-du-Bon-Conseil,QC,46.0,-72.35
CANCV,CA,NCV,Norman's Cove,Norman's Cove,NL,47.55,-53.666666666666664
CANDL,CA,NDL,Notre-Dame-de-Lourdes,Notre-Dame-de-Lourdes,MB,49.53333333333333,-98.55
CANLS,CA,NLS,Nelson,Nelson,BC,49.483333333333334,-117.3
CANMT,CA,NMT,Naramata,Naramata,BC,49.6,-119.58333333333333
CANOL,CA,NOL,Niagara-on-the-Lake,Niagara-on-the-Lake,ON,43.25,-79.06666666666666
CANRB,CA,NRB,North Bend,North Bend,BC,49.88333333333333,-121.46666666666667
CANS3,CA,NS3,Neil's Harbour,Neil's Harbour,NS,46.25,-60.55
CANTR,CA,NTR,Bantry,Bantry,AB,50.483333333333334,-111.73333333333333
CANWP,CA,NWP,Argentia,Argentia,NL,47.3,-54.0
CAOAJ,CA,OAJ,Oakville,Oakville,MB,49.916666666666664,-98.0
CAODE,CA,ODE,Odessa,Odessa,ON,44.266666666666666,-76.71666666666667
CAOLS,CA,OLS,Orléans,Orleans,ON,45.45,-75.53333333333333
CAOON,CA,OON,Halton Hills,Halton Hills,ON,43.61666666666667,-79.95
CAOVR,CA,OVR,Oliver,Oliver,BC,49.166666666666664,-119.55
CAPAF,CA,PAF,Port-Alfred,Port-Alfred,QC,48.333333333333336,-70.88333333333334
CAPAP,CA,PAP,Port au Port,Port au Port,NL,48.55,-58.71666666666667
CAPBQ,CA,PBQ,Channel-Port aux Basques,Channel-Port aux Basques,NL,47.56666666666667,-59.15
CAPCA,CA,PCA,Port-Cartier,Port-Cartier,QC,50.016666666666666,-66.86666666666666
CAPDL,CA,PDL,Port-Daniel,Port-Daniel,QC,48.18333333333333,-64.98333333333333
CAPEL,CA,PEL,Port Elgin,Port Elgin,NB,46.03333333333333,-64.08333333333333
CAPEW,CA,PEW,Point Edward,Point Edward,ON,43.0,-82.4
CAPFT,CA,PFT,Pointe-Fortune,Pointe-Fortune,QC,45.56666666666667,-74.36666666666666
CAPHL,CA,PHL,Philipsburg,Philipsburg,QC,45.03333333333333,-73.06666666666666
CAPHM,CA,PHM,Pohénégamook,Pohenegamook,QC,47.483333333333334,-69.28333333333333
CAPMA,CA,PMA,Port McNeill,Port McNeill,BC,50.583333333333336,-127.1
CAPME,CA,PME,Port-Menier,Port-Menier,QC,49.81666666666667,-64.35
CAPNO,CA,PNO,Pointe Noire,Pointe Noire,QC,50.15,-66.48333333333333
CAPOI,CA,POI,Pointe-Claire,Pointe-Claire,QC,45.43333333333333,-73.73333333333333
CAPPT,CA,PPT,Prospect,Prospect,NS,44.46666666666667,-63.78333333333333
CAPSV,CA,PSV,Pleasantville,Pleasantville,NS,44.333333333333336,-64.43333333333334
CAPTD,CA,PTD,Portugal Cove,Portugal Cove,NL,47.63333333333333,-52.85
CAPTH,CA,PTH,Penetanguishene,Penetanguishene,ON,44.766666666666666,-79.93333333333334
CAPTU,CA,PTU,Point Tupper,Point Tupper,NS,45.6,-61.36666666666667
CAPWE,CA,PWE,Port Weller,Port Weller,ON,43.21666666666667,-79.21666666666667
CAPXT,CA,PXT,Pointe-aux-Trembles,Pointe-aux-Trembles,QC,45.65,-73.48333333333333
CAQCH,CA,QCH,Queen Charlotte,Queen Charlotte,BC,53.25,-132.06666666666666
CAQLE,CA,QLE,Les Escoumins,Les Escoumins,QC,48.35,-69.41666666666667
CARAM,CA,RAM,Ramea,Ramea,NL,47.516666666666666,-57.416666666666664
CARBN,CA,RBN,Robinsons,Robinsons,NL,48.25,-58.78333333333333
CARBY,CA,RBY,Red Bay,Red Bay,NL,51.733333333333334,-56.416666666666664
CARCD,CA,RCD,Rockwood,Rockwood,ON,43.61666666666667,-80.13333333333334
CARDL,CA,RDL,Rivière-du-Loup,Riviere-du-Loup,QC,47.833333333333336,-69.53333333333333
CAREL,CA,REL,La Relance,La Relance,QC,50.15,-66.45
CARIT,CA,RIT,Rankin Inlet,Rankin Inlet,NU,62.81666666666667,-92.06666666666666
CAROD,CA,ROD,Roddickton,Roddickton,NL,50.85,-56.11666666666667
CARPO,CA,RPO,Rossport,Rossport,ON,48.833333333333336,-87.51666666666667
CARRC,CA,RRC,Red Rock,Red Rock,ON,48.95,-88.28333333333333
CARRE,CA,RRE,Château-Richer,Chateau-Richer,QC,46.96666666666667,-71.01666666666667
CARSV,CA,RSV,Robertsonville,Robertsonville,QC,46.13333333333333,-71.21666666666667
CARTB,CA,RTB,Robert's Bank,Robert's Bank,BC,49.06666666666667,-123.16666666666667
CAS8A,CA,S8A,Saint Albert,Saint Albert,AB,53.63333333333333,-113.63333333333334
CASAG,CA,SAG,Saguenay,Saguenay,QC,48.416666666666664,-71.06666666666666
CASAT,CA,SAT,Saint-Anthony,Saint-Anthony,NL,51.38333333333333,-55.6
CASAU,CA,SAU,Saint-Augustin,Saint-Augustin,QC,51.233333333333334,-58.65
CASBH,CA,SBH,Sandy Beach,Sandy Beach,QC,48.81666666666667,-64.41666666666667
CASCA,CA,SCA,Saint-Catharines,Saint-Catharines,ON,43.166666666666664,-79.23333333333333
CASCP,CA,SCP,Saint-Christophe-d'Arthabaska,Saint-Christophe-d'Arthabaska,QC,46.03333333333333,-71.91666666666667
CASCT,CA,SCT,Sainte-Catherine,Sainte-Catherine,QC,45.4,-73.58333333333333
CASDM,CA,SDM,Sainte-Anne-des-Monts,Sainte-Anne-des-Monts,QC,49.11666666666667,-66.48333333333333
CASDN,CA,SDN,Saint-Damien-de-Brandon,Saint-Damien-de-Brandon,QC,46.333333333333336,-73.48333333333333
CASEB,CA,SEB,Seven Islands Bay,Seven Islands Bay,NL,59.416666666666664,-63.75
CASED,CA,SED,Sedgewick,Sedgewick,AB,52.766666666666666,-111.68333333333334
CASEI,CA,SEI,Sept-Iles,Sept-Iles,QC,50.2,-66.38333333333334
CASEM,CA,SEM,Seldom,Seldom,NL,49.6,-54.166666666666664
CASEU,CA,SEU,Saint-Eustache,Saint-Eustache,QC,45.56666666666667,-73.9
CASF2,CA,SF2,Sanford,Sanford,MB,49.666666666666664,-97.43333333333334
CASFI,CA,SFI,Sainte-Famille,Sainte-Famille,QC,46.96666666666667,-70.96666666666667
CASFR,CA,SFR,Saint-François-du-Lac,Saint-Francois-du-Lac,QC,46.06666666666667,-72.83333333333333
CASFX,CA,SFX,Saint-Félix-de-Valois,Saint-Felix-de-Valois,QC,46.166666666666664,-73.4
CASHH,CA,SHH,Sheet Harbour,Sheet Harbour,NS,44.93333333333333,-62.53333333333333
CASIM,CA,SIM,Imperial,Imperial,SK,51.333333333333336,-105.43333333333334
CASIO,CA,SIO,Sicamous,Sicamous,BC,50.833333333333336,-118.98333333333333
CASJB,CA,SJB,Saint-John,Saint-John,NB,45.266666666666666,-66.06666666666666
CASJF,CA,SJF,Saint-John's,Saint-John's,NL,47.56666666666667,-52.733333333333334
CASKL,CA,SKL,Lower Sackville,Lower Sackville,NS,46.583333333333336,-41.733333333333334
CASLB,CA,SLB,Shelburne,Shelburne,ON,44.06666666666667,-80.2
CASLK,CA,SLK,Split Lake,Split Lake,MB,56.25,-96.1
CASLT,CA,SLT,Saint-Lambert,Saint-Lambert,QC,45.483333333333334,-73.5
CASLW,CA,SLW,Saint-Lawrence,Saint-Lawrence,NL,46.9,-55.4
CASMS,CA,SMS,Saint-Marys,Saint-Marys,NL,46.916666666666664,-53.583333333333336
CASMT,CA,SMT,Stormont,Stormont,NS,45.21666666666667,-61.733333333333334
CASNV,CA,SNV,Shaunavon,Shaunavon,SK,49.65,-108.4
CASPA,CA,SPA,Saint-Pascal,Saint-Pascal,QC,47.53333333333333,-69.8
CASPD,CA,SPD,Springdale,Springdale,NL,49.483333333333334,-56.1
CASPI,CA,SPI,Saint-Pierre,Saint-Pierre,QC,45.45,-73.63333333333334
CASPN,CA,SPN,Spaniards Bay,Spaniards Bay,NL,47.61666666666667,-53.3
CASRA,CA,SRA,Saint-Roch-de-l'Achigan,Saint-Roch-de-l'Achigan,QC,45.85,-73.58333333333333
CASRO,CA,SRO,Saint-Romuald-d'Etchemin,Saint-Romuald-d'Etchemin,QC,46.75,-71.23333333333333
CASRS,CA,SRS,Saint-Peters,Saint-Peters,NS,45.65,-60.86666666666667
CASST,CA,SST,Saint-Shotts,Saint-Shotts,NL,46.63333333333333,-53.6
CAST3,CA,ST3,Saint-Félix-de-Kingsey,Saint-Felix-de-Kingsey,QC,45.8,-72.18333333333334
CASTD,CA,STD,Saint-Armand,Saint-Armand,QC,45.016666666666666,-73.03333333333333
CASTK,CA,STK,Stockton,Stockton,MB,49.583333333333336,-99.45
CASTV,CA,STV,Stephenville,Stephenville,NL,48.55,-58.56666666666667
CASVD,CA,SVD,Sainte-Victoire-de-Sorel,Sainte-Victoire-de-Sorel,QC,46.0,-73.16666666666667
CASYI,CA,SYI,Stoney Island,Stoney Island,NS,43.46666666666667,-65.56666666666666
CASYL,CA,SYL,Sylvan Lake,Sylvan Lake,AB,52.31666666666667,-114.08333333333333
CASYW,CA,SYW,Sayward,Sayward,BC,50.35,-125.91666666666667
CASZT,CA,SZT,Saint-Zotique,Saint-Zotique,QC,45.233333333333334,-74.25
CATBY,CA,TBY,Thornbury,Thornbury,ON,44.55,-80.45
CATCV,CA,TCV,Tilt Cove,Tilt Cove,NL,49.88333333333333,-55.61666666666667
CATHA,CA,THA,Thamesford,Thamesford,ON,43.05,-80.98333333333333
CATHH,CA,THH,Three Hills,Three Hills,AB,51.7,-113.26666666666667
CATJN,CA,TJN,Tring Jonction,Tring Jonction,QC,46.266666666666666,-71.0
CATRO,CA,TRO,Trochu,Trochu,AB,51.833333333333336,-113.23333333333333
CATTL,CA,TTL,Thetis Island,Thetis Island,BC,48.983333333333334,-123.68333333333334
CATWI,CA,TWI,Twillingate,Twillingate,NL,49.65,-54.75
CATWN,CA,TWN,Thawwassen,Thawwassen,BC,49.0,-123.06666666666666
CAUCL,CA,UCL,Ucluelet,Ucluelet,,48.93333333333333,-125.51666666666667
CAUPT,CA,UPT,Upton,Upton,QC,45.63333333333333,-72.68333333333334
CAVCH,CA,VCH,Verchères,Vercheres,QC,45.766666666666666,-73.35
CAVIC,CA,VIC,Victoria,Victoria,BC,48.43333333333333,-123.35
CAVIH,CA,VIH,Victoria Harbour,Victoria Harbour,ON,44.75,-79.76666666666667
CAVLF,CA,VLF,Valleyfield,Valleyfield,QC,45.25,-74.13333333333334
CAVOB,CA,VOB,Voisey's Bay,Voisey's Bay,NL,56.25,-61.85
CAVOS,CA,VOS,Prévost,Prevost,QC,45.86666666666667,-74.08333333333333
CAW4C,CA,W4C,Saint-Gédéon,Saint-Gedeon,QC,48.483333333333334,-71.78333333333333
CAWDR,CA,WDR,Windsor,Windsor,NS,44.983333333333334,-64.13333333333334
CAWHH,CA,WHH,Whiffen Head,Whiffen Head,NL,47.75,-54.03333333333333
CAWTN,CA,WTN,Walton,Walton,NS,45.21666666666667,-64.01666666666667
CAWTO,CA,WTO,Westport,Westport,ON,44.68333333333333,-76.4
CAWVR,CA,WVR,West Vancouver,West Vancouver,BC,49.333333333333336,-123.15
CAWWO,CA,WWO,Wildwood,Wildwood,AB,53.61666666666667,-115.23333333333333
CAXJH,CA,XJH,Saint-Joseph-de-Beauce,Saint-Joseph-de-Beauce,QC,46.3,-70.86666666666666
CAXVX,CA,XVX,Emerald Park,Emerald Park,SK,50.733333333333334,-104.63333333333334
CAXZC,CA,XZC,Saint-Isidore d'Auckland,Saint-Isidore d'Auckland,QC,45.266666666666666,-71.51666666666667
CAYCB,CA,YCB,Cambridge Bay,Cambridge Bay,NU,69.11666666666666,-105.08333333333333
CAYCS,CA,YCS,Chesterfield Inlet,Chesterfield Inlet,NU,63.333333333333336,-90.7
CAYDH,CA,YDH,Daniels Harbour,Daniels Harbour,NL,50.233333333333334,-57.583333333333336
CAYEK,CA,YEK,Arviat,Arviat,NU,61.1,-94.05
CAYGZ,CA,YGZ,Grise Fiord,Grise Fiord,NU,76.41666666666667,-82.95
CAYHK,CA,YHK,Gjoa Haven,Gjoa Haven,NU,68.61666666666666,-95.83333333333333
CAYMD,CA,YMD,Mould Bay,Mould Bay,NT,76.23333333333333,-119.35
CAYMH,CA,YMH,Mary's Harbour,Mary's Harbour,NL,52.31666666666667,-55.833333333333336
CAYWM,CA,YWM,Williams Harbour,Williams Harbour,NL,52.55,-55.78333333333333
CAYXN,CA,YXN,Whale Cove,Whale Cove,NU,62.166666666666664,-92.58333333333333
CAYZS,CA,YZS,Coral Harbour,Coral Harbour,NU,64.13333333333334,-83.16666666666667
CAZCR,CA,ZCR,Saint-Charles-sur-Richelieu,Saint-Charles-sur-Richelieu,QC,45.68333333333333,-73.18333333333334
CAZFT,CA,ZFT,Forest,Forest,ON,43.1,-82.0
CAZTI,CA,ZTI,Saint-Tite,Saint-Tite,QC,46.733333333333334,-72.56666666666666
CAZYE,CA,ZYE,Yamachiche,Yamachiche,QC,46.28333333333333,-72.83333333333333
CCCCK,CC,CCK,Cocos Islands,Cocos Islands,,-12.0,96.83333333333333
CDBNW,CD,BNW,Banana,Banana,,6.016666666666667,12.4
CDMHB,CD,MHB,Moho Bilondo,Moho Bilondo,,-5.916666666666667,10.25
CDMKL,CD,MKL,Makala,Makala,,2.8166666666666664,24.716666666666665
CFTOG,CF,TOG,Togo,Togo,,5.5,21.716666666666665
CGMOS,CG,MOS,Mossaka,Mossaka,,-1.2166666666666668,16.8
CGNKO,CG,NKO,N'Kossa Terminal,N'Kossa Terminal,,-5.233333333333333,11.6
CGOYO,CG,OYO,Oyo,Oyo,,1.0,15.9
CGPNR,CG,PNR,Pointe Noire,Pointe Noire,16,-4.8,11.85
CGYOM,CG,YOM,Yombo,Yombo,9,-2.9333333333333336,12.7
CHBA8,CH,BA8,Ballwil,Ballwil,LU,47.15,8.316666666666666
CHBIB,CH,BIB,Biberist,Biberist,SO,47.18333333333333,7.566666666666666
CHBIR,CH,BIR,Birrwil,Birrwil,AG,47.28333333333333,8.2
CHBLY,CH,BLY,Blonay,Blonay,VD,46.46666666666667,6.9
CHBRU,CH,BRU,Brunnen,Brunnen,SZ,46.983333333333334,8.6
CHBRZ,CH,BRZ,Bad Ragaz,Bad Ragaz,SG,47.0,9.5
CHBSM,CH,BSM,Bretigny-sur-Morrens,Bretigny-sur-Morrens,VD,46.6,6.633333333333333
CHBTT,CH,BTT,Brutten,Brutten,ZH,47.46666666666667,8.666666666666666
CHBUR,CH,BUR,Bursinel,Bursinel,VD,46.43333333333333,6.283333333333333
CHCBL,CH,CBL,Collonge-Bellerive,Collonge-Bellerive,GE,46.25,6.2
CHCHE,CH,CHE,Chevenez,Chevenez,22,47.38333333333333,7.0
CHCHS,CH,CHS,Chesieres,Chesieres,VD,46.3,7.05
CHCOP,CH,COP,Coppet,Coppet,GE,46.31666666666667,6.2
CHCVT,CH,CVT,Couvet,Couvet,NE,46.916666666666664,6.633333333333333
CHDOT,CH,DOT,Döttingen,Dottingen,AG,47.56666666666667,8.25
CHDSF,CH,DSF,Epalinges,Epalinges,VD,46.55,6.666666666666667
CHEPS,CH,EPS,Epesses,Epesses,VD,46.483333333333334,6.733333333333333
CHERB,CH,ERB,Erlenbach,Erlenbach,ZH,47.3,8.6
CHFEM,CH,FEM,Feldmeilen,Feldmeilen,ZH,47.28333333333333,8.616666666666667
CHFLA,CH,FLA,Fläsch,Flasch,GR,47.016666666666666,9.516666666666667
CHGEL,CH,GEL,Lancy,Lancy,GE,46.18333333333333,6.133333333333334
CHGRG,CH,GRG,Gorgier,Gorgier,NE,46.9,6.766666666666667
CHGTT,CH,GTT,Güttingen,Guttingen,TG,47.6,9.283333333333333
CHHBG,CH,HBG,Herrliberg,Herrliberg,ZH,47.28333333333333,8.616666666666667
CHHHM,CH,HHM,Cham,Cham,ZG,47.18333333333333,8.466666666666667
CHHTE,CH,HTE,Hauterive,Hauterive,NE,47.016666666666666,6.966666666666667
CHK3L,CH,K3L,Kollbrunn,Kollbrunn,ZH,47.45,8.783333333333333
CHKPP,CH,KPP,Koppigen,Koppigen,BE,47.13333333333333,7.6
CHLDO,CH,LDO,Le Landeron,Le Landeron,NE,47.05,7.066666666666666
CHLLU,CH,LLU,Le Lieu,Le Lieu,VD,46.65,6.266666666666667
CHMAU,CH,MAU,Maur,Maur,ZH,47.333333333333336,8.666666666666666
CHMDF,CH,MDF,Männedorf,Mannedorf,ZH,47.416666666666664,9.133333333333333
CHMIG,CH,MIG,Miege,Miege,VS,46.31666666666667,7.55
CHMLN,CH,MLN,Meilen,Meilen,ZH,47.28333333333333,8.633333333333333
CHMWA,CH,MWA,Meisterschwanden,Meisterschwanden,AG,47.28333333333333,8.233333333333333
CHN66,CH,N66,Choindez,Choindez,JU,47.31666666666667,7.383333333333334
CHNDB,CH,NDB,Niederbipp,Niederbipp,BE,47.266666666666666,7.683333333333334
CHNEF,CH,NEF,Näfels,Nafels,GL,47.1,9.066666666666666
CHODB,CH,ODB,Oberried am Brienzersee,Oberried am Brienzersee,BE,46.733333333333334,7.95
CHPOR,CH,POR,Porto Ronco,Porto Ronco,TI,46.13333333333333,8.733333333333333
CHRGT,CH,RGT,Rougemont,Rougemont,VD,46.483333333333334,7.216666666666667
CHRGU,CH,RGU,Klingnau,Klingnau,AG,47.583333333333336,8.25
CHRMH,CH,RMH,Romanshorn,Romanshorn,TG,47.56666666666667,9.383333333333333
CHRNB,CH,RNB,Reichenbach,Reichenbach,BE,46.61666666666667,7.683333333333334
CHRRN,CH,RRN,Raron,Raron,VS,46.3,7.8
CHSAS,CH,SAS,Saint-Aubin-Sauges,Saint-Aubin-Sauges,NE,46.88333333333333,6.766666666666667
CHSEN,CH,SEN,Schenkon,Schenkon,LU,47.166666666666664,8.133333333333333
CHSMK,CH,SMK,Schmerikon,Schmerikon,SG,47.233333333333334,8.933333333333334
CHSSV,CH,SSV,Saint-Sulpice,Saint-Sulpice,VD,46.516666666666666,6.566666666666666
CHSTA,CH,STA,Stansstad,Stansstad,NW,46.96666666666667,8.333333333333334
CHSTI,CH,STI,Steinhausen,Steinhausen,ZG,47.2,8.466666666666667
CHTAN,CH,TAN,Twann,Twann,BE,47.1,7.15
CHTTG,CH,TTG,Salenstein,Salenstein,TG,47.666666666666664,9.05
CHTZE,CH,TZE,Utzenstorf,Utzenstorf,BE,47.13333333333333,7.55
CHUKS,CH,UKS,Uetikon am See,Uetikon am See,ZH,47.266666666666666,8.666666666666666
CHVAU,CH,VAU,Vaumarcus,Vaumarcus,NE,46.86666666666667,6.75
CHVS5,CH,VS5,Villaz-Saint-Pierre,Villaz-Saint-Pierre,FR,46.71666666666667,6.966666666666667
CHVSX,CH,VSX,Versoix,Versoix,GE,46.28333333333333,6.166666666666667
CHVZU,CH,VZU,Vitznau,Vitznau,LU,47.016666666666666,8.483333333333333
CHWCW,CH,WCW,Walchwil,Walchwil,ZG,47.1,8.516666666666667
CHWLO,CH,WLO,Würenlos,Wurenlos,AG,47.45,8.366666666666667
CHXRE,CH,XRE,Aeugst am Albis,Aeugst am Albis,ZH,47.266666666666666,8.483333333333333
CHXZX,CH,XZX,Ibach,Ibach,SZ,47.016666666666666,8.65
CIABJ,CI,ABJ,Abidjan,Abidjan,AB,5.333333333333333,-4.016666666666667
CIASS,CI,ASS,Assinie-Mafia,Assinie-Mafia,,5.116666666666666,-3.283333333333333
CIBAO,CI,BAO,Baobab Terminal,Baobab Terminal,,4.95,-4.55
CIDAB,CI,DAB,Dabou,Dabou,,5.316666666666666,-4.366666666666666
CIESP,CI,ESP,Espoir,Espoir,,5.066666666666666,-4.383333333333334
CIFRE,CI,FRE,Fresco,Fresco,,5.083333333333333,-5.566666666666666
CIGBA,CI,GBA,Gbabam,Gbabam,,5.466666666666667,-5.583333333333333
CIGLU,CI,GLU,Grand Lahou,Grand Lahou,,5.133333333333334,-5.016666666666667
CIJAC,CI,JAC,Jacqueville,Jacqueville,,5.2,-4.416666666666667
CIKOS,CI,KOS,Kosagi,Kosagi,,8.216666666666667,-8.1
CIPBT,CI,PBT,Port-Bouët,Port-Bouet,,5.25,-3.966666666666667
CISPY,CI,SPY,San-Pédro,San-Pedro,09,4.733333333333333,-6.616666666666667
CLACH,CL,ACH,Achao,Achao,LL,-42.45,-73.51666666666667
CLANF,CL,ANF,Antofagasta,Antofagasta,AN,-23.633333333333333,-70.38333333333334
CLARA,CL,ARA,Arauco,Arauco,BI,-37.25,-73.31666666666666
CLARI,CL,ARI,Arica,Arica,AP,-18.483333333333334,-70.31666666666666
CLAYA,CL,AYA,Ayacara,Ayacara,LL,-42.3,-72.78333333333333
CLBAG,CL,BAG,Bahía San Gregorio,Bahia San Gregorio,MA,-52.61666666666667,-70.13333333333334
CLBAR,CL,BAR,Barquito,Barquito,AT,-26.35,-70.63333333333334
CLBLR,CL,BLR,Bahia Laredo,Bahia Laredo,MA,-52.96666666666667,-70.8
CLCAA,CL,CAA,Calderilla,Calderilla,AT,-27.083333333333332,-70.85
CLCAL,CL,CAL,Caleta Patillos,Caleta Patillos,,-20.75,-70.2
CLCBC,CL,CBC,Calbuco,Calbuco,LL,-41.75,-73.13333333333334
CLCCA,CL,CCA,Chacao,Chacao,LL,-41.833333333333336,-73.53333333333333
CLCCP,CL,CCP,Concepción,Concepcion,BI,-36.81666666666667,-73.05
CLCDV,CL,CDV,Curaco de Vélez,Curaco de Velez,LL,-42.43333333333333,-73.56666666666666
CLCGR,CL,CGR,Cruz Grande,Cruz Grande,CO,-29.45,-71.3
CLCHB,CL,CHB,Chacabuco,Chacabuco,AI,-45.483333333333334,-72.81666666666666
CLCHI,CL,CHI,Chiguayante,Chiguayante,BI,-36.916666666666664,-73.01666666666667
CLCHO,CL,CHO,Chonchi,Chonchi,LL,-42.6,-73.8
CLCHR,CL,CHR,Cabo de Hornos,Cabo de Hornos,MA,-55.96666666666667,-67.2
CLCIS,CL,CIS,Puerto Cisnes,Puerto Cisnes,AI,-44.733333333333334,-72.7
CLCLD,CL,CLD,Caldera,Caldera,AT,-27.033333333333335,-70.8
CLCLR,CL,CLR,Caleta Clarencia,Caleta Clarencia,MA,-52.88333333333333,-70.1
CLCNL,CL,CNL,Coronel,Coronel,BI,-37.016666666666666,-73.15
CLCNR,CL,CNR,Chañaral,Chanaral,AT,-26.35,-70.61666666666666
CLCNX,CL,CNX,Cabo Negro,Cabo Negro,MA,-52.96666666666667,-70.85
CLCOL,CL,COL,Caleta Coloso,Caleta Coloso,AN,-23.75,-70.46666666666667
CLCPO,CL,CPO,Copiapó,Copiapo,AT,-27.35,-70.33333333333333
CLCQQ,CL,CQQ,Coquimbo,Coquimbo,CO,-29.966666666666665,-71.33333333333333
CLCRH,CL,CRH,Carahue,Carahue,LL,-43.0,-73.55
CLCRR,CL,CRR,Corral,Corral,LL,-39.86666666666667,-73.43333333333334
CLCST,CL,CST,Constitución,Constitucion,ML,-35.333333333333336,-72.41666666666667
CLDCH,CL,DCH,Dalcahue,Dalcahue,LL,-42.38333333333333,-73.66666666666667
CLEDE,CL,EDE,Puerto Edén,Puerto Eden,MA,-49.15,-74.45
CLGUA,CL,GUA,Guaitecas,Guaitecas,AI,-43.733333333333334,-73.9
CLGYC,CL,GYC,Guayacán,Guayacan,CO,-29.983333333333334,-71.36666666666666
CLHSO,CL,HSO,Huasco,Huasco,AT,-28.45,-71.21666666666667
CLHUH,CL,HUH,Hualaihué,Hualaihue,LL,-42.016666666666666,-72.68333333333334
CLIPC,CL,IPC,Isla de Pascua,Isla de Pascua,VS,-27.15,-109.41666666666667
CLIQQ,CL,IQQ,Iquique,Iquique,TA,-20.216666666666665,-70.13333333333334
CLISG,CL,ISG,Isla Guarello,Isla Guarello,MA,-52.666666666666664,-73.68333333333334
CLJFZ,CL,JFZ,Juan Fernández,Juan Fernandez,VS,-33.666666666666664,-79.78333333333333
CLKNA,CL,KNA,Viña del Mar,Vina del Mar,VS,-32.983333333333334,-71.55
CLLEB,CL,LEB,Lebu,Lebu,BI,-37.6,-73.65
CLLIA,CL,LIA,Llanquihue,Llanquihue,LL,-41.25,-73.0
CLLLI,CL,LLI,Llico,Llico,BI,-37.2,-73.56666666666666
CLLOH,CL,LOH,Paso Lago O'Higgins/O'Higgins,Paso Lago O'Higgins/O'Higgins,AI,-48.86666666666667,-72.66666666666667
CLLOS,CL,LOS,Los Vilos,Los Vilos,CO,-31.9,-71.5
CLLQN,CL,LQN,Lirquén,Lirquen,BI,-36.7,-72.98333333333333
CLLSC,CL,LSC,La Serena,La Serena,CO,-29.883333333333333,-71.23333333333333
CLLTA,CL,LTA,Lota,Lota,BI,-37.083333333333336,-73.15
CLLVT,CL,LVT,Los Vientos,Los Vientos,AN,-24.683333333333334,-69.76666666666667
CLMIC,CL,MIC,Michilla,Michilla,AN,-22.733333333333334,-70.26666666666667
CLMJS,CL,MJS,Mejillones,Mejillones,AN,-23.1,-70.45
CLMLI,CL,MLI,Melinka,Melinka,LL,-43.86666666666667,-73.75
CLMLL,CL,MLL,Maullín,Maullin,LL,-41.61666666666667,-73.58333333333333
CLNAL,CL,NAL,Nueva Aldea,Nueva Aldea,BI,-36.65,-72.45
CLOHI,CL,OHI,O'Higgins,O'Higgins,AI,-48.46666666666667,-72.56666666666666
CLOVL,CL,OVL,Ovalle,Ovalle,CO,-30.583333333333332,-71.2
CLPAG,CL,PAG,Puerto Angamos,Puerto Angamos,AN,-23.083333333333332,-70.45
CLPAN,CL,PAN,Panguipulli,Panguipulli,LL,-39.63333333333333,-72.33333333333333
CLPAT,CL,PAT,Puerto Patache,Puerto Patache,TA,-20.8,-70.2
CLPCH,CL,PCH,Puerto Chacabuco,Puerto Chacabuco,AI,-45.483333333333334,-72.83333333333333
CLPCK,CL,PCK,Pecket,Pecket,MA,-52.95,-71.18333333333334
CLPEO,CL,PEO,Penco,Penco,BI,-36.71666666666667,-72.98333333333333
CLPGA,CL,PGA,Pargua,Pargua,LL,-41.8,-73.43333333333334
CLPIS,CL,PIS,Pisagua,Pisagua,TA,-19.6,-70.2
CLPMC,CL,PMC,Puerto Montt,Puerto Montt,LL,-41.46666666666667,-72.95
CLPNT,CL,PNT,Puerto Natales,Puerto Natales,MA,-51.71666666666667,-72.5
CLPOC,CL,POC,Puerto Octay,Puerto Octay,LL,-40.96666666666667,-72.9
CLPOS,CL,POS,Posesión,Posesion,CO,-29.9,-70.06666666666666
CLPPY,CL,PPY,Puerto Percy,Puerto Percy,MA,-52.9,-70.26666666666667
CLPQD,CL,PQD,Puqueldón,Puqueldon,LL,-42.583333333333336,-73.63333333333334
CLPTC,CL,PTC,Punta Chungo,Punta Chungo,CO,-31.866666666666667,-71.5
CLPTE,CL,PTE,Quellón (Puerto Quellón),Quellon (Puerto Quellon),LL,-43.1,-73.61666666666666
CLPTI,CL,PTI,Patillos,Patillos,TA,-20.75,-70.18333333333334
CLPUQ,CL,PUQ,Punta Arenas,Punta Arenas,MA,-53.13333333333333,-70.93333333333334
CLPVS,CL,PVS,Puerto Varas,Puerto Varas,LL,-41.31666666666667,-72.98333333333333
CLQCO,CL,QCO,Quinchao,Quinchao,LL,-42.516666666666666,-73.4
CLQLN,CL,QLN,Queilén,Queilen,LL,-42.86666666666667,-73.46666666666667
CLQMC,CL,QMC,Quemchi,Quemchi,LL,-42.13333333333333,-73.48333333333333
CLQTV,CL,QTV,Quintero,Quintero,VS,-32.766666666666666,-71.53333333333333
CLQUV,CL,QUV,Quellón Viejo,Quellon Viejo,LL,-43.13333333333333,-73.66666666666667
CLRAF,CL,RAF,Rauco,Rauco,LL,-42.53333333333333,-73.78333333333333
CLSAA,CL,SAA,Saavedra,Saavedra,AR,-38.78333333333333,-73.4
CLSAI,CL,SAI,San Antonio,San Antonio,VS,-33.6,-71.6
CLSVE,CL,SVE,San Vicente,San Vicente,BI,-36.7,-73.13333333333334
CLTAL,CL,TAL,Talcahuano,Talcahuano,BI,-36.733333333333334,-73.11666666666666
CLTLX,CL,TLX,Talca,Talca,ML,-35.416666666666664,-71.65
CLTOM,CL,TOM,Tomé,Tome,BI,-36.6,-72.95
CLTON,CL,TON,Tongoy,Tongoy,CO,-30.25,-71.48333333333333
CLTOQ,CL,TOQ,Tocopilla,Tocopilla,AN,-22.083333333333332,-70.18333333333334
CLTOR,CL,TOR,Tortel,Tortel,AI,-47.833333333333336,-73.56666666666666
CLTPT,CL,TPT,Tres Puentes,Tres Puentes,MA,-53.11666666666667,-70.88333333333334
CLTTC,CL,TTC,Taltal,Taltal,AN,-25.4,-70.46666666666667
CLVAP,CL,VAP,Valparaiso,Valparaiso,VS,-33.03333333333333,-71.63333333333334
CLVIL,CL,VIL,Villarrica,Villarrica,AR,-39.266666666666666,-72.21666666666667
CLVNT,CL,VNT,Ventanas,Ventanas,VS,-32.733333333333334,-71.48333333333333
CLWCA,CL,WCA,Castro,Castro,LL,-42.46666666666667,-73.76666666666667
CLWCH,CL,WCH,Chaitén,Chaiten,LL,-42.916666666666664,-72.7
CLWPA,CL,WPA,Puerto Aisén,Puerto Aisen,AI,-45.38333333333333,-72.7
CLWPU,CL,WPU,Puerto Williams,Puerto Williams,MA,-54.916666666666664,-67.61666666666666
CLZAL,CL,ZAL,Valdivia,Valdivia,LL,-39.81666666666667,-73.21666666666667
CLZOS,CL,ZOS,Osorno,Osorno,LL,-40.56666666666667,-73.15
CLZUD,CL,ZUD,Ancud,Ancud,LL,-41.85,-73.83333333333333
CMGOU,CM,GOU,Garoua,Garoua,NO,9.3,13.4
CMKUM,CM,KUM,Kumba,Kumba,SW,4.633333333333333,9.433333333333334
CMLIM,CM,LIM,Limbe,Limbe,,4.016666666666667,9.216666666666667
CMMOU,CM,MOU,Moudi Terminal,Moudi Terminal,,4.116666666666666,8.483333333333333
CNAIN,CN,AIN,Huaiyin,Huaiyin,JS,33.63333333333333,119.01666666666667
CNAJG,CN,AJG,Aojiang Pt,Aojiang Pt,ZJ,27.583333333333332,120.45
CNANG,CN,ANG,Huangxian,Huangxian,33,29.55,121.56666666666666
CNANQ,CN,ANQ,Anqiu,Anqiu,SD,36.416666666666664,119.18333333333334
CNANT,CN,ANT,Anting,Anting,SH,31.3,121.15
CNAPP,CN,APP,Anpu,Anpu,GD,21.383333333333333,109.83333333333333
CNAQG,CN,AQG,Anqing,Anqing,AH,30.516666666666666,117.03333333333333
CNASW,CN,ASW,Aoshanwei,Aoshanwei,SD,36.35,120.66666666666667
CNBCG,CN,BCG,Baiceng,Baiceng,GZ,25.433333333333334,105.8
CNBCO,CN,BCO,Bacao,Bacao,GZ,25.466666666666665,105.78333333333333
CNBDG,CN,BDG,Badong,Badong,HB,31.033333333333335,110.38333333333334
CNBEI,CN,BEI,Beilun,Beilun,ZJ,29.933333333333334,121.88333333333334
CNBHX,CN,BHX,Binhai,Binhai,JS,33.71666666666667,119.61666666666666
CNBIH,CN,BIH,Beihai Pt,Beihai Pt,GX,21.466666666666665,109.11666666666666
CNBIJ,CN,BIJ,Beijiao,Beijiao,GD,22.916666666666668,113.2
CNBLX,CN,BLX,Honghai Pt,Honghai Pt,GD,23.166666666666668,114.26666666666667
CNBMJ,CN,BMJ,Baimajing,Baimajing,HI,19.7,109.21666666666667
CNBSD,CN,BSD,Baoshan Pt,Baoshan Pt,SH,31.416666666666668,121.48333333333333
CNBSP,CN,BSP,Basuo Pt,Basuo Pt,HI,19.0,108.61666666666666
CNBYA,CN,BYA,Bayan,Bayan,HL,46.083333333333336,127.4
CNBYG,CN,BYG,Baiyang,Baiyang,HB,30.433333333333334,111.51666666666667
CNBYN,CN,BYN,Binyang,Binyang,FJ,27.25,120.33333333333333
CNBZG,CN,BZG,Bozhong,Bozhong,TJ,38.45,118.43333333333334
CNCDH,CN,CDH,Changdianhekou,Changdianhekou,LN,40.416666666666664,124.8
CNCFD,CN,CFD,Caofeidian Pt,Caofeidian Pt,HE,38.95,118.53333333333333
CNCGM,CN,CGM,Chongming,Chongming,SH,31.633333333333333,121.4
CNCGS,CN,CGS,Changshu Pt,Changshu Pt,JS,31.65,120.71666666666667
CNCGW,CN,CGW,Cangwu,Cangwu,GX,23.483333333333334,111.31666666666666
CNCHI,CN,CHI,Chizhou,Chizhou,AH,30.65,117.46666666666667
CNCHU,CN,CHU,Chaohu,Chaohu,AH,31.6,117.85
CNCHX,CN,CHX,Chengxi,Chengxi,SH,31.916666666666668,120.23333333333333
CNCHY,CN,CHY,Chaoyang Pt,Chaoyang Pt,GD,23.266666666666666,116.6
CNCHZ,CN,CHZ,Chuzhou,Chuzhou,AH,32.31666666666667,118.28333333333333
CNCIV,CN,CIV,Civet / Guandong,Civet / Guandong,GD,22.266666666666666,113.06666666666666
CNCIX,CN,CIX,Cixi,Cixi,ZJ,30.166666666666668,121.23333333333333
CNCJG,CN,CJG,Caojing,Caojing,SH,30.783333333333335,121.4
CNCLJ,CN,CLJ,Chenglingji Pt,Chenglingji Pt,HN,29.433333333333334,113.15
CNCNG,CN,CNG,Chengde,Chengde,HE,40.96666666666667,117.93333333333334
CNCOZ,CN,COZ,Chaozhou,Chaozhou,GD,23.666666666666668,116.63333333333334
CNCQI,CN,CQI,Chongqing,Chongqing,CQ,29.583333333333332,106.55
CNCSH,CN,CSH,Changsha,Changsha,HN,28.2,112.98333333333333
CNCUN,CN,CUN,Chencun,Chencun,GD,22.95,113.23333333333333
CNCWN,CN,CWN,Chiwan Pt,Chiwan Pt,GD,22.483333333333334,113.88333333333334
CNCZX,CN,CZX,Changzhou,Changzhou,JS,31.783333333333335,119.96666666666667
CNDAL,CN,DAL,Dalian,Dalian,LN,38.916666666666664,121.6
CNDAN,CN,DAN,Daan,Daan,JL,43.95,129.85
CNDAS,CN,DAS,Dashihuagang,Dashihuagang,21,38.9,121.6
CNDAX,CN,DAX,Daxie Pt,Daxie Pt,ZJ,29.883333333333333,121.95
CNDAY,CN,DAY,Dayawan,Dayawan,GD,22.666666666666668,114.66666666666667
CNDBX,CN,DBX,Bohe,Bohe,GD,21.516666666666666,111.0
CNDCB,CN,DCB,DA CHAN BAY,DA CHAN BAY,GD,22.533333333333335,113.86666666666666
CNDDD,CN,DDD,Dadeng I.,Dadeng I.,FJ,24.533333333333335,118.31666666666666
CNDDW,CN,DDW,Dongdaiwan,Dongdaiwan,FJ,26.233333333333334,119.61666666666666
CNDDZ,CN,DDZ,Dandong,Dandong,LN,40.13333333333333,124.36666666666666
CNDEF,CN,DEF,Defeng,Defeng,GZ,26.216666666666665,109.11666666666666
CNDEZ,CN,DEZ,Dezhou,Dezhou,SD,37.43333333333333,116.28333333333333
CNDFA,CN,DFA,Dongfang,Dongfang,HI,19.05,108.93333333333334
CNDFG,CN,DFG,Dafeng,Dafeng,JS,33.18333333333333,120.46666666666667
CNDGG,CN,DGG,Dongguan,Dongguan,GD,23.033333333333335,113.75
CNDGN,CN,DGN,Donggang,Donggang,TJ,39.88333333333333,124.13333333333334
CNDGP,CN,DGP,Dongping,Dongping,GD,21.716666666666665,112.21666666666667
CNDHU,CN,DHU,Danzhou,Danzhou,GX,25.366666666666667,109.43333333333334
CNDJA,CN,DJA,Dongjiakou,Dongjiakou,SD,35.6,119.76666666666667
CNDJK,CN,DJK,Dongjiangkou,Dongjiangkou,GD,35.583333333333336,119.78333333333333
CNDJT,CN,DJT,Dongjiaotou Pt,Dongjiaotou Pt,GD,20.333333333333332,110.41666666666667
CNDLD,CN,DLD,Dalu Island,Dalu Island,LN,39.733333333333334,123.71666666666667
CNDMY,CN,DMY,Damaiyu,Damaiyu,ZJ,28.083333333333332,121.15
CNDNG,CN,DNG,Donghai,Donghai,GD,22.95,115.63333333333334
CNDOP,CN,DOP,Donglian Port,Donglian Port,GD,23.25,115.01666666666667
CNDOU,CN,DOU,Doumen Pt,Doumen Pt,GD,22.2,113.28333333333333
CNDOX,CN,DOX,Dongxing,Dongxing,GX,21.483333333333334,107.98333333333333
CNDPG,CN,DPG,Dapeng,Dapeng,GD,22.6,114.5
CNDSH,CN,DSH,Dongshi,Dongshi,FJ,24.666666666666668,118.46666666666667
CNDYN,CN,DYN,Dongying,Dongying,SD,37.416666666666664,118.68333333333334
CNENP,CN,ENP,Hengban,Hengban,GD,22.2,112.31666666666666
CNEZH,CN,EZH,Ezhou,Ezhou,HB,30.4,114.81666666666666
CNFAN,CN,FAN,Fangcheng Pt,Fangcheng Pt,GX,21.766666666666666,108.35
CNFCH,CN,FCH,Fengcheng,Fengcheng,SD,36.7,121.23333333333333
CNFKI,CN,FKI,Fengkai,Fengkai,GD,23.05,112.45
CNFKJ,CN,FKJ,Jiangkou,Jiangkou,GD,23.45,111.5
CNFLG,CN,FLG,Fuling,Fuling,CQ,29.7,107.33333333333333
CNFNG,CN,FNG,Fuyong,Fuyong,GD,22.65,113.78333333333333
CNFQX,CN,FQX,Xialong,Xialong,FJ,25.7,119.38333333333334
CNFUJ,CN,FUJ,Fujin,Fujin,HL,47.25,132.03333333333333
CNFUY,CN,FUY,Fuyuan,Fuyuan,HL,48.35,134.3
CNFZH,CN,FZH,Fuzhou,Fuzhou,FJ,26.083333333333332,119.3
CNGAO,CN,GAO,Gaogang,Gaogang,JS,32.3,119.85
CNGGK,CN,GGK,Gongkou,Gongkou,FJ,23.633333333333333,117.23333333333333
CNGGZ,CN,GGZ,Guangzhou,Guangzhou,GD,23.133333333333333,113.23333333333333
CNGHI,CN,GHI,Guanghai Pt,Guanghai Pt,GD,21.966666666666665,112.8
CNGIS,CN,GIS,Guishan,Guishan,GD,22.133333333333333,113.81666666666666
CNGLN,CN,GLN,Gaolan,Gaolan,GS,36.31666666666667,103.93333333333334
CNGNA,CN,GNA,Guang'ao,Guang'ao,GD,23.233333333333334,116.76666666666667
CNGOG,CN,GOG,Gongming,Gongming,GD,22.783333333333335,113.86666666666666
CNGOM,CN,GOM,Gaoming Pt,Gaoming Pt,GD,22.883333333333333,112.83333333333333
CNGON,CN,GON,Gaolan,Gaolan,GD,21.916666666666668,113.25
CNGSA,CN,GSA,Cangshan,Cangshan,SD,34.85,118.05
CNGUG,CN,GUG,Guigang,Guigang,GX,23.1,109.6
CNGUI,CN,GUI,Guilin,Guilin,GX,25.266666666666666,110.28333333333333
CNGUT,CN,GUT,Guangdong Terminal,Guangdong Terminal,GD,22.566666666666666,114.43333333333334
CNGZE,CN,GZE,Guzhen,Guzhen,GD,22.6,113.16666666666667
CNGZG,CN,GZG,Guangzhou Pt,Guangzhou Pt,GD,23.133333333333333,113.23333333333333
CNHCN,CN,HCN,Huachuan,Huachuan,HL,47.016666666666666,130.7
CNHEK,CN,HEK,Heihe,Heihe,HL,50.233333333333334,127.48333333333333
CNHGJ,CN,HGJ,Huangjiang,Huangjiang,GX,25.1,107.33333333333333
CNHHT,CN,HHT,Haitian Terminal/ Xiamen,Haitian Terminal/ Xiamen,FJ,27.1,120.3
CNHID,CN,HID,Huidong Pt,Huidong Pt,GD,22.983333333333334,114.7
CNHIG,CN,HIG,Haikou Pt,Haikou Pt,HI,20.033333333333335,110.16666666666667
CNHIJ,CN,HIJ,Huaiji,Huaiji,GD,23.05,112.45
CNHKO,CN,HKO,Haikou,Haikou,HI,20.033333333333335,110.33333333333333
CNHLI,CN,HLI,Huailai,Huailai,HE,40.36666666666667,115.5
CNHLJ,CN,HLJ,Jinghai,Jinghai,GD,23.033333333333335,116.3
CNHME,CN,HME,Haimen,Haimen,ZJ,28.666666666666668,121.43333333333334
CNHMN,CN,HMN,Humen Pt,Humen Pt,GD,22.833333333333332,113.66666666666667
CNHNI,CN,HNI,Hengli,Hengli,GD,23.166666666666668,114.61666666666666
CNHOU,CN,HOU,Houjie,Houjie,GD,22.933333333333334,113.63333333333334
CNHRN,CN,HRN,Harbin,Harbin,HL,45.733333333333334,126.6
CNHSC,CN,HSC,Shaoguan New Pt,Shaoguan New Pt,GD,24.8,113.61666666666666
CNHSI,CN,HSI,Huangshi Pt,Huangshi Pt,HB,30.2,115.1
CNHSN,CN,HSN,Heshan Pt,Heshan Pt,GD,22.766666666666666,112.95
CNHST,CN,HST,Heishantou,Heishantou,NM,50.2,119.38333333333334
CNHTG,CN,HTG,Hetang,Hetang,GD,22.65,113.13333333333334
CNHUD,CN,HUD,Huludao,Huludao,LN,40.75,120.85
CNHUH,CN,HUH,Huanghua Pt,Huanghua Pt,HE,38.35,117.35
CNHUI,CN,HUI,Huizhou,Huizhou,GD,23.083333333333332,114.36666666666666
CNHUL,CN,HUL,Hulin,Hulin,HL,45.78333333333333,132.95
CNHUM,CN,HUM,Huma,Huma,HL,51.7,126.65
CNHUN,CN,HUN,Huangpu New Port,Huangpu New Port,GD,23.083333333333332,113.5
CNHXG,CN,HXG,Haikou New Pt,Haikou New Pt,HI,20.25,108.83333333333333
CNHYN,CN,HYN,Huangyan,Huangyan,ZJ,28.633333333333333,121.25
CNHZH,CN,HZH,Huzhou,Huzhou,ZJ,30.866666666666667,120.1
CNHZU,CN,HZU,Houzhu,Houzhu,FJ,24.883333333333333,118.66666666666667
CNIMA,CN,IMA,Baimao,Baimao,SD,35.016666666666666,118.6
CNING,CN,ING,Xinyang,Xinyang,HA,32.13333333333333,114.05
CNJAX,CN,JAX,Jiaxing,Jiaxing,ZJ,30.766666666666666,120.75
CNJAY,CN,JAY,Jiayin,Jiayin,HL,48.86666666666667,130.36666666666667
CNJDR,CN,JDR,Quxi,Quxi,GD,23.583333333333332,116.43333333333334
CNJGU,CN,JGU,Jinguzhou,Jinguzhou,GD,22.516666666666666,113.01666666666667
CNJGY,CN,JGY,Jiangyin,Jiangyin,FJ,25.466666666666665,119.3
CNJHA,CN,JHA,Jinhua,Jinhua,ZJ,29.116666666666667,119.65
CNJIA,CN,JIA,Jiangyin Pt,Jiangyin Pt,JS,31.9,120.28333333333333
CNJIJ,CN,JIJ,Jingjiang,Jingjiang,JS,32.03333333333333,120.28333333333333
CNJIS,CN,JIS,Jiangshan Pt,Jiangshan Pt,GX,21.633333333333333,108.26666666666667
CNJIU,CN,JIU,Jiujiang,Jiujiang,JX,29.716666666666665,115.96666666666667
CNJIZ,CN,JIZ,Jiazi,Jiazi,GD,22.866666666666667,116.05
CNJMN,CN,JMN,Jiangmen,Jiangmen,GD,22.583333333333332,113.06666666666666
CNJNZ,CN,JNZ,Jinzhou Pt,Jinzhou Pt,LN,41.11666666666667,121.15
CNJOG,CN,JOG,Jinghong,Jinghong,YN,22.016666666666666,100.8
CNJRG,CN,JRG,Jurong,Jurong,JS,31.916666666666668,119.16666666666667
CNJUJ,CN,JUJ,Jiujiang,Jiujiang,GD,22.833333333333332,113.0
CNJUZ,CN,JUZ,Jiuzhen,Jiuzhen,FJ,24.033333333333335,117.7
CNJZK,CN,JZK,Jingzhou Pt,Jingzhou Pt,HB,30.3,112.26666666666667
CNKFG,CN,KFG,Kaifeng,Kaifeng,HA,34.78333333333333,114.33333333333333
CNLFN,CN,LFN,Lufeng,Lufeng,GD,22.95,115.63333333333334
CNLGI,CN,LGI,Longhai,Longhai,HN,26.466666666666665,113.26666666666667
CNLGU,CN,LGU,Longguan,Longguan,HE,40.766666666666666,115.56666666666666
CNLGY,CN,LGY,Longyan Pt,Longyan Pt,SD,37.43333333333333,122.63333333333334
CNLIH,CN,LIH,Lianhuashan Pt,Lianhuashan Pt,GD,23.016666666666666,115.26666666666667
CNLIZ,CN,LIZ,Lianzhou,Lianzhou,GD,24.766666666666666,112.35
CNLJQ,CN,LJQ,Qianyu,Qianyu,FJ,26.2,119.51666666666667
CNLJY,CN,LJY,Yingzai,Yingzai,GD,21.616666666666667,110.28333333333333
CNLKU,CN,LKU,Longkou Pt,Longkou Pt,SD,37.65,120.35
CNLLI,CN,LLI,Liling,Liling,HN,27.666666666666668,113.48333333333333
CNLMG,CN,LMG,Wenling Longmen Port,Wenling Longmen Port,ZJ,28.416666666666668,121.98333333333333
CNLNH,CN,LNH,Linhai,Linhai,ZJ,28.85,121.11666666666666
CNLSH,CN,LSH,Lushun New Pt,Lushun New Pt,LN,38.68333333333333,121.18333333333334
CNLSN,CN,LSN,Lanshan Pt,Lanshan Pt,SD,35.06666666666667,119.36666666666666
CNLSX,CN,LSX,Xincun,Xincun,SD,18.5,110.01666666666667
CNLUB,CN,LUB,Luobei,Luobei,HL,47.56666666666667,130.81666666666666
CNLUD,CN,LUD,Liudu,Liudu,GD,23.066666666666666,112.0
CNLUH,CN,LUH,Lü-hua Shan,Lu-hua Shan,ZJ,30.816666666666666,122.61666666666666
CNLUI,CN,LUI,Lisui,Lisui,BJ,40.06666666666667,116.75
CNLUN,CN,LUN,Lu'an,Lu'an,AH,31.733333333333334,116.48333333333333
CNLUS,CN,LUS,Lusi,Lusi,JS,32.05,121.61666666666666
CNLUZ,CN,LUZ,Luzhou,Luzhou,SC,28.9,105.4
CNLXI,CN,LXI,Lanxi,Lanxi,ZJ,29.2,119.46666666666667
CNLYG,CN,LYG,Lianyungang,Lianyungang,JS,34.71666666666667,119.43333333333334
CNLZH,CN,LZH,Liuzhou,Liuzhou,GX,23.316666666666666,109.4
CNLZL,CN,LZL,Liusha,Liusha,GD,20.9,110.06666666666666
CNLZO,CN,LZO,Laizhou Pt,Laizhou Pt,SD,37.166666666666664,119.95
CNMAA,CN,MAA,Ma'anshan,Ma'anshan,AH,31.716666666666665,118.46666666666667
CNMAC,CN,MAC,Macun,Macun,HI,19.95,110.01666666666667
CNMAJ,CN,MAJ,Majistan/Zhoushan,Majistan/Zhoushan,ZJ,30.016666666666666,122.1
CNMAW,CN,MAW,Mawei Pt,Mawei Pt,FJ,25.983333333333334,119.45
CNMBI,CN,MBI,Mabian Island,Mabian Island,GD,23.116666666666667,115.08333333333333
CNMIY,CN,MIY,Miyun,Miyun,11,40.36666666666667,116.83333333333333
CNMJS,CN,MJS,Maji Shan,Maji Shan,ZJ,30.666666666666668,122.4
CNMOG,CN,MOG,Maogang,Maogang,GD,23.05,112.73333333333333
CNMOH,CN,MOH,Mohe,Mohe,HL,53.016666666666666,122.45
CNMSA,CN,MSA,Meisha Pt,Meisha Pt,GD,24.7,117.06666666666666
CNMWN,CN,MWN,Mawan Pt,Mawan Pt,GD,22.45,113.88333333333334
CNNAH,CN,NAH,Nanhai Pt,Nanhai Pt,GD,23.016666666666666,113.15
CNNAN,CN,NAN,Nanao Pt,Nanao Pt,GD,23.433333333333334,117.68333333333334
CNNBG,CN,NBG,Ningbo Pt,Ningbo Pt,ZJ,29.916666666666668,121.66666666666667
CNNBO,CN,NBO,Ningbo,Ningbo,ZJ,29.866666666666667,121.55
CNNDS,CN,NDS,Shacheng,Shacheng,FJ,26.65,119.51666666666667
CNNEG,CN,NEG,Neigang,Neigang,GD,23.1,113.41666666666667
CNNHN,CN,NHN,Wuhan,Wuhan,HB,30.583333333333332,114.28333333333333
CNNIN,CN,NIN,Nanning,Nanning,GX,22.8,108.31666666666666
CNNJI,CN,NJI,Nanjing,Nanjing,JS,32.05,118.76666666666667
CNNJK,CN,NJK,Nanjiangkou,Nanjiangkou,GD,23.116666666666667,111.8
CNNSA,CN,NSA,Nansha Pt,Nansha Pt,GD,22.75,113.58333333333333
CNNTG,CN,NTG,Nantong,Nantong,JS,32.016666666666666,120.85
CNNUD,CN,NUD,Nudao,Nudao,SD,36.38333333333333,120.86666666666666
CNPAJ,CN,PAJ,Panjin,Panjin,LN,41.11666666666667,122.05
CNPDG,CN,PDG,Pudong/Shanghai,Pudong/Shanghai,SH,31.233333333333334,121.5
CNPGZ,CN,PGZ,Pingzhou,Pingzhou,GD,23.033333333333335,113.2
CNPHB,CN,PHB,Bijia,Bijia,GD,22.616666666666667,114.85
CNPJS,CN,PJS,Pizhou,Pizhou,JS,34.333333333333336,118.01666666666667
CNPLI,CN,PLI,Penglai Pt,Penglai Pt,SD,37.8,120.75
CNPNY,CN,PNY,Shiqiao,Shiqiao,GD,22.95,113.36666666666666
CNPTJ,CN,PTJ,Jinjing,Jinjing,FJ,25.5,119.78333333333333
CNPTN,CN,PTN,Pingtan,Pingtan,FJ,25.5,119.71666666666667
CNPUT,CN,PUT,Putian,Putian,FJ,24.433333333333334,119.01666666666667
CNPXM,CN,PXM,Pingshaxinmatou,Pingshaxinmatou,GD,22.1,113.16666666666667
CNPYG,CN,PYG,Puyang,Puyang,41,35.7,115.0
CNQAW,CN,QAW,Qianwan,Qianwan,SD,36.05,120.21666666666667
CNQGS,CN,QGS,Qingshi,Qingshi,JL,41.36666666666667,126.51666666666667
CNQGY,CN,QGY,Qingyuan,Qingyuan,GD,23.7,113.01666666666667
CNQIG,CN,QIG,Qingguji / Shangqiu,Qingguji / Shangqiu,41,34.68333333333333,115.76666666666667
CNQIN,CN,QIN,Qingdao,Qingdao,SD,36.05,120.31666666666666
CNQLN,CN,QLN,Qinglan Pt,Qinglan Pt,HI,19.55,110.81666666666666
CNQNH,CN,QNH,Tanmen,Tanmen,HI,19.233333333333334,110.46666666666667
CNQSA,CN,QSA,Qisha Pt,Qisha Pt,GX,21.583333333333332,108.46666666666667
CNQSN,CN,QSN,Qianshan/Zhuhai,Qianshan/Zhuhai,GD,22.233333333333334,113.51666666666667
CNQUG,CN,QUG,"Quangang,Quanzhou","Quangang,Quanzhou",FJ,25.133333333333333,118.91666666666667
CNQZL,CN,QZL,Quanzhou,Quanzhou,FJ,24.933333333333334,118.6
CNRCG,CN,RCG,Rongcheng,Rongcheng,SD,37.15,122.38333333333334
CNROH,CN,ROH,Raohe,Raohe,HL,46.8,134.0
CNROQ,CN,ROQ,Rongqi Pt,Rongqi Pt,GD,22.783333333333335,113.26666666666667
CNRPG,CN,RPG,Raoping,Raoping,GD,23.666666666666668,117.0
CNRZH,CN,RZH,Rizhao,Rizhao,SD,35.38333333333333,119.53333333333333
CNSAM,CN,SAM,Sanming / Shanming Shi,Sanming / Shanming Shi,35,26.233333333333334,117.61666666666666
CNSAN,CN,SAN,Shiwan,Shiwan,GD,23.0,113.08333333333333
CNSAT,CN,SAT,Shadi,Shadi,GD,21.6,112.78333333333333
CNSAW,CN,SAW,Shanwai,Shanwai,ZJ,28.05,121.2
CNSBN,CN,SBN,Suibin,Suibin,HL,47.3,131.85
CNSDG,CN,SDG,Shuidong Pt,Shuidong Pt,GD,21.516666666666666,111.0
CNSEY,CN,SEY,Sheyang,Sheyang,JS,33.766666666666666,120.25
CNSGH,CN,SGH,Shanghai,Shanghai,SH,31.233333333333334,121.48333333333333
CNSGJ,CN,SGJ,Songjiang,Songjiang,SH,31.016666666666666,121.23333333333333
CNSGU,CN,SGU,Shangyu,Shangyu,ZJ,30.0,120.86666666666666
CNSHD,CN,SHD,Shidao Pt,Shidao Pt,SD,36.86666666666667,122.43333333333334
CNSHG,CN,SHG,Shanghai Pt,Shanghai Pt,SH,30.633333333333333,122.06666666666666
CNSHH,CN,SHH,Shishi,Shishi,FJ,24.733333333333334,118.63333333333334
CNSHK,CN,SHK,Shekou Pt,Shekou Pt,GD,22.483333333333334,113.91666666666667
CNSHL,CN,SHL,Shuolong,Shuolong,GX,22.8,106.8
CNSHM,CN,SHM,Mafang,Mafang,GD,23.35,112.68333333333334
CNSHP,CN,SHP,Qinhuangdao Pt,Qinhuangdao Pt,HE,39.916666666666664,119.58333333333333
CNSHT,CN,SHT,Shating,Shating,GD,23.05,113.43333333333334
CNSIJ,CN,SIJ,Shijing,Shijing,FJ,24.616666666666667,118.43333333333334
CNSIK,CN,SIK,Shuikou,Shuikou,GD,22.233333333333334,110.93333333333334
CNSIQ,CN,SIQ,Saiqi,Saiqi,FJ,26.966666666666665,119.68333333333334
CNSJQ,CN,SJQ,Sanshui,Sanshui,GD,23.166666666666668,112.86666666666666
CNSJU,CN,SJU,Shijiu Pt,Shijiu Pt,SD,36.36666666666667,119.55
CNSKS,CN,SKS,Sikuaishi,Sikuaishi,LN,39.28333333333333,122.56666666666666
CNSLO,CN,SLO,Shilou,Shilou,GD,23.016666666666666,113.5
CNSNH,CN,SNH,Shenhu,Shenhu,FJ,24.616666666666667,118.66666666666667
CNSNN,CN,SNN,Suining,Suining,SC,30.533333333333335,105.53333333333333
CNSNS,CN,SNS,Sansha,Sansha,FJ,26.933333333333334,120.21666666666667
CNSNZ,CN,SNZ,Shenzhen,Shenzhen,GD,22.55,114.11666666666666
CNSON,CN,SON,Songxia Pt,Songxia Pt,FJ,25.683333333333334,119.58333333333333
CNSPA,CN,SPA,Shapa,Shapa,GD,21.5,111.48333333333333
CNSPI,CN,SPI,Shipai,Shipai,AH,30.316666666666666,116.65
CNSTB,CN,STB,Shitoubu Pt,Shitoubu Pt,GX,21.583333333333332,109.55
CNSTG,CN,STG,Shantou,Shantou,GD,23.416666666666668,116.76666666666667
CNSTI,CN,STI,Shatian,Shatian,GD,22.916666666666668,113.6
CNSUD,CN,SUD,Shunde Pt,Shunde Pt,GD,22.833333333333332,113.25
CNSUW,CN,SUW,Sunwu,Sunwu,HL,49.416666666666664,127.31666666666666
CNSWE,CN,SWE,Shanwei,Shanwei,GD,22.783333333333335,115.35
CNSWI,CN,SWI,Shiwei,Shiwei,NM,51.3,119.91666666666667
CNSXB,CN,SXB,Beitan,Beitan,GD,21.366666666666667,110.25
CNSXJ,CN,SXJ,Shanshan,Shanshan,XJ,42.86666666666667,90.16666666666667
CNSYA,CN,SYA,Sanya Pt,Sanya Pt,HI,33.78333333333333,120.25
CNSYM,CN,SYM,Simao,Simao,YN,22.8,100.96666666666667
CNSZA,CN,SZA,Sanzao,Sanzao,GD,22.05,113.35
CNSZH,CN,SZH,Suzhou,Suzhou,JS,31.316666666666666,120.61666666666666
CNSZP,CN,SZP,Shenzhen Pt,Shenzhen Pt,GD,22.5,113.88333333333334
CNTAC,CN,TAC,Taicang Pt,Taicang Pt,JS,31.45,121.1
CNTAP,CN,TAP,Taiping,Taiping,GD,21.033333333333335,110.16666666666667
CNTGG,CN,TGG,Tanggu,Tanggu,TJ,39.016666666666666,117.65
CNTGS,CN,TGS,Tangshan Pt,Tangshan Pt,HE,39.6,118.18333333333334
CNTJG,CN,TJG,Taijiang,Taijiang,FJ,26.083333333333332,119.5
CNTNG,CN,TNG,Tianjin Pt,Tianjin Pt,TJ,38.983333333333334,117.75
CNTNJ,CN,TNJ,Tianjin,Tianjin,TJ,39.03333333333333,117.2
CNTOJ,CN,TOJ,Tongjiang,Tongjiang,HL,47.65,132.5
CNTOL,CN,TOL,Tongling,Tongling,AH,30.933333333333334,117.8
CNTPW,CN,TPW,Taipingwan,Taipingwan,LN,37.266666666666666,119.83333333333333
CNTSG,CN,TSG,Gongyi,Gongyi,GD,22.25,112.8
CNTXG,CN,TXG,Tianjin Xingang Pt,Tianjin Xingang Pt,TJ,38.983333333333334,117.7
CNTXZ,CN,TXZ,Tongxiang,Tongxiang,ZJ,30.633333333333333,120.56666666666666
CNTZO,CN,TZO,Taizhou,Taizhou,JS,32.483333333333334,119.9
CNTZU,CN,TZU,Taizhou,Taizhou,JS,32.5,119.9
CNUIA,CN,UIA,"Hui'an,Quanzhou","Hui'an,Quanzhou",FJ,25.033333333333335,118.93333333333334
CNWAS,CN,WAS,Wanshan Pt,Wanshan Pt,GD,21.933333333333334,113.71666666666667
CNWAZ,CN,WAZ,Wanzai,Wanzai,GD,22.183333333333334,113.51666666666667
CNWEF,CN,WEF,Weifang,Weifang,SD,36.71666666666667,119.1
CNWEG,CN,WEG,Weihai Pt,Weihai Pt,SD,37.5,122.16666666666667
CNWEI,CN,WEI,Weihai,Weihai,SD,37.516666666666666,122.11666666666666
CNWHI,CN,WHI,Wuhu,Wuhu,AH,31.316666666666666,118.36666666666666
CNWHU,CN,WHU,Wuchuan,Wuchuan,GD,21.45,110.75
CNWIH,CN,WIH,Waihai,Waihai,GD,22.583333333333332,113.13333333333334
CNWIT,CN,WIT,Weitou,Weitou,FJ,24.533333333333335,118.6
CNWSH,CN,WSH,Wenshan,Wenshan,YN,23.366666666666667,104.25
CNWUC,CN,WUC,Wu Chong Kou,Wu Chong Kou,GD,23.083333333333332,113.41666666666667
CNWUG,CN,WUG,Wusong Pt,Wusong Pt,SH,3.2,121.48333333333333
CNWUK,CN,WUK,Wukan,Wukan,GD,22.85,115.65
CNWUZ,CN,WUZ,Wuzhou,Wuzhou,GX,23.483333333333334,111.33333333333333
CNWXS,CN,WXS,Wuxi,Wuxi,JS,31.566666666666666,120.3
CNWZO,CN,WZO,Wenzhou Pt,Wenzhou Pt,ZJ,28.016666666666666,120.65
CNXAM,CN,XAM,Xiamen,Xiamen,FJ,24.45,118.1
CNXAN,CN,XAN,"Xiang'an, Xiamen","Xiang'an, Xiamen",FJ,24.633333333333333,118.25
CNXAO,CN,XAO,Xiaolan,Xiaolan,GD,22.666666666666668,113.21666666666667
CNXCU,CN,XCU,Xiaocuo Pt,Xiaocuo Pt,FJ,25.2,119.95
CNXGA,CN,XGA,Xingang,Xingang,GD,23.033333333333335,113.1
CNXGD,CN,XGD,Xingdong,Xingdong,HL,47.916666666666664,130.85
CNXHO,CN,XHO,Xiaohudao,Xiaohudao,GD,23.083333333333332,113.43333333333334
CNXHT,CN,XHT,Xilin Hot,Xilin Hot,NM,43.96666666666667,116.03333333333333
CNXIA,CN,XIA,Xian,Xian,SN,34.28333333333333,108.95
CNXIJ,CN,XIJ,Xijiang,Xijiang,GX,21.283333333333335,114.86666666666666
CNXIN,CN,XIN,Xinhui Pt,Xinhui Pt,GD,22.533333333333335,113.01666666666667
CNXIT,CN,XIT,Xintang Pt,Xintang Pt,GD,23.116666666666667,113.61666666666666
CNXMG,CN,XMG,Xiamen Pt,Xiamen Pt,FJ,24.35,118.2
CNXNA,CN,XNA,Xinsha,Xinsha,GD,22.983333333333334,113.53333333333333
CNXOT,CN,XOT,Xiaotang,Xiaotang,GD,23.083333333333332,112.98333333333333
CNXSP,CN,XSP,Shipu,Shipu,ZJ,29.483333333333334,121.85
CNXTA,CN,XTA,Xiangtan,Xiangtan,HN,27.85,112.9
CNXTN,CN,XTN,Xiantan,Xiantan,SC,29.333333333333332,104.88333333333334
CNXTO,CN,XTO,Xitou,Xitou,GD,21.65,111.78333333333333
CNXUK,CN,XUK,Xunke,Xunke,HL,49.55,128.46666666666667
CNXXY,CN,XXY,Xiangyu Terminal/ Xiamen,Xiangyu Terminal/ Xiamen,FJ,27.1,120.31666666666666
CNXYG,CN,XYG,Xiuyu Pt,Xiuyu Pt,FJ,25.233333333333334,118.95
CNXYI,CN,XYI,Xinying,Xinying,HI,19.733333333333334,109.28333333333333
CNXZI,CN,XZI,Xiangzhi,Xiangzhi,FJ,24.766666666666666,118.76666666666667
CNYAT,CN,YAT,Yantai,Yantai,SD,37.46666666666667,121.38333333333334
CNYFU,CN,YFU,Yongfu,Yongfu,GX,24.983333333333334,109.98333333333333
CNYIK,CN,YIK,Yinkou,Yinkou,LN,40.65,122.21666666666667
CNYIZ,CN,YIZ,Yizheng,Yizheng,JS,32.266666666666666,119.16666666666667
CNYJI,CN,YJI,Yangjiang,Yangjiang,GD,21.833333333333332,111.96666666666667
CNYKG,CN,YKG,Yangkou Pt,Yangkou Pt,JS,32.55,121.4
CNYNG,CN,YNG,Yangzhong,Yangzhong,JS,32.21666666666667,119.81666666666666
CNYPG,CN,YPG,Yangpu Pt,Yangpu Pt,HI,19.7,109.2
CNYTG,CN,YTG,Yantai Pt,Yantai Pt,SD,37.55,121.41666666666667
CNYTN,CN,YTN,Yantian Pt,Yantian Pt,GD,22.6,114.3
CNYUH,CN,YUH,Yuhuan,Yuhuan,ZJ,28.133333333333333,121.23333333333333
CNYYA,CN,YYA,Yueyang,Yueyang,HN,29.366666666666667,113.1
CNYZH,CN,YZH,Yangzhou,Yangzhou,JS,32.38333333333333,119.43333333333334
CNYZU,CN,YZU,Yuzhu,Yuzhu,GD,23.1,113.41666666666667
CNZDO,CN,ZDO,Zhaodong,Zhaodong,HL,46.06666666666667,125.98333333333333
CNZEL,CN,ZEL,Zhelin,Zhelin,GD,23.583333333333332,117.1
CNZGS,CN,ZGS,Zhangshan,Zhangshan,JS,34.11666666666667,118.31666666666666
CNZGT,CN,ZGT,Zhongtang,Zhongtang,GD,23.083333333333332,113.65
CNZGW,CN,ZGW,Zhangwan,Zhangwan,FJ,26.7,119.58333333333333
CNZHE,CN,ZHE,Zhenjiang,Zhenjiang,JS,32.18333333333333,119.45
CNZHG,CN,ZHG,Zhaogang,Zhaogang,AH,32.55,116.63333333333334
CNZHH,CN,ZHH,Zhuanghe Pt,Zhuanghe Pt,LN,39.68333333333333,122.96666666666667
CNZJB,CN,ZJB,Zhangjiabian,Zhangjiabian,GD,22.55,113.45
CNZJG,CN,ZJG,Zhangjiagang,Zhangjiagang,JS,31.866666666666667,120.53333333333333
CNZLO,CN,ZLO,Zhuliao,Zhuliao,GD,23.366666666666667,113.33333333333333
CNZNG,CN,ZNG,Zhanjiang Pt,Zhanjiang Pt,GD,21.083333333333332,110.5
CNZNZ,CN,ZNZ,Naozhou,Naozhou,GD,20.916666666666668,110.58333333333333
CNZPG,CN,ZPG,zhengpugang Pt,zhengpugang Pt,AH,31.633333333333333,118.38333333333334
CNZPO,CN,ZPO,Zhapo,Zhapo,GD,21.566666666666666,111.85
CNZPU,CN,ZPU,Zhapu Pt,Zhapu Pt,ZJ,30.583333333333332,121.08333333333333
CNZQG,CN,ZQG,Zhaoqing,Zhaoqing,GD,23.05,112.45
CNZSN,CN,ZSN,Zhongshan,Zhongshan,GD,22.516666666666666,113.36666666666666
CNZUH,CN,ZUH,Zhuhai,Zhuhai,GD,22.283333333333335,113.56666666666666
CNZYO,CN,ZYO,Zhuangyuanao,Zhuangyuanao,ZJ,27.883333333333333,121.11666666666666
CNZZU,CN,ZZU,Zhangzhou,Zhangzhou,FJ,24.516666666666666,117.65
COACM,CO,ACM,Arica,Arica,,-2.1166666666666667,-71.73333333333333
COBAL,CO,BAL,Balboa,Balboa,CAU,2.033333333333333,-77.21666666666667
COCNR,CO,CNR,Contecar,Contecar,BOL,10.383333333333333,-75.51666666666667
COCOV,CO,COV,Covenas Offshore Terminal,Covenas Offshore Terminal,SUC,9.5,-75.73333333333333
COLET,CO,LET,Leticia,Leticia,AMA,-4.216666666666667,-69.93333333333334
COMAM,CO,MAM,Mamonal,Mamonal,BOL,10.316666666666666,-75.5
COMAU,CO,MAU,Manaure,Manaure,LAG,11.766666666666667,-72.43333333333334
COMIN,CO,MIN,Mingueo,Mingueo,LAG,11.2,-73.4
COPBO,CO,PBO,Puerto Bolívar,Puerto Bolivar,LAG,10.683333333333334,-74.73333333333333
COPCR,CO,PCR,Puerto Carreño,Puerto Carreno,VID,6.183333333333334,-67.48333333333333
COPNM,CO,PNM,Puerto Limón,Puerto Limon,,1.05,-76.5
COPSB,CO,PSB,Simon Bolivar,Simon Bolivar,,-4.133333333333334,-69.96666666666667
COPUC,CO,PUC,Puerto Colombia,Puerto Colombia,,11.0,-74.95
COPUL,CO,PUL,Puerto Limón,Puerto Limon,,9.383333333333333,-76.18333333333334
COPUU,CO,PUU,Puerto Asís,Puerto Asis,PUT,0.5166666666666667,-76.5
COPYA,CO,PYA,Puerto Boyaca,Puerto Boyaca,BOY,5.75,-74.4
CORCO,CO,RCO,Rio Cordoba,Rio Cordoba,,8.916666666666666,-76.36666666666666
COSPC,CO,SPC,Sociedad Portuaria Regional Cartagena,Sociedad Portuaria Regional Cartagena,BOL,10.4,-75.53333333333333
COTLU,CO,TLU,Tolú,Tolu,SUC,9.533333333333333,-75.58333333333333
COTRB,CO,TRB,Turbo,Turbo,ANT,8.083333333333334,-76.71666666666667
COYMB,CO,YMB,Yumbo,Yumbo,,3.5833333333333335,-76.46666666666667
CRABG,CR,ABG,Abangares,Abangares,G,10.283333333333333,-84.95
CRCAB,CR,CAB,Cabo Blanco,Cabo Blanco,P,9.933333333333334,-85.0
CRCAI,CR,CAI,Caimital,Caimital,G,10.066666666666666,-85.46666666666667
CRCAL,CR,CAL,Caldera,Caldera,P,9.95,-84.71666666666667
CRCDN,CR,CDN,Neily,Neily,P,8.65,-82.93333333333334
CRCIR,CR,CIR,Ciruelas,Ciruelas,A,10.5,-85.35
CRCOM,CR,COM,Chomes,Chomes,P,10.05,-84.91666666666667
CRCRR,CR,CRR,Curridabat,Curridabat,SJ,9.916666666666666,-84.03333333333333
CRCTC,CR,CTC,Moravia,Moravia,C,9.85,-83.43333333333334
CRCUT,CR,CUT,Cutris,Cutris,A,10.683333333333334,-84.36666666666666
CRCYL,CR,CYL,Coyol,Coyol,A,10.0,-84.25
CRFIL,CR,FIL,Filadelfia,Filadelfia,G,10.45,-85.56666666666666
CRFPN,CR,FPN,Fraijanes,Fraijanes,A,10.15,-84.2
CRGDA,CR,GDA,Guardia,Guardia,G,10.566666666666666,-85.6
CRGDP,CR,GDP,Golfo de Papagayo,Golfo de Papagayo,G,10.6,-85.68333333333334
CRGLF,CR,GLF,Golfito,Golfito,P,8.65,-83.15
CRGUA,CR,GUA,Guatuso,Guatuso,C,10.666666666666666,-84.81666666666666
CRHSA,CR,HSA,Horluetas/Sarapiqui,Horluetas/Sarapiqui,H,10.483333333333333,-84.01666666666667
CRJIC,CR,JIC,Jicaral,Jicaral,P,9.966666666666667,-85.11666666666666
CRLAF,CR,LAF,La Fortuna,La Fortuna,A,10.483333333333333,-84.65
CRLIO,CR,LIO,Puerto Limón,Puerto Limon,L,10.0,-83.03333333333333
CRMOB,CR,MOB,Moín,Moin,L,10.0,-83.08333333333333
CRMTZ,CR,MTZ,San Marcos de Tarrazu,San Marcos de Tarrazu,SJ,9.666666666666666,-84.03333333333333
CRMUE,CR,MUE,Muelle de San Carlos,Muelle de San Carlos,A,10.466666666666667,-84.46666666666667
CRNAN,CR,NAN,Nandayure,Nandayure,G,10.033333333333333,-85.2
CRNAR,CR,NAR,Naranjo,Naranjo,SJ,10.1,-84.38333333333334
CRORO,CR,ORO,Orotina,Orotina,A,9.9,-84.53333333333333
CRPAN,CR,PAN,Palmar Norte,Palmar Norte,P,8.966666666666667,-83.46666666666667
CRPAR,CR,PAR,Parrita,Parrita,P,9.516666666666667,-84.31666666666666
CRPAS,CR,PAS,Puntarenas,Puntarenas,P,9.966666666666667,-84.83333333333333
CRPIT,CR,PIT,Pital,Pital,P,9.733333333333333,-85.45
CRPOA,CR,POA,Poas,Poas,A,10.033333333333333,-84.33333333333333
CRPTC,CR,PTC,Puerto Caldera,Puerto Caldera,P,9.95,-84.71666666666667
CRPUM,CR,PUM,Punta Morales,Punta Morales,P,10.066666666666666,-84.96666666666667
CRQGG,CR,QGG,Quebrada Grande,Quebrada Grande,G,10.433333333333334,-84.95
CRRCD,CR,RCD,Río Cuarto,Rio Cuarto,A,10.35,-84.23333333333333
CRRIO,CR,RIO,Río Frío,Rio Frio,P,9.783333333333333,-85.18333333333334
CRRJI,CR,RJI,Rio Jimenez,Rio Jimenez,L,10.25,-83.6
CRROX,CR,ROX,Roxana,Roxana,L,10.266666666666667,-83.75
CRSAM,CR,SAM,Sámara,Samara,G,9.883333333333333,-85.53333333333333
CRSAN,CR,SAN,San Ignacio de Acosta,San Ignacio de Acosta,SJ,9.8,-84.16666666666667
CRSIX,CR,SIX,Sixaola/Talamanca,Sixaola/Talamanca,L,9.516666666666667,-82.61666666666666
CRSJO,CR,SJO,San José,San Jose,SJ,9.933333333333334,-84.08333333333333
CRSMP,CR,SMP,Santa Maria/Pocosol,Santa Maria/Pocosol,A,10.616666666666667,-84.51666666666667
CRSPI,CR,SPI,Sarapiquí,Sarapiqui,H,10.483333333333333,-84.01666666666667
CRSRG,CR,SRG,San Rafael Guatuso,San Rafael Guatuso,A,10.666666666666666,-84.81666666666666
CRSRI,CR,SRI,Sarchí,Sarchi,A,10.083333333333334,-84.35
CRSRP,CR,SRP,Santa Rosa/Pocosol,Santa Rosa/Pocosol,A,10.366666666666667,-84.61666666666666
CRSSP,CR,SSP,San Pedro de Poas,San Pedro de Poas,A,10.083333333333334,-84.25
CRTIG,CR,TIG,La Tigra,La Tigra,P,9.933333333333334,-85.15
CRTRE,CR,TRE,Tres Ríos,Tres Rios,C,9.9,-85.18333333333334
CRTUA,CR,TUA,Turrubares,Turrubares,A,9.616666666666667,-84.51666666666667
CRVDT,CR,VDT,Puerto Viejo,Puerto Viejo,L,9.65,-82.76666666666667
CRZAR,CR,ZAR,Zarcero / Naranjo,Zarcero / Naranjo,A,10.183333333333334,-84.4
CUBAN,CU,BAN,Banes,Banes,,20.966666666666665,-75.71666666666667
CUBHO,CU,BHO,Bahía Honda,Bahia Honda,,22.9,-83.16666666666667
CUBOG,CU,BOG,Boca Grande,Boca Grande,,21.583333333333332,-78.66666666666667
CUBUF,CU,BUF,Bufadero,Bufadero,,21.566666666666666,-77.23333333333333
CUCAB,CU,CAB,Cabañas,Cabanas,,22.983333333333334,-82.91666666666667
CUCAI,CU,CAI,Caibarién,Caibarien,,22.516666666666666,-79.46666666666667
CUCAR,CU,CAR,Cárdenas,Cardenas,,23.033333333333335,-81.2
CUCAS,CU,CAS,Casilda,Casilda,,21.766666666666666,-80.0
CUCEI,CU,CEI,Ceiba Hueca,Ceiba Hueca,,20.216666666666665,-77.33333333333333
CUCMW,CU,CMW,Camagüey,Camaguey,,21.383333333333333,-77.91666666666667
CUGIB,CU,GIB,Gibara,Gibara,,21.1,-76.13333333333334
CUHAV,CU,HAV,La Habana,La Habana,03,23.116666666666667,-82.35
CUJUC,CU,JUC,Júcaro,Jucaro,,21.633333333333333,-78.85
CUMAR,CU,MAR,Mariel,Mariel,,23.0,-82.75
CUMEL,CU,MEL,Media Luna,Media Luna,,20.15,-77.43333333333334
CUMNT,CU,MNT,Puerto Manatí,Puerto Manati,,21.366666666666667,-76.83333333333333
CUNIQ,CU,NIQ,Niquero,Niquero,,20.05,-77.58333333333333
CUNVT,CU,NVT,Nuevitas,Nuevitas,,21.55,-77.26666666666667
CUPAL,CU,PAL,Palo Alto,Palo Alto,,21.6,-78.96666666666667
CUPAS,CU,PAS,Puerto de Pastelillo,Puerto de Pastelillo,,21.55,-77.21666666666667
CUPPA,CU,PPA,Puerto Padre,Puerto Padre,,21.2,-76.6
CUPTA,CU,PTA,Puerto Tarafa,Puerto Tarafa,,21.566666666666666,-77.25
CURSL,CU,RSL,Sagua la Grande,Sagua la Grande,,22.8,-80.06666666666666
CUSDT,CU,SDT,Sagua de Tánamo,Sagua de Tanamo,11,20.583333333333332,-75.23333333333333
CUTDZ,CU,TDZ,Tunas de Zaza,Tunas de Zaza,,21.633333333333333,-79.55
CUVIT,CU,VIT,Puerto da Vita,Puerto da Vita,,21.083333333333332,-75.96666666666667
CVGRA,CV,GRA,Porto Grande,Porto Grande,SV,16.866666666666667,-25.0
CVMIN,CV,MIN,Mindelo,Mindelo,SV,16.883333333333333,-25.0
CWBUB,CW,BUB,Bullenbaai,Bullenbaai,,12.166666666666666,-69.0
CWCRB,CW,CRB,Caracas Baai,Caracas Baai,,12.066666666666666,-68.85
CWCUR,CW,CUR,Curaçao,Curacao,,12.166666666666666,-69.0
CWFUI,CW,FUI,Fuikbaai,Fuikbaai,,12.05,-68.81666666666666
CWSMB,CW,SMB,Sint Michielsbaai,Sint Michielsbaai,,12.15,-68.98333333333333
CWWIL,CW,WIL,Willemstad,Willemstad,,12.1,-68.91666666666667
CXFFC,CX,FFC,Flying Fish Cove,Flying Fish Cove,,-10.416666666666666,105.71666666666667
CYAKT,CY,AKT,Akrotiri,Akrotiri,02,34.6,32.95
CYANM,CY,ANM,Ayia Napa,Ayia Napa,04,34.983333333333334,34.0
CYDHK,CY,DHK,Dhekelia,Dhekelia,03,34.983333333333334,33.75
CYFMG,CY,FMG,Famagusta,Famagusta,04,35.1,33.95
CYKAR,CY,KAR,Karavostasi,Karavostasi,01,35.13333333333333,32.833333333333336
CYKYR,CY,KYR,Kyrenia,Kyrenia,06,35.333333333333336,33.333333333333336
CYLAT,CY,LAT,Latchi,Latchi,05,35.03333333333333,32.4
CYLCA,CY,LCA,Larnaca,Larnaca,03,34.916666666666664,33.61666666666667
CYLMS,CY,LMS,Limassol,Limassol,02,34.68333333333333,33.05
CYMOI,CY,MOI,Moni,Moni,02,34.733333333333334,33.2
CYNIC,CY,NIC,Nicosia,Nicosia,01,35.166666666666664,33.36666666666667
CYPFO,CY,PFO,Paphos,Paphos,05,34.766666666666666,32.416666666666664
CYVAS,CY,VAS,Vasilikos,Vasilikos,03,34.71666666666667,33.31666666666667
CYZYY,CY,ZYY,Zyyi,Zyyi,03,34.733333333333334,33.333333333333336
CZBAR,CZ,BAR,Bartosovice,Bartosovice,MO,49.666666666666664,18.05
CZBBC,CZ,BBC,Babice,Babice,JM,48.983333333333334,16.4
CZBBE,CZ,BBE,Dolní Berkovice,Dolni Berkovice,,50.38333333333333,14.433333333333334
CZBLN,CZ,BLN,Bílina,Bilina,,50.55,13.766666666666667
CZBRA,CZ,BRA,Stribrna Skalice,Stribrna Skalice,ST,49.9,14.85
CZC7V,CZ,C7V,Cervená Voda,Cervena Voda,PA,50.03333333333333,16.75
CZCCN,CZ,CCN,Chocen,Chocen,,50.0,16.233333333333334
CZCEP,CZ,CEP,Cepi,Cepi,PR,49.983333333333334,15.7
CZCEV,CZ,CEV,Ceská Ves,Ceska Ves,OL,50.25,17.233333333333334
CZCHU,CZ,CHU,Chudobín,Chudobin,,49.56666666666667,16.266666666666666
CZCRS,CZ,CRS,Smilovice,Smilovice,MO,49.666666666666664,18.583333333333332
CZCUL,CZ,CUL,Chrastava,Chrastava,,50.81666666666667,14.966666666666667
CZDCB,CZ,DCB,Decín,Decin,,50.78333333333333,14.216666666666667
CZDDD,CZ,DDD,Dobroviz,Dobroviz,ST,51.166666666666664,141.5
CZDEK,CZ,DEK,Hradek,Hradek,PL,49.71666666666667,13.65
CZDIV,CZ,DIV,Divisov,Divisov,,49.78333333333333,14.883333333333333
CZDKV,CZ,DKV,Drzkov,Drzkov,,50.68333333333333,15.316666666666666
CZDOB,CZ,DOB,Dolní Benesov,Dolni Benesov,,49.916666666666664,18.116666666666667
CZDOL,CZ,DOL,Dolní Lhota,Dolni Lhota,,49.13333333333333,17.816666666666666
CZDRN,CZ,DRN,Drnholec,Drnholec,JM,48.85,16.5
CZDRO,CZ,DRO,Dobromerice,Dobromerice,US,50.36666666666667,13.8
CZDRS,CZ,DRS,Dobris,Dobris,,49.78333333333333,14.166666666666666
CZG44,CZ,G44,Chvalatice,Chvalatice,JM,48.95,-154.83333333333334
CZHLU,CZ,HLU,Hluk,Hluk,ZL,48.983333333333334,17.516666666666666
CZHRN,CZ,HRN,Hradesin,Hradesin,ST,50.03333333333333,14.75
CZHRU,CZ,HRU,Hrusky/Breclav,Hrusky/Breclav,JM,48.78333333333333,16.983333333333334
CZJAB,CZ,JAB,Jablonné nad Orlicí,Jablonne nad Orlici,,50.03333333333333,16.6
CZJEN,CZ,JEN,Jencice,Jencice,US,50.483333333333334,14.016666666666667
CZJIE,CZ,JIE,Jevisovice,Jevisovice,JM,48.983333333333334,16.0
CZJK6,CZ,JK6,Sakvice,Sakvice,JM,48.9,16.7
CZKAD,CZ,KAD,Kadan,Kadan,US,50.38333333333333,13.266666666666667
CZKKA,CZ,KKA,Kyselka,Kyselka,KA,50.06666666666667,12.783333333333333
CZKNV,CZ,KNV,Kralupy nad Vltavou,Kralupy nad Vltavou,,50.233333333333334,14.316666666666666
CZKOQ,CZ,KOQ,Kosor,Kosor,ST,49.983333333333334,140.33333333333334
CZKSL,CZ,KSL,Kostelec nad Labem,Kostelec nad Labem,ST,50.233333333333334,14.6
CZKUV,CZ,KUV,Karolinka,Karolinka,,49.35,18.25
CZLOB,CZ,LOB,Lobodice,Lobodice,OL,49.4,17.283333333333335
CZLUK,CZ,LUK,Lochovice,Lochovice,,49.85,13.983333333333333
CZMIB,CZ,MIB,Milotice nad Becvou,Milotice nad Becvou,OL,49.53333333333333,17.833333333333332
CZMNV,CZ,MNV,Michnov,Michnov,JM,49.6,16.883333333333333
CZMYT,CZ,MYT,Myto/Cesky Krumlov,Myto/Cesky Krumlov,JC,48.78333333333333,14.166666666666666
CZNEH,CZ,NEH,Nehvizdy,Nehvizdy,ST,50.13333333333333,14.733333333333333
CZNET,CZ,NET,Netolice,Netolice,JC,49.05,14.2
CZNKN,CZ,NKN,Sedlec,Sedlec,JC,49.166666666666664,14.333333333333334
CZNRT,CZ,NRT,Neratovice,Neratovice,ST,50.266666666666666,14.516666666666667
CZNVV,CZ,NVV,Nový Vestec,Novy Vestec,,50.18333333333333,14.716666666666667
CZOCX,CZ,OCX,Opocno,Opocno,KR,50.266666666666666,16.116666666666667
CZOSI,CZ,OSI,Osice,Osice,KR,50.15,15.683333333333334
CZOVK,CZ,OVK,Smrzovka,Smrzovka,,50.733333333333334,15.25
CZOVV,CZ,OVV,Novy Knin,Novy Knin,ST,49.78333333333333,142.33333333333334
CZPAU,CZ,PAU,Plana u Marianskych Lazni,Plana u Marianskych Lazni,PL,49.86666666666667,12.75
CZPNA,CZ,PNA,Polna,Polna,VY,49.333333333333336,15.716666666666667
CZPNJ,CZ,PNJ,Police nad Metují,Police nad Metuji,,50.53333333333333,16.233333333333334
CZPOP,CZ,POP,Popuvky,Popuvky,OL,49.333333333333336,17.3
CZRNH,CZ,RNH,Kralice na Hané,Kralice na Hane,,49.45,17.183333333333334
CZSDO,CZ,SDO,Sviadnov,Sviadnov,,49.7,18.35
CZSEM,CZ,SEM,Semcice,Semcice,,50.36666666666667,150.0
CZSK5,CZ,SK5,Dolní Jircany,Dolni Jircany,ST,49.95,14.533333333333333
CZSKJ,CZ,SKJ,Dehtary,Dehtary,ST,50.15,140.63333333333333
CZSMO,CZ,SMO,Smíchov,Smichov,,50.06666666666667,14.4
CZSTE,CZ,STE,Stechovice,Stechovice,ST,49.85,14.4
CZSTT,CZ,STT,Stetí,Steti,,50.45,14.383333333333333
CZTIS,CZ,TIS,Tisnov,Tisnov,JM,49.35,16.433333333333334
CZTOM,CZ,TOM,Touzim,Touzim,,50.06666666666667,12.983333333333333
CZTUC,CZ,TUC,Tuchomerice,Tuchomerice,PR,50.13333333333333,14.283333333333333
CZTVA,CZ,TVA,Tanvald,Tanvald,,50.733333333333334,15.3
CZULN,CZ,ULN,Ustí nad Labem,Usti nad Labem,,50.666666666666664,14.033333333333333
CZVAA,CZ,VAA,Veverská Bityska,Veverska Bityska,,49.28333333333333,16.45
CZVKA,CZ,VKA,Trnavka,Trnavka,PA,50.03333333333333,15.466666666666667
CZXUY,CZ,XUY,Prague-Vinohrady,Prague-Vinohrady,ST,50.06666666666667,14.45
CZZLY,CZ,ZLY,Kvasice,Kvasice,ZL,49.25,17.466666666666665
DE23A,DE,23A,Leinatal,Leinatal,TH,50.9,10.633333333333333
DE2RO,DE,2RO,Rödersheim,Rodersheim,RP,49.43333333333333,8.25
DE3L4,DE,3L4,Hoppegarten,Hoppegarten,BB,52.516666666666666,13.666666666666666
DE64Z,DE,64Z,Niendorf Ostsee,Niendorf Ostsee,SH,54.0,10.816666666666666
DE69S,DE,69S,Wittdün,Wittdun,SH,54.63333333333333,8.4
DE6NK,DE,6NK,Langsur,Langsur,RP,49.71666666666667,6.5
DE73A,DE,73A,Langballig,Langballig,SH,54.8,9.633333333333333
DEAAD,DE,AAD,Landkreis Ammerland,Landkreis Ammerland,NI,53.21666666666667,8.016666666666667
DEAAH,DE,AAH,Aachen,Aachen,NW,50.766666666666666,6.083333333333333
DEABF,DE,ABF,Abbenfleth,Abbenfleth,NI,53.666666666666664,9.483333333333333
DEABH,DE,ABH,Abbehausen,Abbehausen,NI,53.483333333333334,8.433333333333334
DEABL,DE,ABL,Abbesbüttel,Abbesbuttel,NI,52.35,10.566666666666666
DEABO,DE,ABO,Alt Bork,Alt Bork,BB,52.18333333333333,12.866666666666667
DEADT,DE,ADT,Weinstadt,Weinstadt,BW,48.81666666666667,9.366666666666667
DEAEB,DE,AEB,Babelsberg,Babelsberg,BB,52.38333333333333,13.116666666666667
DEAGE,DE,AGE,Wangerooge,Wangerooge,NI,53.8,7.9
DEAHC,DE,AHC,Ahlbeck,Ahlbeck,MV,53.666666666666664,14.2
DEAHU,DE,AHU,Am Hund,Am Hund,RP,50.166666666666664,7.683333333333334
DEAIT,DE,AIT,Aitrach,Aitrach,BW,47.95,10.083333333333334
DEAMB,DE,AMB,Amberg,Amberg,BY,49.43333333333333,11.866666666666667
DEAML,DE,AML,Amelsbüren,Amelsburen,NW,51.88333333333333,7.6
DEAMR,DE,AMR,Achmer,Achmer,NI,52.4,7.933333333333334
DEAND,DE,AND,Andernach,Andernach,RP,50.43333333333333,7.4
DEANE,DE,ANE,Wanne-Eickel,Wanne-Eickel,NW,51.53333333333333,7.166666666666667
DEANR,DE,ANR,Altenbruch Reede,Altenbruch Reede,NI,53.85,8.8
DEAPE,DE,APE,Apen,Apen,NI,53.21666666666667,7.8
DEAQ2,DE,AQ2,Pförring,Pforring,BY,48.81666666666667,11.683333333333334
DEAQF,DE,AQF,Alf,Alf,RP,50.05,7.116666666666666
DEARL,DE,ARL,Ammerland,Ammerland,BY,47.9,11.333333333333334
DEARN,DE,ARN,Arnsberg,Arnsberg,NW,51.38333333333333,8.083333333333334
DEASE,DE,ASE,Arendsee,Arendsee,ST,52.88333333333333,11.483333333333333
DEASR,DE,ASR,Babelsberg,Babelsberg,BY,49.083333333333336,11.9
DEATL,DE,ATL,Altenlingen,Altenlingen,NI,52.55,7.3
DEAUG,DE,AUG,Augustfehn,Augustfehn,NI,53.21666666666667,7.766666666666667
DEAUO,DE,AUO,Audorf,Audorf,SH,54.31666666666667,9.716666666666667
DEAUR,DE,AUR,Aurich,Aurich,NI,53.46666666666667,7.483333333333333
DEAWR,DE,AWR,Achterwehr,Achterwehr,SH,54.31666666666667,9.966666666666667
DEAXB,DE,AXB,Alsleben,Alsleben,ST,51.7,11.666666666666666
DEB85,DE,B85,Schwindegg,Schwindegg,BY,48.266666666666666,12.25
DEBAS,DE,BAS,Basbeck,Basbeck,NI,53.68333333333333,9.183333333333334
DEBBG,DE,BBG,Brandenburg,Brandenburg,BB,52.416666666666664,12.55
DEBBV,DE,BBV,Bad Bevensen,Bad Bevensen,NI,53.083333333333336,10.583333333333334
DEBCO,DE,BCO,Bockholdt,Bockholdt,NI,52.88333333333333,10.116666666666667
DEBCT,DE,BCT,Borschütz,Borschutz,BB,56.4,13.216666666666667
DEBCW,DE,BCW,Brachwitz,Brachwitz,ST,51.53333333333333,11.866666666666667
DEBDA,DE,BDA,Brodenbach,Brodenbach,RP,50.21666666666667,7.45
DEBDF,DE,BDF,Bendorf/Rhein,Bendorf/Rhein,RP,50.416666666666664,7.566666666666666
DEBEN,DE,BEN,Bensersiel,Bensersiel,NI,53.68333333333333,7.583333333333333
DEBER,DE,BER,Berlin,Berlin,BE,52.516666666666666,13.383333333333333
DEBES,DE,BES,Bad Essen,Bad Essen,NI,52.31666666666667,8.333333333333334
DEBEU,DE,BEU,Bullenhausen,Bullenhausen,NI,53.45,10.083333333333334
DEBEZ,DE,BEZ,Bahlingen,Bahlingen,BW,48.11666666666667,7.733333333333333
DEBFF,DE,BFF,Boffzen,Boffzen,NI,51.75,9.383333333333333
DEBGL,DE,BGL,Bergisch Gladbach,Bergisch Gladbach,NW,50.983333333333334,7.133333333333334
DEBIN,DE,BIN,Bingen am Rhein,Bingen am Rhein,RP,49.96666666666667,7.883333333333333
DEBIW,DE,BIW,Bindow,Bindow,BB,52.28333333333333,13.75
DEBKE,DE,BKE,Brake,Brake,NI,53.333333333333336,8.483333333333333
DEBKW,DE,BKW,Beeskow,Beeskow,BB,52.166666666666664,14.233333333333333
DEBLD,DE,BLD,Burglengenfeld,Burglengenfeld,BY,49.2,12.033333333333333
DEBLM,DE,BLM,Blumenthal/Bremen,Blumenthal/Bremen,HB,53.18333333333333,8.583333333333334
DEBMK,DE,BMK,Borkum,Borkum,NI,53.583333333333336,6.666666666666667
DEBMN,DE,BMN,Bermatingen,Bermatingen,BW,47.733333333333334,9.333333333333334
DEBMO,DE,BMO,Börgemoor,Borgemoor,NI,53.016666666666666,7.5
DEBMR,DE,BMR,Baltrum,Baltrum,NI,53.733333333333334,7.366666666666666
DEBMV,DE,BMV,Bremervörde,Bremervorde,NI,53.483333333333334,9.133333333333333
DEBNK,DE,BNK,Brink,Brink,NI,52.43333333333333,9.733333333333333
DEBOI,DE,BOI,Boizenburg,Boizenburg,MV,53.38333333333333,10.716666666666667
DEBOK,DE,BOK,Bokel,Bokel,NI,53.38333333333333,8.766666666666667
DEBQ2,DE,BQ2,Birklar,Birklar,HE,50.5,8.816666666666666
DEBRA,DE,BRA,Bramel,Bramel,NI,53.55,8.7
DEBRK,DE,BRK,Barnkrug,Barnkrug,NI,53.68333333333333,9.466666666666667
DEBRV,DE,BRV,Bremerhaven,Bremerhaven,HB,53.53333333333333,8.6
DEBSI,DE,BSI,Bubsheim,Bubsheim,BW,48.11666666666667,8.816666666666666
DEBTA,DE,BTA,Bortfeld,Bortfeld,NI,52.3,10.4
DEBTC,DE,BTC,Bodenteich,Bodenteich,NI,52.85,10.666666666666666
DEBTF,DE,BTF,Brahlstorf,Brahlstorf,MV,53.7,11.55
DEBTI,DE,BTI,Bertingen,Bertingen,ST,52.35,11.833333333333334
DEBUL,DE,BUL,Bühl,Buhl,BW,48.68333333333333,8.133333333333333
DEBUT,DE,BUT,Butjadingen,Butjadingen,NI,53.583333333333336,8.366666666666667
DEBUX,DE,BUX,Buxtehude,Buxtehude,NI,53.45,9.7
DEBUZ,DE,BUZ,Bützfleth,Butzfleth,NI,53.666666666666664,9.483333333333333
DEBWE,DE,BWE,Braunschweig,Braunschweig,NI,52.266666666666666,10.5
DEBWJ,DE,BWJ,Niebelsbach,Niebelsbach,BW,48.88333333333333,8.566666666666666
DEBWQ,DE,BWQ,Birkweiler,Birkweiler,RP,49.2,8.033333333333333
DEBXB,DE,BXB,Boxberg,Boxberg,BW,49.483333333333334,9.633333333333333
DEBYT,DE,BYT,Borgstedt,Borgstedt,SH,54.333333333333336,9.716666666666667
DEBZQ,DE,BZQ,Burgstädt,Burgstadt,SN,50.916666666666664,12.816666666666666
DEBZR,DE,BZR,Binz,Binz,MV,54.4,13.6
DEBZS,DE,BZS,Beddingen,Beddingen,NI,52.18333333333333,10.416666666666666
DECAR,DE,CAR,Carolinensiel,Carolinensiel,NI,53.7,7.8
DECGN,DE,CGN,Köln,Koln,NW,50.95,6.933333333333334
DECH5,DE,CH5,Niederkaina,Niederkaina,SN,51.2,14.483333333333333
DECHL,DE,CHL,Schulau,Schulau,SH,53.583333333333336,9.7
DECKH,DE,CKH,Blankenheim,Blankenheim,NW,50.43333333333333,6.65
DECKK,DE,CKK,Bockenem,Bockenem,NI,52.016666666666666,10.133333333333333
DECKL,DE,CKL,Kiel Canal,Kiel Canal,SH,53.88333333333333,9.133333333333333
DECPZ,DE,CPZ,Copitz,Copitz,SN,50.96666666666667,13.933333333333334
DECRL,DE,CRL,Castrop-Rauxel,Castrop-Rauxel,NW,51.55,7.3
DECRR,DE,CRR,Crossen an der Elster,Crossen an der Elster,TH,50.96666666666667,11.966666666666667
DECUM,DE,CUM,Cumlosen,Cumlosen,BB,53.016666666666666,11.65
DECUX,DE,CUX,Cuxhaven,Cuxhaven,NI,53.88333333333333,8.7
DECWN,DE,CWN,Schwaan,Schwaan,MV,53.95,12.116666666666667
DEDAN,DE,DAN,Dangast,Dangast,NI,53.45,8.116666666666667
DEDCH,DE,DCH,Bacharach,Bacharach,RP,50.05,7.766666666666667
DEDDD,DE,DDD,Letmathe,Letmathe,NW,51.36666666666667,7.6
DEDE3,DE,DE3,Dombühl,Dombuhl,BY,49.25,10.283333333333333
DEDE8,DE,DE8,Laubenheim,Laubenheim,RP,49.916666666666664,7.9
DEDEB,DE,DEB,Deuben,Deuben,ST,51.11666666666667,12.066666666666666
DEDEO,DE,DEO,Oberthal,Oberthal,SL,49.516666666666666,7.1
DEDEU,DE,DEU,Dernau,Dernau,RP,50.53333333333333,7.033333333333333
DEDFX,DE,DFX,Niederdollendorf,Niederdollendorf,NW,50.7,7.183333333333334
DEDGA,DE,DGA,Deggenau,Deggenau,BY,48.81666666666667,12.983333333333333
DEDHM,DE,DHM,Diersheim,Diersheim,BW,48.65,7.883333333333333
DEDIA,DE,DIA,Dierhagen,Dierhagen,MV,54.3,12.366666666666667
DEDIT,DE,DIT,Ditzum,Ditzum,NI,53.31666666666667,7.283333333333333
DEDMG,DE,DMG,Dormagen,Dormagen,NW,51.083333333333336,6.816666666666666
DEDMN,DE,DMN,Demmin,Demmin,MV,53.9,13.033333333333333
DEDNR,DE,DNR,Derenburg,Derenburg,ST,51.86666666666667,10.916666666666666
DEDNT,DE,DNT,Dorenthe,Dorenthe,NW,52.21666666666667,7.683333333333334
DEDON,DE,DON,Dorsten,Dorsten,NW,51.666666666666664,6.966666666666667
DEDR5,DE,DR5,Drebber,Drebber,NI,52.65,8.433333333333334
DEDRO,DE,DRO,Drochtersen,Drochtersen,NI,53.7,9.383333333333333
DEDRP,DE,DRP,Dörpen,Dorpen,NI,52.95,7.316666666666666
DEDSB,DE,DSB,Diesbar,Diesbar,SN,51.25,13.416666666666666
DEDSC,DE,DSC,Dinkelscherben,Dinkelscherben,BY,48.35,10.583333333333334
DEDSU,DE,DSU,Dersum,Dersum,NI,52.96666666666667,7.283333333333333
DEDT8,DE,DT8,Dittersdorf,Dittersdorf,TH,50.75,12.116666666666667
DEDTM,DE,DTM,Dortmund,Dortmund,NW,51.5,7.483333333333333
DEDUI,DE,DUI,Duisburg,Duisburg,NW,51.46666666666667,6.75
DEDUL,DE,DUL,Dusslingen,Dusslingen,BW,48.45,9.05
DEDUS,DE,DUS,Düsseldorf,Dusseldorf,NW,51.233333333333334,6.783333333333333
DEDVE,DE,DVE,Dörverden,Dorverden,NI,52.85,9.233333333333333
DEDWD,DE,DWD,Dannenwalde,Dannenwalde,BB,53.083333333333336,13.183333333333334
DEEAM,DE,EAM,Erlenbach am Main,Erlenbach am Main,BY,49.8,9.166666666666666
DEEAU,DE,EAU,Erlau,Erlau,SN,51.016666666666666,12.933333333333334
DEEAX,DE,EAX,Effeldorf,Effeldorf,BY,49.8,10.083333333333334
DEEBB,DE,EBB,Eberbach,Eberbach,BW,49.46666666666667,8.983333333333333
DEEBI,DE,EBI,Ehrenbreitstein,Ehrenbreitstein,RP,50.35,7.616666666666667
DEEDD,DE,EDD,Eiderdeich,Eiderdeich,SH,54.28333333333333,9.4
DEEDI,DE,EDI,Edingen,Edingen,BW,49.43333333333333,8.6
DEEFE,DE,EFE,Gräfenhainichen,Grafenhainichen,ST,51.71666666666667,12.45
DEEGC,DE,EGC,Eching/Landshut,Eching/Landshut,BY,48.516666666666666,12.066666666666666
DEEGJ,DE,EGJ,Eggermühlen,Eggermuhlen,NI,52.56666666666667,7.816666666666666
DEEHI,DE,EHI,Ehingen,Ehingen,BW,48.28333333333333,9.733333333333333
DEEHM,DE,EHM,Senheim,Senheim,RP,50.083333333333336,7.2
DEEHS,DE,EHS,Eisenhüttenstadt,Eisenhuttenstadt,BB,52.15,14.65
DEELB,DE,ELB,Ellerbek,Ellerbek,SH,54.333333333333336,10.183333333333334
DEELF,DE,ELF,Elsenfeld,Elsenfeld,BY,49.833333333333336,9.15
DEELG,DE,ELG,Belgern,Belgern,SN,51.483333333333334,13.116666666666667
DEELS,DE,ELS,Elsfleth,Elsfleth,NI,53.233333333333334,8.466666666666667
DEEM4,DE,EM4,Emersacker,Emersacker,BY,48.5,10.666666666666666
DEEME,DE,EME,Emden,Emden,NI,53.36666666666667,7.216666666666667
DEEOM,DE,EOM,Eggolsheim,Eggolsheim,BY,49.766666666666666,11.05
DEERA,DE,ERA,Watzerath,Watzerath,RP,50.18333333333333,6.35
DEERX,DE,ERX,Biere,Biere,ST,51.96666666666667,11.65
DEERY,DE,ERY,Ering,Ering,BY,48.3,14.516666666666666
DEESU,DE,ESU,Emmelsum,Emmelsum,NW,51.6,6.6
DEETN,DE,ETN,Elten,Elten,NW,51.86666666666667,6.15
DEETY,DE,ETY,Ettal,Ettal,BY,47.56666666666667,11.1
DEEZH,DE,EZH,Elzach,Elzach,BW,48.166666666666664,8.066666666666666
DEEZN,DE,EZN,Lenzen,Lenzen,MV,53.083333333333336,11.433333333333334
DEFBR,DE,FBR,Falkenberg,Falkenberg,BB,51.56666666666667,-130.21666666666667
DEFES,DE,FES,Freistett,Freistett,BW,48.666666666666664,7.95
DEFFO,DE,FFO,Frankfurt/Oder,Frankfurt/Oder,BB,52.35,14.55
DEFHE,DE,FHE,Frielendorf,Frielendorf,HE,50.983333333333334,9.333333333333334
DEFHL,DE,FHL,Friedrichsfeld,Friedrichsfeld,NW,51.63333333333333,6.65
DEFHM,DE,FHM,Fellheim,Fellheim,BY,48.06666666666667,10.15
DEFNW,DE,FNW,Fritzdorf,Fritzdorf,NW,50.6,7.1
DEFRA,DE,FRA,Frankfurt am Main,Frankfurt am Main,HE,50.11666666666667,8.683333333333334
DEFRE,DE,FRE,Fresenburg,Fresenburg,NI,52.88333333333333,7.3
DEFRR,DE,FRR,Frauenau,Frauenau,BY,48.983333333333334,13.3
DEFSH,DE,FSH,Framersheim,Framersheim,RP,49.75,8.166666666666666
DEFWH,DE,FWH,Friedrich-Wilhelmshutte,Friedrich-Wilhelmshutte,NW,50.8,7.15
DEFYE,DE,FYE,Friesoythe,Friesoythe,NI,53.016666666666666,7.85
DEGAO,DE,GAO,Gau Odernheim,Gau Odernheim,RP,49.78333333333333,8.183333333333334
DEGBX,DE,GBX,Barbing,Barbing,BY,49.0,12.2
DEGDO,DE,GDO,Godorf,Godorf,NW,50.85,6.966666666666667
DEGDZ,DE,GDZ,Gudderath,Gudderath,NW,51.11666666666667,6.433333333333334
DEGEK,DE,GEK,Gelsenkirchen,Gelsenkirchen,NW,51.516666666666666,7.116666666666666
DEGFD,DE,GFD,Gersfeld,Gersfeld,HE,50.45,9.95
DEGFF,DE,GFF,Grafschaft,Grafschaft,RP,50.583333333333336,7.066666666666666
DEGHZ,DE,GHZ,Gersheim,Gersheim,SL,49.15,7.216666666666667
DEGJ9,DE,GJ9,Mengkofen,Mengkofen,BY,48.71666666666667,-123.0
DEGKG,DE,GKG,Gross Krotzenburg,Gross Krotzenburg,HE,50.083333333333336,8.983333333333333
DEGKR,DE,GKR,Goldkronach,Goldkronach,BY,50.016666666666666,11.683333333333334
DEGL3,DE,GL3,Müglitztal,Muglitztal,SN,50.93333333333333,13.833333333333334
DEGLK,DE,GLK,Glücksburg,Glucksburg,SH,54.833333333333336,9.55
DEGMN,DE,GMN,Grimmen,Grimmen,MV,54.11666666666667,13.05
DEGMR,DE,GMR,Grimberg,Grimberg,NW,51.05,7.15
DEGMV,DE,GMV,Graal-Müritz,Graal-Muritz,MV,54.25,12.233333333333333
DEGNL,DE,GNL,Gelbensande,Gelbensande,MV,54.2,12.3
DEGNP,DE,GNP,Ginepp,Ginepp,SN,50.583333333333336,12.15
DEGNR,DE,GNR,Grau Rheindorf,Grau Rheindorf,NW,50.75,7.066666666666666
DEGNU,DE,GNU,Gronau,Gronau,NW,52.21666666666667,7.033333333333333
DEGNX,DE,GNX,Gutenberg,Gutenberg,RP,49.88333333333333,7.8
DEGO4,DE,GO4,Gössenheim,Gossenheim,BY,50.016666666666666,9.783333333333333
DEGPR,DE,GPR,Groppenbruch,Groppenbruch,NW,51.56666666666667,7.366666666666666
DEGRE,DE,GRE,Greetsiel,Greetsiel,NI,53.5,7.1
DEGRO,DE,GRO,Grossenbrode,Grossenbrode,SH,54.38333333333333,11.083333333333334
DEGS5,DE,GS5,Gilserberg,Gilserberg,HE,50.95,9.066666666666666
DEGSA,DE,GSA,Grosslehna,Grosslehna,ST,51.28333333333333,12.15
DEGSI,DE,GSI,Grossensiel,Grossensiel,NI,53.46666666666667,8.483333333333333
DEGST,DE,GST,Geeste,Geeste,NI,52.6,7.266666666666667
DEGTR,DE,GTR,Gohlis,Gohlis,SN,51.35,13.283333333333333
DEGUE,DE,GUE,Gusen,Gusen,ST,52.35,11.966666666666667
DEGUZ,DE,GUZ,Urmitz,Urmitz,RP,50.4,7.516666666666667
DEGXG,DE,GXG,Gager,Gager,MV,54.3,13.683333333333334
DEGXN,DE,GXN,Gimmeldingen,Gimmeldingen,RP,49.36666666666667,8.15
DEGXR,DE,GXR,Gröde,Grode,SH,54.63333333333333,8.716666666666667
DEGXS,DE,GXS,Gaussig,Gaussig,SN,51.11666666666667,14.316666666666666
DEGYM,DE,GYM,Mainzlar,Mainzlar,HE,50.666666666666664,-8.733333333333333
DEGZG,DE,GZG,Grosszerlang,Grosszerlang,BB,53.18333333333333,12.95
DEHAJ,DE,HAJ,Hannover,Hannover,NI,52.36666666666667,9.716666666666667
DEHAM,DE,HAM,Hamburg,Hamburg,HH,53.516666666666666,9.933333333333334
DEHAN,DE,HAN,Hameln,Hameln,NI,52.1,9.35
DEHAO,DE,HAO,Hasloch,Hasloch,BY,49.78333333333333,9.483333333333333
DEHAU,DE,HAU,Hanau,Hanau,HE,50.13333333333333,8.9
DEHBO,DE,HBO,Homberg,Homberg,NW,51.45,6.683333333333334
DEHBR,DE,HBR,Herbrum,Herbrum,NI,53.03333333333333,7.316666666666666
DEHBU,DE,HBU,Harburg,Harburg,HH,53.46666666666667,9.983333333333333
DEHCS,DE,HCS,Höchst/Frankfurt am Main,Hochst/Frankfurt am Main,HE,50.1,8.55
DEHD8,DE,HD8,Hitdorf,Hitdorf,NW,51.06666666666667,6.933333333333334
DEHDI,DE,HDI,Hiddingsel,Hiddingsel,NW,51.833333333333336,7.4
DEHE5,DE,HE5,Heimersheim,Heimersheim,RP,49.766666666666666,8.083333333333334
DEHEE,DE,HEE,Herne,Herne,NW,51.55,7.216666666666667
DEHEI,DE,HEI,Heidelberg,Heidelberg,BW,49.416666666666664,8.7
DEHGE,DE,HGE,Hooge,Hooge,SH,54.56666666666667,8.55
DEHGL,DE,HGL,Helgoland,Helgoland,SH,54.166666666666664,7.883333333333333
DEHGZ,DE,HGZ,Hergatz,Hergatz,BY,47.65,9.833333333333334
DEHH7,DE,HH7,Hauneck,Hauneck,HE,50.81666666666667,9.733333333333333
DEHHL,DE,HHL,Hehlen,Hehlen,NI,51.983333333333334,9.466666666666667
DEHHO,DE,HHO,Grosseichholzheim,Grosseichholzheim,BW,49.45,9.283333333333333
DEHHV,DE,HHV,Altenwerder,Altenwerder,HH,53.516666666666666,9.916666666666666
DEHJK,DE,HJK,Roschbach,Roschbach,RP,49.233333333333334,8.116666666666667
DEHLN,DE,HLN,Hollenstedt,Hollenstedt,NI,51.733333333333334,9.95
DEHLO,DE,HLO,Haseldorf,Haseldorf,SH,53.63333333333333,9.6
DEHLP,DE,HLP,Hiltrup,Hiltrup,NW,51.9,7.633333333333333
DEHME,DE,HME,Hattenheim,Hattenheim,HE,50.016666666666666,8.05
DEHML,DE,HML,Helmlingen,Helmlingen,BW,48.7,7.966666666666667
DEHMM,DE,HMM,Hamm,Hamm,NW,51.68333333333333,7.8
DEHMO,DE,HMO,Hemmoor,Hemmoor,NI,53.7,9.116666666666667
DEHNF,DE,HNF,Hennigsdorf,Hennigsdorf,BB,52.63333333333333,13.216666666666667
DEHO4,DE,HO4,Hochstadt,Hochstadt,RP,49.233333333333334,8.2
DEHOJ,DE,HOJ,Hohenhameln,Hohenhameln,NI,52.266666666666666,10.066666666666666
DEHOO,DE,HOO,Hooksiel,Hooksiel,NI,53.63333333333333,8.016666666666667
DEHOS,DE,HOS,Horumersiel,Horumersiel,NI,53.68333333333333,8.016666666666667
DEHPE,DE,HPE,Hoopte,Hoopte,NI,53.4,10.166666666666666
DEHRC,DE,HRC,Heinrichsberg,Heinrichsberg,ST,52.266666666666666,11.733333333333333
DEHRE,DE,HRE,Hirzenhain,Hirzenhain,HE,50.4,9.133333333333333
DEHRO,DE,HRO,Hubertushöhe,Hubertushohe,BB,52.233333333333334,13.966666666666667
DEHRT,DE,HRT,Herten,Herten,NW,51.6,7.133333333333334
DEHRX,DE,HRX,Hallig,Hallig,SH,54.53333333333333,9.666666666666666
DEHSA,DE,HSA,Hohensaaten,Hohensaaten,BB,52.86666666666667,14.15
DEHSB,DE,HSB,Hörselberg,Horselberg,TH,50.96666666666667,10.416666666666666
DEHSI,DE,HSI,Heidesheim,Heidesheim,RP,50.0,8.133333333333333
DEHSJ,DE,HSJ,Steinhorst,Steinhorst,NI,52.68333333333333,10.4
DEHSU,DE,HSU,Hundsmühlen,Hundsmuhlen,NI,53.1,8.183333333333334
DEHSX,DE,HSX,Harlesiel,Harlesiel,NI,53.7,7.8
DEHTJ,DE,HTJ,Hamburg-Mitte,Hamburg-Mitte,HH,53.55,10.016666666666667
DEHUB,DE,HUB,Berggiesshübel,Berggiesshubel,SN,50.86666666666667,13.933333333333334
DEHUX,DE,HUX,Hünsborn,Hunsborn,NW,50.93333333333333,7.883333333333333
DEHZN,DE,HZN,Holzminden,Holzminden,NI,51.81666666666667,9.45
DEHZZ,DE,HZZ,Huttingen,Huttingen,BW,47.666666666666664,7.533333333333333
DEIAM,DE,IAM,Amrum,Amrum,SH,54.65,8.35
DEIEN,DE,IEN,Biene,Biene,NI,52.56666666666667,7.283333333333333
DEIEW,DE,IEW,Schwielowsee,Schwielowsee,BB,52.333333333333336,12.966666666666667
DEIGH,DE,IGH,Igersheim,Igersheim,BW,49.5,9.816666666666666
DEILE,DE,ILE,Albersweiler,Albersweiler,RP,49.21666666666667,8.016666666666667
DEILH,DE,ILH,Lich,Lich,HE,50.516666666666666,8.816666666666666
DEING,DE,ING,Ingolstadt,Ingolstadt,BY,48.766666666666666,11.433333333333334
DEISP,DE,ISP,Ispringen,Ispringen,BW,48.916666666666664,8.666666666666666
DEISU,DE,ISU,Issum,Issum,NW,51.53333333333333,6.416666666666667
DEITH,DE,ITH,Grieth,Grieth,NW,51.78333333333333,6.316666666666666
DEITN,DE,ITN,Weitnau,Weitnau,BY,47.63333333333333,10.116666666666667
DEJEM,DE,JEM,Jemgum,Jemgum,NI,53.266666666666666,7.383333333333334
DEJIV,DE,JIV,Kettenheim,Kettenheim,RP,49.71666666666667,8.1
DEJSN,DE,JSN,Jössen,Jossen,NW,52.4,9.0
DEJTN,DE,JTN,Jettingen,Jettingen,BY,48.38333333333333,10.416666666666666
DEJUI,DE,JUI,Juist,Juist,NI,53.68333333333333,7.0
DEKAR,DE,KAR,Karnin,Karnin,MV,54.3,12.8
DEKB6,DE,KB6,Kosbach,Kosbach,BY,49.6,10.933333333333334
DEKBR,DE,KBR,Kinderbeuern,Kinderbeuern,RP,50.0,7.016666666666667
DEKCO,DE,KCO,Kirchmöser,Kirchmoser,BB,52.36666666666667,12.416666666666666
DEKDT,DE,KDT,Kallstadt,Kallstadt,RP,49.483333333333334,8.166666666666666
DEKEL,DE,KEL,Kiel,Kiel,SH,54.333333333333336,10.133333333333333
DEKFT,DE,KFT,Segnitz,Segnitz,BY,49.733333333333334,9.316666666666666
DEKGM,DE,KGM,Königsmoor,Konigsmoor,NI,53.666666666666664,9.35
DEKGU,DE,KGU,Kriegenbrunn,Kriegenbrunn,BY,49.55,10.95
DEKHO,DE,KHO,Kochendorf,Kochendorf,BW,49.2,9.2
DEKHU,DE,KHU,Karthaus,Karthaus,NW,51.86666666666667,7.3
DEKIE,DE,KIE,Kietz,Kietz,BB,52.56666666666667,14.616666666666667
DEKKU,DE,KKU,Kunkemühle,Kunkemuhle,NI,52.4,7.366666666666666
DEKLS,DE,KLS,Kesselstadt,Kesselstadt,HE,50.11666666666667,8.883333333333333
DEKMT,DE,KMT,Kaimt,Kaimt,RP,50.016666666666666,7.166666666666667
DEKNT,DE,KNT,Kreinitz,Kreinitz,SN,51.36666666666667,13.233333333333333
DEKOF,DE,KOF,Kolenfeld,Kolenfeld,NI,52.38333333333333,9.45
DEKPF,DE,KPF,Kipfenberg,Kipfenberg,BY,48.95,11.383333333333333
DEKR9,DE,KR9,Kronskamp,Kronskamp,MV,53.93333333333333,12.316666666666666
DEKRA,DE,KRA,Krautsand,Krautsand,NI,53.75,9.383333333333333
DEKRE,DE,KRE,Krefeld,Krefeld,NW,51.333333333333336,6.566666666666666
DEKTN,DE,KTN,Kösten,Kosten,BY,50.15,11.016666666666667
DEKUP,DE,KUP,Kuppenheim,Kuppenheim,BW,48.81666666666667,8.25
DEKVG,DE,KVG,Kövenig,Kovenig,RP,49.983333333333334,7.116666666666666
DEKWH,DE,KWH,Königs Wusterhausen,Konigs Wusterhausen,BB,52.28333333333333,13.616666666666667
DEKZB,DE,KZB,Kranzberg,Kranzberg,BY,48.4,11.616666666666667
DELAD,DE,LAD,Landau in der Pfalz,Landau in der Pfalz,RP,49.2,8.116666666666667
DELAT,DE,LAT,Lathen,Lathen,NI,52.86666666666667,7.316666666666666
DELAW,DE,LAW,Langewiesen,Langewiesen,TH,50.666666666666664,10.983333333333333
DELBM,DE,LBM,Lubmin,Lubmin,MV,54.13333333333333,13.6
DELCW,DE,LCW,Loschwitz,Loschwitz,SN,51.05,13.816666666666666
DELDM,DE,LDM,Langendamm,Langendamm,MV,54.3,12.466666666666667
DELER,DE,LER,Elster,Elster,ST,51.833333333333336,12.833333333333334
DELEV,DE,LEV,Leverkusen,Leverkusen,NW,51.03333333333333,7.0
DELEW,DE,LEW,Lemwerder,Lemwerder,NI,53.166666666666664,8.616666666666667
DELGB,DE,LGB,Langenbach,Langenbach,BW,48.05,8.283333333333333
DELGO,DE,LGO,Langeoog,Langeoog,NI,53.75,7.483333333333333
DELGX,DE,LGX,Ludwigshöhe,Ludwigshohe,RP,49.81666666666667,8.35
DELHD,DE,LHD,Lahde,Lahde,NW,52.36666666666667,9.0
DELIA,DE,LIA,Leina,Leina,TH,50.9,10.616666666666667
DELIB,DE,LIB,Liebenau,Liebenau,NI,52.6,9.1
DELIU,DE,LIU,Lindau,Lindau,BY,47.55,9.683333333333334
DELIZ,DE,LIZ,Leissnitz,Leissnitz,BB,52.11666666666667,14.216666666666667
DELKI,DE,LKI,Lankwitz,Lankwitz,BE,52.43333333333333,13.35
DELLI,DE,LLI,Gallin,Gallin,ST,51.833333333333336,12.75
DELLS,DE,LLS,Lülsdorf,Lulsdorf,NW,50.833333333333336,6.983333333333333
DELNH,DE,LNH,Löhnerheide,Lohnerheide,NW,52.18333333333333,8.683333333333334
DELNU,DE,LNU,Lauenburg/Elbe,Lauenburg/Elbe,SH,53.36666666666667,10.566666666666666
DELOW,DE,LOW,Lunow,Lunow,BB,52.916666666666664,14.116666666666667
DELPH,DE,LPH,Leipheim,Leipheim,BY,48.43333333333333,10.233333333333333
DELPQ,DE,LPQ,Liepgarten,Liepgarten,MV,53.71666666666667,14.016666666666667
DELRC,DE,LRC,Lembruch,Lembruch,NI,52.53333333333333,8.35
DELRN,DE,LRN,Linz am Rhein,Linz am Rhein,RP,50.56666666666667,7.283333333333333
DELS4,DE,LS4,Laussig,Laussig,SN,51.55,12.633333333333333
DELSA,DE,LSA,Lassan,Lassan,MV,53.95,13.833333333333334
DELSH,DE,LSH,Limeshain,Limeshain,HE,50.25,86.53333333333333
DELSR,DE,LSR,Lieser,Lieser,RP,49.916666666666664,7.016666666666667
DELSU,DE,LSU,Ludwigsau,Ludwigsau,HE,50.88333333333333,9.733333333333333
DELT9,DE,LT9,Lütgenrode,Lutgenrode,NI,51.63333333333333,9.916666666666666
DELTF,DE,LTF,Lichterfelde,Lichterfelde,BB,52.86666666666667,13.75
DELUH,DE,LUH,Ludwigshafen,Ludwigshafen,RP,49.46666666666667,8.433333333333334
DELZ6,DE,LZ6,Dölzig,Dolzig,SN,51.35,12.216666666666667
DELZG,DE,LZG,Wolzig,Wolzig,BB,52.266666666666666,13.833333333333334
DEM5B,DE,M5B,Munchsdorf,Munchsdorf,BY,48.583333333333336,12.9
DEMAM,DE,MAM,Malente,Malente,SH,54.166666666666664,10.55
DEMAO,DE,MAO,Maasholm,Maasholm,SH,56.68333333333333,10.0
DEMDI,DE,MDI,Meiderich,Meiderich,NW,51.46666666666667,6.766666666666667
DEME8,DE,ME8,Meineweh,Meineweh,ST,51.083333333333336,11.983333333333333
DEMEI,DE,MEI,Meissen,Meissen,SN,51.15,13.483333333333333
DEMEM,DE,MEM,Memmert,Memmert,NI,53.63333333333333,6.9
DEMFL,DE,MFL,Malsfeld,Malsfeld,HE,51.083333333333336,9.533333333333333
DEMGW,DE,MGW,Mögglingen,Mogglingen,BW,48.81666666666667,9.966666666666667
DEMHA,DE,MHA,Schmedehausen,Schmedehausen,NW,52.1,7.716666666666667
DEMHG,DE,MHG,Mannheim,Mannheim,BW,49.483333333333334,8.45
DEMHR,DE,MHR,Mehring,Mehring,RP,49.8,6.816666666666666
DEMIB,DE,MIB,Misburg,Misburg,NI,52.36666666666667,9.85
DEMID,DE,MID,Minden,Minden,NW,52.28333333333333,8.9
DEMIN,DE,MIN,Minsen,Minsen,NI,53.7,7.966666666666667
DEMLO,DE,MLO,Marlow,Marlow,MV,54.53333333333333,13.55
DEMMF,DE,MMF,Mammendorf,Mammendorf,BY,48.2,11.15
DEMMI,DE,MMI,Mamming,Mamming,BY,48.65,12.6
DEMMM,DE,MMM,Mommenheim,Mommenheim,RP,49.86666666666667,8.25
DEMMO,DE,MMO,Mülheim,Mulheim,RP,49.9,7.0
DEMNF,DE,MNF,Mondorf,Mondorf,NW,50.78333333333333,7.066666666666666
DEMNM,DE,MNM,Minheim,Minheim,RP,49.86666666666667,6.933333333333334
DEMNQ,DE,MNQ,Münster-Sarmsheim,Munster-Sarmsheim,RP,49.95,7.883333333333333
DEMOZ,DE,MOZ,Motzen,Motzen,NI,53.166666666666664,8.566666666666666
DEMRM,DE,MRM,Marcardsmoor,Marcardsmoor,NI,53.45,7.716666666666667
DEMRS,DE,MRS,Mariensiel,Mariensiel,NI,53.5,8.05
DEMRU,DE,MRU,Mehrum,Mehrum,NI,52.3,10.1
DEMSB,DE,MSB,Mittelsbüren,Mittelsburen,HB,53.13333333333333,8.666666666666666
DEMSH,DE,MSH,Mescherin,Mescherin,BB,53.25,14.433333333333334
DEMSK,DE,MSK,Martinskirchen,Martinskirchen,BB,51.46666666666667,13.183333333333334
DEMSR,DE,MSR,Münster,Munster,NW,51.96666666666667,7.633333333333333
DEMUH,DE,MUH,Mülheim an der Ruhr,Mulheim an der Ruhr,NW,51.43333333333333,6.883333333333333
DEMUN,DE,MUN,Munster,Munster,NI,52.983333333333334,10.083333333333334
DEMV5,DE,MV5,Ferdinandshof,Ferdinandshof,MV,53.666666666666664,13.883333333333333
DEMVD,DE,MVD,Dassow,Dassow,MV,53.916666666666664,10.983333333333333
DEMWF,DE,MWF,Mittelherwigsdorf,Mittelherwigsdorf,SN,50.916666666666664,14.766666666666667
DEMWW,DE,MWW,Monchweiler,Monchweiler,BW,48.1,8.433333333333334
DEMXA,DE,MXA,Maxau,Maxau,BW,49.03333333333333,8.316666666666666
DEMXB,DE,MXB,Mühlberg,Muhlberg,BB,51.43333333333333,13.216666666666667
DEMXM,DE,MXM,Maximiliansau,Maximiliansau,RP,49.03333333333333,8.3
DEMZE,DE,MZE,Mellensee,Mellensee,BB,52.18333333333333,13.4
DENCA,DE,NCA,Neuscharrel,Neuscharrel,NI,53.016666666666666,7.783333333333333
DENCZ,DE,NCZ,Nieschütz,Nieschutz,SN,51.233333333333334,13.433333333333334
DENDQ,DE,NDQ,Dreisbach,Dreisbach,RP,50.61666666666667,7.933333333333334
DENEH,DE,NEH,Neuhaus an der Oste,Neuhaus an der Oste,NI,53.8,9.033333333333333
DENEL,DE,NEL,Neuland/Elbe,Neuland/Elbe,NI,53.75,9.333333333333334
DENES,DE,NES,Nessmersiel,Nessmersiel,NI,53.666666666666664,7.35
DENFE,DE,NFE,Neef,Neef,RP,50.1,7.133333333333334
DENGH,DE,NGH,Niederneuching,Niederneuching,BY,48.25,11.85
DENGL,DE,NGL,Neustadt-Glewe,Neustadt-Glewe,MV,53.38333333333333,11.583333333333334
DENHA,DE,NHA,Nordenham,Nordenham,NI,53.5,8.483333333333333
DENHE,DE,NHE,Nordheim,Nordheim,BW,49.1,9.133333333333333
DENHL,DE,NHL,Niehl/Köln,Niehl/Koln,NW,51.0,6.966666666666667
DENHN,DE,NHN,Nordhorn,Nordhorn,NI,52.43333333333333,7.083333333333333
DENHO,DE,NHO,Neustadt in Holstein,Neustadt in Holstein,SH,54.1,10.816666666666666
DENHS,DE,NHS,Neuharlingersiel,Neuharlingersiel,NI,53.7,7.7
DENMN,DE,NMN,Neumagen-Dhron,Neumagen-Dhron,RP,49.85,6.883333333333333
DENN4,DE,NN4,Neuleiningen,Neuleiningen,RP,49.53333333333333,8.133333333333333
DENNH,DE,NNH,Neuendorf-Hiddensee,Neuendorf-Hiddensee,MV,54.916666666666664,13.516666666666667
DENNP,DE,NNP,Kenn,Kenn,RP,49.8,6.716666666666667
DENO9,DE,NO9,Nöbdenitz,Nobdenitz,TH,50.86666666666667,12.283333333333333
DENOE,DE,NOE,Norddeich,Norddeich,NI,53.61666666666667,7.15
DENOR,DE,NOR,Nordstrand,Nordstrand,SH,54.5,8.883333333333333
DENSE,DE,NSE,Neuessen,Neuessen,NW,51.5,7.0
DENSS,DE,NSS,Neuss,Neuss,NW,51.18333333333333,6.683333333333334
DENSV,DE,NSV,Neumarkt-Sankt Veit,Neumarkt-Sankt Veit,BY,48.36666666666667,12.5
DENTA,DE,NTA,Neckartailfingen,Neckartailfingen,BW,48.61666666666667,9.25
DENUE,DE,NUE,Nürnberg,Nurnberg,BY,49.43333333333333,11.066666666666666
DENWC,DE,NWC,Kirchhellen,Kirchhellen,NW,51.6,6.933333333333334
DENZE,DE,NZE,Neckarzimmern,Neckarzimmern,BW,49.31666666666667,9.15
DENZM,DE,NZM,Nahmitz,Nahmitz,BB,52.333333333333336,12.733333333333333
DEOAB,DE,OAB,Ober-Abtsteinach,Ober-Abtsteinach,HE,49.53333333333333,8.783333333333333
DEOAN,DE,OAN,Oberhausen an der Nahe,Oberhausen an der Nahe,RP,49.78333333333333,7.75
DEOBE,DE,OBE,Oberhausen,Oberhausen,NW,51.46666666666667,6.85
DEOEE,DE,OEE,Oberwesel,Oberwesel,RP,50.11666666666667,7.716666666666667
DEOEX,DE,OEX,Obereiderhafen,Obereiderhafen,SH,54.3,9.666666666666666
DEOFF,DE,OFF,Offenbach,Offenbach,HE,50.1,8.766666666666667
DEOGO,DE,OGO,Ostseebad Goehren,Ostseebad Goehren,MV,54.333333333333336,13.733333333333333
DEOHE,DE,OHE,Rothensee,Rothensee,ST,52.18333333333333,11.666666666666666
DEOHL,DE,OHL,Wohlenberg,Wohlenberg,MV,53.93333333333333,11.25
DEOIN,DE,OIN,Blossin,Blossin,BB,52.25,13.783333333333333
DEOKE,DE,OKE,Schönebeck,Schonebeck,ST,52.016666666666666,11.733333333333333
DEOKG,DE,OKG,Ostseebad Kuhlungsborn,Ostseebad Kuhlungsborn,MV,54.15,11.75
DEOKY,DE,OKY,Oberkotzau,Oberkotzau,BY,50.266666666666666,11.933333333333334
DEOLD,DE,OLD,Oldendorf,Oldendorf,NI,53.45,8.516666666666667
DEOLK,DE,OLK,Wolkenstein,Wolkenstein,SN,50.65,13.066666666666666
DEOLO,DE,OLO,Oldenburg,Oldenburg,NI,53.166666666666664,8.2
DEOLU,DE,OLU,Oldersum,Oldersum,NI,53.333333333333336,7.333333333333333
DEONG,DE,ONG,Longen,Longen,RP,49.8,6.783333333333333
DEORM,DE,ORM,Ober-Mörlen,Ober-Morlen,HE,50.36666666666667,8.683333333333334
DEORS,DE,ORS,Orsoy,Orsoy,NW,51.516666666666666,6.683333333333334
DEOSB,DE,OSB,Ossenberg,Ossenberg,NW,51.56666666666667,6.566666666666666
DEOSL,DE,OSL,Osloss,Osloss,NI,52.46666666666667,10.683333333333334
DEOSN,DE,OSN,Osnabrück,Osnabruck,NI,52.266666666666666,8.05
DEOSR,DE,OSR,Ostermoor,Ostermoor,SH,53.9,9.183333333333334
DEOSW,DE,OSW,Oestrich-Winkel,Oestrich-Winkel,HE,50.0,8.0
DEOTK,DE,OTK,Oortkaten,Oortkaten,HH,53.43333333333333,10.1
DEOTT,DE,OTT,Otterndorf,Otterndorf,NI,53.8,8.9
DEOWH,DE,OWH,Hohenwarthe,Hohenwarthe,ST,52.233333333333334,11.716666666666667
DEOWT,DE,OWT,Oberwinter,Oberwinter,RP,50.6,7.2
DEPAH,DE,PAH,Pahlhude,Pahlhude,SH,54.266666666666666,9.316666666666666
DEPAP,DE,PAP,Papenburg,Papenburg,NI,53.06666666666667,7.4
DEPAS,DE,PAS,Passau,Passau,BY,48.56666666666667,13.45
DEPCE,DE,PCE,Pruchten,Pruchten,MV,54.38333333333333,12.666666666666666
DEPEF,DE,PEF,Peenemünde,Peenemunde,MV,54.13333333333333,13.783333333333333
DEPEI,DE,PEI,Peine,Peine,NI,52.31666666666667,10.233333333333333
DEPEL,DE,PEL,Pellworm,Pellworm,SH,54.516666666666666,8.633333333333333
DEPEN,DE,PEN,Pente,Pente,NI,52.38333333333333,7.966666666666667
DEPFR,DE,PFR,Pfronten,Pfronten,BY,47.583333333333336,10.55
DEPJQ,DE,PJQ,Nusplingen,Nusplingen,BW,48.13333333333333,8.866666666666667
DEPKU,DE,PKU,Putzkau,Putzkau,SN,51.1,14.216666666666667
DEPLL,DE,PLL,Pollhagen,Pollhagen,NI,52.38333333333333,9.2
DEPLS,DE,PLS,Pliezhausen,Pliezhausen,BW,48.55,9.2
DEPOT,DE,POT,Potsdam,Potsdam,BB,52.4,13.066666666666666
DEPPT,DE,PPT,Piesport,Piesport,RP,49.88333333333333,6.916666666666667
DEPRC,DE,PRC,Perrich,Perrich,NW,51.65,6.55
DEPRN,DE,PRN,Prettin,Prettin,ST,51.666666666666664,12.916666666666666
DEPRY,DE,PRY,Parey,Parey,BB,52.68333333333333,12.25
DEPSA,DE,PSA,Plessa,Plessa,BB,51.45,13.616666666666667
DEPSB,DE,PSB,Piesberger,Piesberger,NI,52.31666666666667,8.016666666666667
DEPSR,DE,PSR,Piesteritz,Piesteritz,ST,51.86666666666667,12.6
DEPTD,DE,PTD,Petersdorf,Petersdorf,BY,54.21666666666667,12.433333333333334
DEPTN,DE,PTN,Parkentin,Parkentin,MV,54.083333333333336,11.983333333333333
DEPYK,DE,PYK,Spyck,Spyck,NW,51.8,6.133333333333334
DEPZI,DE,PZI,Pautzfeld,Pautzfeld,BY,49.766666666666666,11.016666666666667
DERAR,DE,RAR,Ruhstorf an der Rott,Ruhstorf an der Rott,BY,48.43333333333333,13.333333333333334
DERBF,DE,RBF,Rotenburg an der Fulda,Rotenburg an der Fulda,HE,51.0,9.733333333333333
DERBI,DE,RBI,Grambin,Grambin,MV,53.766666666666666,14.016666666666667
DERBK,DE,RBK,Riesenbeck,Riesenbeck,NW,52.266666666666666,7.616666666666667
DERCI,DE,RCI,Rechlin,Rechlin,MV,53.333333333333336,12.716666666666667
DERCK,DE,RCK,Recke,Recke,NW,52.38333333333333,7.716666666666667
DERDL,DE,RDL,Riedlhütte,Riedlhutte,BY,48.9,13.35
DERDT,DE,RDT,Rot an der Rot,Rot an der Rot,BW,48.0,10.016666666666667
DERDU,DE,RDU,Radeburg,Radeburg,SN,51.21666666666667,13.716666666666667
DERDW,DE,RDW,Rudow,Rudow,BE,52.416666666666664,13.483333333333333
DERE5,DE,RE5,Rech,Rech,RP,50.516666666666666,7.033333333333333
DEREE,DE,REE,Reepsholt,Reepsholt,NI,53.483333333333334,7.833333333333333
DERET,DE,RET,Rethem,Rethem,NI,52.78333333333333,9.383333333333333
DERFI,DE,RFI,Reichenbach an der Fils,Reichenbach an der Fils,BW,48.71666666666667,9.466666666666667
DERFT,DE,RFT,Kirschfurt,Kirschfurt,BY,50.166666666666664,10.366666666666667
DERHB,DE,RHB,Rheinberg,Rheinberg,NW,51.55,6.583333333333333
DERHX,DE,RHX,Bad Dürrheim,Bad Durrheim,BW,48.016666666666666,8.533333333333333
DERIC,DE,RIC,Werrich,Werrich,NW,51.65,6.533333333333333
DERIK,DE,RIK,Rieneck,Rieneck,BY,50.083333333333336,9.633333333333333
DERIZ,DE,RIZ,Britz,Britz,BE,52.45,13.433333333333334
DERKQ,DE,RKQ,Dornach,Dornach,BY,48.15,11.683333333333334
DERLB,DE,RLB,Grauelsbaum,Grauelsbaum,BW,48.733333333333334,7.983333333333333
DERLZ,DE,RLZ,Bralitz,Bralitz,BB,52.833333333333336,14.0
DERNT,DE,RNT,Rünthe,Runthe,NW,51.63333333333333,7.65
DERP7,DE,RP7,Flemlingen,Flemlingen,RP,49.233333333333334,8.083333333333334
DERPD,DE,RPD,Derschen,Derschen,RP,50.71666666666667,7.983333333333333
DERRE,DE,RRE,Rerik,Rerik,MV,54.1,11.616666666666667
DERRG,DE,RRG,Rheinsberg,Rheinsberg,BB,53.1,12.883333333333333
DERRP,DE,RRP,Weisenheim am Sand,Weisenheim am Sand,RP,49.516666666666666,8.233333333333333
DERSK,DE,RSK,Rostock,Rostock,MV,54.083333333333336,12.133333333333333
DERTJ,DE,RTJ,Reichartshausen,Reichartshausen,BW,49.35,8.933333333333334
DERU7,DE,RU7,Rüdesheim,Rudesheim,RP,49.85,7.816666666666666
DERUB,DE,RUB,Rusbend,Rusbend,NI,52.31666666666667,9.066666666666666
DERUE,DE,RUE,Rüdesheim am Rhein,Rudesheim am Rhein,HE,49.983333333333334,7.916666666666667
DERUM,DE,RUM,Rüsselsheim,Russelsheim,HE,49.983333333333334,8.433333333333334
DERZE,DE,RZE,Wriezen,Wriezen,BB,52.71666666666667,14.133333333333333
DES3B,DE,S3B,Schechingen,Schechingen,BW,48.86666666666667,9.916666666666666
DESAR,DE,SAR,Salzgitter,Salzgitter,NI,52.15,10.316666666666666
DESCJ,DE,SCJ,Lommatzsch,Lommatzsch,SN,51.2,13.3
DESCV,DE,SCV,Schleiden,Schleiden,NW,50.516666666666666,6.466666666666667
DESCW,DE,SCW,Schweinfurt,Schweinfurt,BY,50.05,10.216666666666667
DESDI,DE,SDI,Schalding,Schalding,BY,48.6,13.35
DESDT,DE,SDT,Schwedt,Schwedt,BB,53.06666666666667,14.266666666666667
DESE8,DE,SE8,Seeshaupt,Seeshaupt,BY,47.833333333333336,11.3
DESEF,DE,SEF,Schelldorf,Schelldorf,ST,52.46666666666667,11.983333333333333
DESFL,DE,SFL,Schönfeld,Schonfeld,SN,51.3,13.7
DESGW,DE,SGW,Schwelgern,Schwelgern,NW,51.5,6.733333333333333
DESH2,DE,SH2,Schaprode,Schaprode,MV,54.516666666666666,13.166666666666666
DESH4,DE,SH4,Altengörs,Altengors,SH,53.9,10.2
DESKN,DE,SKN,Stephanskirchen,Stephanskirchen,BY,47.85,12.183333333333334
DESKS,DE,SKS,Salbke,Salbke,ST,52.083333333333336,11.666666666666666
DESL5,DE,SL5,Stahlbrode,Stahlbrode,MV,54.233333333333334,13.283333333333333
DESLQ,DE,SLQ,Schluettsiel,Schluettsiel,SH,54.68333333333333,8.75
DESLZ,DE,SLZ,Sulzbach-Laufen,Sulzbach-Laufen,BW,48.93333333333333,9.85
DESMA,DE,SMA,Sankt Margarethen,Sankt Margarethen,SH,53.9,9.25
DESN2,DE,SN2,Stein,Stein,BY,49.516666666666666,12.233333333333333
DESNC,DE,SNC,Sünching,Sunching,BY,48.88333333333333,12.35
DESNE,DE,SNE,Sehnde,Sehnde,NI,52.31666666666667,9.933333333333334
DESNP,DE,SNP,Stolpe,Stolpe,MV,53.86666666666667,13.566666666666666
DESNR,DE,SNR,Schnackenburg,Schnackenburg,NI,53.03333333333333,11.566666666666666
DESOC,DE,SOC,Stollhofen,Stollhofen,BW,48.75,8.033333333333333
DESPD,DE,SPD,Schopsdorf,Schopsdorf,ST,52.233333333333334,12.216666666666667
DESPI,DE,SPI,Spiekeroog,Spiekeroog,NI,53.766666666666666,7.7
DESPS,DE,SPS,Schülper Neuensiel,Schulper Neuensiel,SH,54.266666666666666,8.933333333333334
DESQJ,DE,SQJ,Sesslach,Sesslach,BY,50.18333333333333,10.85
DESRA,DE,SRA,Serrig,Serrig,SL,49.583333333333336,6.566666666666666
DESRI,DE,SRI,Schweringen,Schweringen,NI,52.75,9.183333333333334
DESRP,DE,SRP,Stockhausen-Illfurth,Stockhausen-Illfurth,RP,50.65,7.983333333333333
DESSL,DE,SSL,Hesselte,Hesselte,NI,52.416666666666664,7.383333333333334
DESTA,DE,STA,Stade,Stade,NI,53.6,9.483333333333333
DESTS,DE,STS,Stader Sand,Stader Sand,NI,53.63333333333333,9.516666666666667
DESWF,DE,SWF,Schwaigern,Schwaigern,BW,49.15,9.066666666666666
DESWQ,DE,SWQ,Schwanfeld,Schwanfeld,BY,49.916666666666664,10.133333333333333
DESWS,DE,SWS,Steinwiesen,Steinwiesen,BY,50.3,11.466666666666667
DESWT,DE,SWT,Schwentinental,Schwentinental,SH,54.266666666666666,10.216666666666667
DESWW,DE,SWW,Wedtlenstedt,Wedtlenstedt,NI,52.266666666666666,10.416666666666666
DESWZ,DE,SWZ,Schwarzenbruck,Schwarzenbruck,BY,49.35,11.25
DESXD,DE,SXD,Ottendorf,Ottendorf,BY,49.96666666666667,10.716666666666667
DESXE,DE,SXE,Seelbach,Seelbach,BW,48.31666666666667,7.95
DESZ8,DE,SZ8,Schozach,Schozach,BW,49.06666666666667,9.2
DETAE,DE,TAE,Tangermünde,Tangermunde,ST,52.55,11.95
DETAR,DE,TAR,Taben,Taben,RP,49.55,6.583333333333333
DETBN,DE,TBN,Trebbin,Trebbin,BB,52.21666666666667,13.216666666666667
DETCN,DE,TCN,Teuchern,Teuchern,ST,51.11666666666667,12.016666666666667
DETEJ,DE,TEJ,Ballrechten,Ballrechten,BW,47.86666666666667,7.7
DETER,DE,TER,Osterwald,Osterwald,NI,52.11666666666667,9.616666666666667
DETGM,DE,TGM,Thüngersheim,Thungersheim,BY,49.86666666666667,9.833333333333334
DETHR,DE,THR,Thierhaupten,Thierhaupten,BY,48.56666666666667,10.916666666666666
DETHU,DE,THU,Thune,Thune,NI,52.31666666666667,10.5
DETJE,DE,TJE,Lutjenburg,Lutjenburg,SH,54.3,10.6
DETKD,DE,TKD,Treis-Karden,Treis-Karden,RP,50.18333333333333,7.3
DETLB,DE,TLB,Strehla/Elbe,Strehla/Elbe,SN,51.35,13.216666666666667
DETLT,DE,TLT,Teltow,Teltow,BB,52.4,13.266666666666667
DETMH,DE,TMH,Torfmoorhölle,Torfmoorholle,BY,50.1,11.816666666666666
DETMM,DE,TMM,Temmels,Temmels,RP,49.68333333333333,6.466666666666667
DETNR,DE,TNR,Wittenberge,Wittenberge,BB,53.016666666666666,11.75
DETOS,DE,TOS,Tossens,Tossens,NI,53.56666666666667,8.283333333333333
DETRD,DE,TRD,Osterrönfeld,Osterronfeld,SH,54.28333333333333,9.7
DETRH,DE,TRH,Trechtingshausen,Trechtingshausen,RP,50.0,7.833333333333333
DETSU,DE,TSU,Tiessau,Tiessau,NI,53.18333333333333,10.983333333333333
DETTP,DE,TTP,Platten,Platten,RP,49.95,6.966666666666667
DETWZ,DE,TWZ,Thallwitz,Thallwitz,SN,51.43333333333333,12.666666666666666
DEUBG,DE,UBG,Bad Dürrenberg,Bad Durrenberg,ST,51.28333333333333,12.05
DEUBT,DE,UBT,Laubegast,Laubegast,SN,51.03333333333333,13.833333333333334
DEUCK,DE,UCK,Ueckermünde,Ueckermunde,MV,53.733333333333334,14.05
DEUDF,DE,UDF,Braunsdorf,Braunsdorf,BB,52.36666666666667,13.95
DEUEL,DE,UEL,Uelzen,Uelzen,NI,52.96666666666667,10.55
DEUES,DE,UES,Uesen,Uesen,NI,53.0,9.066666666666666
DEUH7,DE,UH7,Udenheim,Udenheim,RP,49.86666666666667,8.166666666666666
DEUHF,DE,UHF,Suhrendorf,Suhrendorf,MV,54.46666666666667,13.133333333333333
DEUKI,DE,UKI,Neukieritzsch,Neukieritzsch,SN,51.166666666666664,12.433333333333334
DEULM,DE,ULM,Ulm,Ulm,BW,48.4,10.0
DEULS,DE,ULS,Mulsen,Mulsen,SN,50.75,12.566666666666666
DEUND,DE,UND,Gmund am Tegernsee,Gmund am Tegernsee,BY,47.75,11.733333333333333
DEUPS,DE,UPS,Upschört,Upschort,NI,53.46666666666667,7.733333333333333
DEURR,DE,URR,Burladingen,Burladingen,BW,48.28333333333333,9.116666666666667
DEUSD,DE,USD,Usedom,Usedom,MV,53.86666666666667,13.916666666666666
DEUSF,DE,USF,Büdelsdorf,Budelsdorf,SH,54.3,9.65
DEUTA,DE,UTA,Lauta,Lauta,SN,50.666666666666664,13.15
DEUTT,DE,UTT,Schuttertal,Schuttertal,BW,48.266666666666666,7.966666666666667
DEV44,DE,V44,Vinn,Vinn,NW,51.43333333333333,6.633333333333333
DEVAR,DE,VAR,Varel,Varel,NI,53.4,8.133333333333333
DEVBS,DE,VBS,Vilsbiburg,Vilsbiburg,BY,48.45,12.35
DEVEJ,DE,VEJ,Vetschau,Vetschau,BB,51.78333333333333,14.083333333333334
DEVEN,DE,VEN,Venne,Venne,NI,52.4,8.166666666666666
DEVGF,DE,VGF,Vilgertshofen,Vilgertshofen,BY,47.95,10.916666666666666
DEVIU,DE,VIU,Vienenburg,Vienenburg,NI,51.95,10.566666666666666
DEVIW,DE,VIW,Vierow,Vierow,MV,54.3,13.783333333333333
DEVNA,DE,VNA,Venhaus,Venhaus,NI,52.35,7.45
DEVOC,DE,VOC,Vockfey,Vockfey,NI,53.233333333333334,10.933333333333334
DEVOL,DE,VOL,Volkach,Volkach,BY,49.86666666666667,10.233333333333333
DEVRW,DE,VRW,Viewrow,Viewrow,MV,54.11666666666667,13.583333333333334
DEVTT,DE,VTT,Vitte (Hiddensee),Vitte (Hiddensee),MV,54.56666666666667,13.1
DEVTZ,DE,VTZ,Vielitz,Vielitz,BB,52.93333333333333,13.0
DEVVH,DE,VVH,Hohn,Hohn,RP,50.61666666666667,7.983333333333333
DEWAC,DE,WAC,Westeraccumersiel,Westeraccumersiel,NI,53.666666666666664,7.483333333333333
DEWAR,DE,WAR,Warnemünde,Warnemunde,MV,54.166666666666664,12.083333333333334
DEWAZ,DE,WAZ,Wabern,Wabern,HE,51.1,9.333333333333334
DEWB2,DE,WB2,Willmersdorf,Willmersdorf,BB,52.666666666666664,13.683333333333334
DEWE5,DE,WE5,Wester-Ohrstedt,Wester-Ohrstedt,SH,54.516666666666666,9.183333333333334
DEWEE,DE,WEE,Weener,Weener,NI,53.166666666666664,7.35
DEWES,DE,WES,Wesel,Wesel,NW,51.666666666666664,6.616666666666667
DEWGQ,DE,WGQ,Wehingen,Wehingen,BW,48.15,8.8
DEWHP,DE,WHP,Wipperdorf,Wipperdorf,TH,51.45,10.666666666666666
DEWIE,DE,WIE,Wiesens,Wiesens,NI,53.45,7.583333333333333
DEWIF,DE,WIF,Wischhafen,Wischhafen,NI,53.78333333333333,9.316666666666666
DEWIM,DE,WIM,Wimmer,Wimmer,NI,52.333333333333336,8.433333333333334
DEWIT,DE,WIT,Wittlage,Wittlage,NI,52.31666666666667,8.366666666666667
DEWKE,DE,WKE,Wankendorf,Wankendorf,SH,54.11666666666667,10.2
DEWKK,DE,WKK,Weikersheim,Weikersheim,BW,49.483333333333334,9.9
DEWKZ,DE,WKZ,Wickrath,Wickrath,NW,51.13333333333333,6.416666666666667
DEWLE,DE,WLE,Walheim,Walheim,BW,49.016666666666666,9.15
DEWLM,DE,WLM,Walsum,Walsum,NW,51.53333333333333,6.7
DEWMM,DE,WMM,Wemmetsweiler,Wemmetsweiler,SL,49.36666666666667,7.083333333333333
DEWNG,DE,WNG,Weissenburg in Bayern,Weissenburg in Bayern,BY,49.03333333333333,10.966666666666667
DEWNH,DE,WNH,Windheim,Windheim,NW,52.4,9.016666666666667
DEWNI,DE,WNI,Winnweiler,Winnweiler,RP,49.56666666666667,7.85
DEWNL,DE,WNL,Wandersleben,Wandersleben,TH,50.9,10.85
DEWNT,DE,WNT,Wedlenstedt,Wedlenstedt,NI,52.25,-10.4
DEWNU,DE,WNU,Weissenthurm,Weissenthurm,RP,50.416666666666664,7.45
DEWOB,DE,WOB,Wolfsburg,Wolfsburg,NI,52.43333333333333,10.8
DEWOG,DE,WOG,Worringen,Worringen,NW,51.05,6.85
DEWRI,DE,WRI,Wrist,Wrist,SH,53.93333333333333,9.75
DEWTA,DE,WTA,Wörth an der Donau,Worth an der Donau,BY,49.0,12.4
DEWTP,DE,WTP,Waltrop,Waltrop,NW,51.63333333333333,7.4
DEWTU,DE,WTU,Wittichenau,Wittichenau,SN,51.38333333333333,14.25
DEWVN,DE,WVN,Wilhelmshaven,Wilhelmshaven,NI,53.516666666666666,8.133333333333333
DEWWH,DE,WWH,Windsbach,Windsbach,BY,49.25,10.816666666666666
DEWWI,DE,WWI,Weilerswist,Weilerswist,NW,50.766666666666666,6.833333333333333
DEXAX,DE,XAX,Euerfeld,Euerfeld,BY,49.81666666666667,10.116666666666667
DEXFW,DE,XFW,Finkenwerder,Finkenwerder,HH,53.53333333333333,9.85
DEXMP,DE,XMP,Monheim,Monheim,BY,48.833333333333336,10.833333333333334
DEXRT,DE,XRT,Herbertingen,Herbertingen,BW,48.06666666666667,9.433333333333334
DEXZS,DE,XZS,Handeloh,Handeloh,NI,53.25,9.833333333333334
DEYSF,DE,YSF,Seifhennersdorf,Seifhennersdorf,SN,50.93333333333333,14.6
DEYWX,DE,YWX,Waxweiler,Waxweiler,RP,50.1,6.366666666666666
DEZ4Z,DE,Z4Z,Michelbach am Heuchelberg,Michelbach am Heuchelberg,BW,49.06666666666667,8.933333333333334
DEZB4,DE,ZB4,Sulzberg,Sulzberg,BY,47.666666666666664,10.35
DEZH8,DE,ZH8,Zehren,Zehren,SN,51.2,13.4
DEZHA,DE,ZHA,Zahna,Zahna,ST,51.916666666666664,12.783333333333333
DEZHD,DE,ZHD,Zehdenick,Zehdenick,BE,52.96666666666667,13.316666666666666
DEZIN,DE,ZIN,Zinnowitz,Zinnowitz,MV,54.06666666666667,13.9
DEZIS,DE,ZIS,Zingst,Zingst,MV,54.43333333333333,12.683333333333334
DEZIZ,DE,ZIZ,Zaisenhausen,Zaisenhausen,BW,49.1,8.816666666666666
DEZMU,DE,ZMU,Salzmünde,Salzmunde,ST,51.53333333333333,11.833333333333334
DEZRH,DE,ZRH,Zechlinerhütte,Zechlinerhutte,BB,53.15,12.883333333333333
DEZTH,DE,ZTH,Zeuthen,Zeuthen,BB,52.35,13.633333333333333
DEZVE,DE,ZVE,Ihrlerstein,Ihrlerstein,BY,48.93333333333333,115.33333333333333
DEZZH,DE,ZZH,Zuzenhausen,Zuzenhausen,BW,49.28333333333333,8.816666666666666
DEZZL,DE,ZZL,Zellertal,Zellertal,RP,49.63333333333333,8.133333333333333
DJDCT,DJ,DCT,Doraleh Container Terminal,Doraleh Container Terminal,DJ,11.6,44.6
DJDMJ,DJ,DMJ,Damerjog,Damerjog,AR,11.483333333333333,43.18333333333333
DJPOD,DJ,POD,Djibouti,Djibouti,DJ,11.583333333333334,43.13333333333333
DKAAB,DK,AAB,Åbenrå,Abenra,83,55.03333333333333,9.433333333333334
DKAAR,DK,AAR,Aarhus,Aarhus,82,56.15,10.216666666666667
DKAGE,DK,AGE,Allinge,Allinge,,55.266666666666666,14.8
DKAK3,DK,AK3,Åkirkeby,Akirkeby,84,55.06666666666667,14.933333333333334
DKARD,DK,ARD,Årosund,Arosund,,55.25,9.716666666666667
DKARO,DK,ARO,Åro,Aro,83,55.266666666666666,9.75
DKASA,DK,ASA,Asaa,Asaa,,57.15,10.416666666666666
DKAVK,DK,AVK,Avernak By,Avernak By,,55.03333333333333,10.266666666666667
DKAVN,DK,AVN,Avernakke Havn,Avernakke Havn,83,55.3,10.783333333333333
DKBAL,DK,BAL,Ballen,Ballen,,55.81666666666667,10.65
DKBBG,DK,BBG,Bøvlingbjerg,Bovlingbjerg,,56.43333333333333,8.2
DKBGZ,DK,BGZ,Bogense,Bogense,,55.56666666666667,10.083333333333334
DKBLA,DK,BLA,Blavand,Blavand,,55.55,8.133333333333333
DKBLU,DK,BLU,Baelum,Baelum,,56.81666666666667,10.1
DKBOG,DK,BOG,Bogo By,Bogo By,,54.93333333333333,12.05
DKBOS,DK,BOS,Bøjden,Bojden,,55.1,10.083333333333334
DKCPH,DK,CPH,København,Kobenhavn,84,55.666666666666664,12.583333333333334
DKCSO,DK,CSO,Christiansø Havn,Christianso Havn,84,55.31666666666667,15.183333333333334
DKDN6,DK,DN6,Dannemare,Dannemare,85,54.75,11.2
DKDYS,DK,DYS,Dyssegard,Dyssegard,,55.733333333333334,12.533333333333333
DKEK4,DK,EK4,Eskilstrup,Eskilstrup,85,55.85,11.633333333333333
DKENS,DK,ENS,Enstedværket Havn,Enstedvarket Havn,,55.016666666666666,9.433333333333334
DKEOT,DK,EOT,Styrtom,Styrtom,,55.016666666666666,9.433333333333334
DKFDS,DK,FDS,Frederikssund,Frederikssund,84,55.833333333333336,12.066666666666666
DKFER,DK,FER,Ferritslev,Ferritslev,,55.3,10.583333333333334
DKFRK,DK,FRK,Føvling,Fovling,83,55.45,8.95
DKFYH,DK,FYH,Fynshav,Fynshav,,54.96666666666667,9.966666666666667
DKGDM,DK,GDM,Gudhjem,Gudhjem,,55.21666666666667,14.966666666666667
DKGTS,DK,GTS,Glatved Strand,Glatved Strand,82,56.3,105.31666666666666
DKHBA,DK,HBA,Humlebæk,Humlebak,,55.96666666666667,12.516666666666667
DKHEJ,DK,HEJ,Hejls,Hejls,83,55.38333333333333,9.6
DKHHV,DK,HHV,Hammerhavn,Hammerhavn,,55.28333333333333,14.75
DKHJ3,DK,HJ3,Højby,Hojby,85,55.333333333333336,10.45
DKHJT,DK,HJT,Hjerting,Hjerting,,55.516666666666666,8.366666666666667
DKHSU,DK,HSU,Hadsund,Hadsund,81,56.71666666666667,10.1
DKHVS,DK,HVS,Hvide Sande,Hvide Sande,,55.983333333333334,8.133333333333333
DKHVT,DK,HVT,Hellebæk,Hellebak,81,56.06666666666667,12.566666666666666
DKHWO,DK,HWO,Hov,Hov,,55.916666666666664,10.25
DKJEL,DK,JEL,Jelling,Jelling,83,55.75,9.433333333333334
DKJUE,DK,JUE,Juelsminde,Juelsminde,82,55.7,10.016666666666667
DKKAR,DK,KAR,Karlslunde,Karlslunde,85,55.56666666666667,12.216666666666667
DKKBG,DK,KBG,Klintebjerg,Klintebjerg,83,55.483333333333334,10.45
DKKBK,DK,KBK,Karrebæksminde,Karrebaksminde,85,55.18333333333333,11.666666666666666
DKKDM,DK,KDM,Kollund Mole,Kollund Mole,,54.333333333333336,9.45
DKKGL,DK,KGL,Kongsdal Harbour,Kongsdal Harbour,,56.7,10.066666666666666
DKKK4,DK,KK4,Åbybro,Abybro,81,57.15,9.75
DKKLH,DK,KLH,Klintholm Havn,Klintholm Havn,85,57.95,12.466666666666667
DKKLP,DK,KLP,Kleppen,Kleppen,82,56.53333333333333,8.583333333333334
DKKOK,DK,KOK,Kolby Kås,Kolby Kas,82,55.8,10.55
DKKT4,DK,KT4,Kettinge,Kettinge,85,54.7,11.75
DKLHH,DK,LHH,Lindholm Havn,Lindholm Havn,83,55.28333333333333,10.8
DKLUN,DK,LUN,Lundeborg,Lundeborg,83,55.13333333333333,10.783333333333333
DKMKH,DK,MKH,Masnedovaerkets Havn/Vordingborg,Masnedovaerkets Havn/Vordingborg,85,54.96666666666667,11.883333333333333
DKMNS,DK,MNS,Masnedsund,Masnedsund,85,55.0,11.866666666666667
DKMRR,DK,MRR,Mariager,Mariager,,56.65,10.0
DKN3S,DK,N3S,Nykobing Sjaelland,Nykobing Sjaelland,85,55.916666666666664,11.666666666666666
DKNGB,DK,NGB,Nagbol,Nagbol,,55.45,9.283333333333333
DKNHN,DK,NHN,Nordhavn,Nordhavn,84,55.7,12.6
DKNR4,DK,NR4,Nyrup,Nyrup,85,55.6,11.666666666666666
DKNSD,DK,NSD,Nørre Snede,Norre Snede,,55.95,9.383333333333333
DKNVD,DK,NVD,Næstved,Nastved,85,55.233333333333334,11.766666666666667
DKNYB,DK,NYB,Nyborg Lystbådehavn,Nyborg Lystbadehavn,83,55.3,10.783333333333333
DKNYF,DK,NYF,Nykøbing Falster,Nykobing Falster,85,54.766666666666666,11.883333333333333
DKNYM,DK,NYM,Nykøbing Mors,Nykobing Mors,81,56.78333333333333,8.85
DKOTB,DK,OTB,Østerby Havn,Østerby Havn,81,57.31666666666667,11.133333333333333
DKRD4,DK,RD4,Rude,Rude,85,56.0,10.233333333333333
DKRDH,DK,RDH,Rødvig Havn,Rodvig Havn,85,55.25,12.366666666666667
DKRDK,DK,RDK,Rødekro,Rodekro,,55.06666666666667,9.316666666666666
DKRMO,DK,RMO,Romo,Romo,83,55.13333333333333,8.516666666666667
DKROD,DK,ROD,Rødbyhavn,Rodbyhavn,85,54.65,11.35
DKROF,DK,ROF,Rødby,Rodby,85,54.68333333333333,11.383333333333333
DKRYS,DK,RYS,Ryslinge,Ryslinge,83,55.25,10.55
DKSAE,DK,SAE,Sæby,Saby,,57.333333333333336,10.533333333333333
DKSB2,DK,SB2,Strøby,Stroby,85,55.38333333333333,12.3
DKSBK,DK,SBK,Stubbekøbing,Stubbekobing,85,54.88333333333333,12.05
DKSD7,DK,SD7,Sandved,Sandved,85,55.266666666666666,11.533333333333333
DKSDA,DK,SDA,Sydals,Sydals,,54.9,9.883333333333333
DKSF2,DK,SF2,Store Fuglede,Store Fuglede,85,55.583333333333336,11.25
DKSGD,DK,SGD,Sønderborg,Sonderborg,83,54.9,9.783333333333333
DKSH6,DK,SH6,Store Heddinge,Store Heddinge,85,55.31666666666667,12.416666666666666
DKSIT,DK,SIT,Stigsnaes Inter Terminal,Stigsnaes Inter Terminal,85,55.2,11.233333333333333
DKSK3,DK,SK3,Skodsborg,Skodsborg,84,55.81666666666667,12.566666666666666
DKSKH,DK,SKH,Skovshoved,Skovshoved,84,55.766666666666666,12.6
DKSL2,DK,SL2,Søllested,Sollested,83,55.3,10.05
DKSM6,DK,SM6,Store Merløse,Store Merlose,85,55.55,11.716666666666667
DKSN2,DK,SN2,Snertinge,Snertinge,85,55.06666666666667,11.916666666666666
DKSN7,DK,SN7,Stensved,Stensved,85,55.0,12.033333333333333
DKSNY,DK,SNY,Sundby/Mors,Sundby/Mors,81,56.86666666666667,8.666666666666666
DKSTA,DK,STA,Stavning,Stavning,,55.96666666666667,8.383333333333333
DKSTP,DK,STP,Stevns Pier,Stevns Pier,85,55.31666666666667,12.45
DKSVA,DK,SVA,Svaneke,Svaneke,,55.13333333333333,15.15
DKSVG,DK,SVG,Sandvig,Sandvig,,55.28333333333333,14.783333333333333
DKTB4,DK,TB4,Toreby,Toreby,85,54.75,11.8
DKTJL,DK,TJL,Tjele,Tjele,82,56.5,9.6
DKTKB,DK,TKB,Tikøb,Tikob,84,56.016666666666666,12.466666666666667
DKTMD,DK,TMD,Torsminde,Torsminde,82,56.36666666666667,8.116666666666667
DKTN3,DK,TN3,Tune,Tune,85,55.6,12.183333333333334
DKTRG,DK,TRG,Torrig,Torrig,85,54.9,11.333333333333334
DKTRO,DK,TRO,Troense,Troense,83,55.03333333333333,10.65
DKUNX,DK,UNX,Masnedsund Godningshamn,Masnedsund Godningshamn,85,55.0,11.916666666666666
DKVAE,DK,VAE,Vallensbæk,Vallensbak,84,55.63333333333333,12.35
DKVB2,DK,VB2,Vejby,Vejby,84,56.06666666666667,12.15
DKVBN,DK,VBN,Vordingborg Nordhavnen,Vordingborg Nordhavnen,85,55.0,11.916666666666666
DKVBS,DK,VBS,Vordingborg Sydhavnen,Vordingborg Sydhavnen,85,54.983333333333334,11.883333333333333
DKVG4,DK,VG4,Væggerløse,Vaggerlose,85,54.7,11.933333333333334
DKVK7,DK,VK7,Veksø,Vekso,84,55.75,12.25
DKVM2,DK,VM2,Vemmelev,Vemmelev,85,55.36666666666667,11.266666666666667
DKVOR,DK,VOR,Vordingborg,Vordingborg,85,55.0,11.9
DKVT2,DK,VT2,Vesterborg,Vesterborg,85,54.85,11.283333333333333
DMADM,DM,ADM,Anse du Mai,Anse du Mai,,15.6,-61.38333333333333
DMPOR,DM,POR,Portsmouth,Portsmouth,,15.566666666666666,-61.45
DOAZU,DO,AZU,Azua,Azua,02,18.45,-70.73333333333333
DOBAN,DO,BAN,Baní,Bani,,18.283333333333335,-70.33333333333333
DOBAV,DO,BAV,Bavaro,Bavaro,18,-18.716666666666665,-68.45
DOBQL,DO,BQL,Barcequillo,Barcequillo,21,18.433333333333334,-70.03333333333333
DOCAI,DO,CAI,Catalina Island,Catalina Island,12,18.366666666666667,-69.0
DOCAL,DO,CAL,Cayo Levantado,Cayo Levantado,20,19.2,-69.31666666666666
DOCAU,DO,CAU,Caucedo,Caucedo,01,18.416666666666668,-69.63333333333334
DOCDC,DO,CDC,Casa de Campo,Casa de Campo,12,18.4,-68.9
DOHIG,DO,HIG,Higüey,Higuey,21,18.45,-70.26666666666667
DOINA,DO,INA,Bajos de Haina,Bajos de Haina,21,18.416666666666668,-70.03333333333333
DOMAN,DO,MAN,Manzanillo,Manzanillo,,19.7,-71.75
DOOCO,DO,OCO,Ocoa Bay,Ocoa Bay,,18.616666666666667,-71.08333333333333
DOPAL,DO,PAL,Puerto Palenque,Puerto Palenque,,18.233333333333334,-70.15
DOPVA,DO,PVA,Puerto Viejo de Azua,Puerto Viejo de Azua,,18.333333333333332,-70.83333333333333
DOSDQ,DO,SDQ,Santo Domingo,Santo Domingo,01,18.466666666666665,-69.9
DOSFN,DO,SFN,San Francisco de Macorís,San Francisco de Macoris,,19.3,-70.25
DOSNX,DO,SNX,Sabana de la Mar,Sabana de la Mar,,19.066666666666666,-69.38333333333334
DOSNZ,DO,SNZ,Sánchez,Sanchez,,19.233333333333334,-69.61666666666666
DOSPM,DO,SPM,San Pedro de Macorís,San Pedro de Macoris,,18.45,-69.3
DOVAL,DO,VAL,Villa Altagracia,Villa Altagracia,21,18.666666666666668,-70.16666666666667
DZ2ON,DZ,2ON,Oran Dry Port,Oran Dry Port,31,35.68333333333333,-0.6333333333333333
DZALG,DZ,ALG,Alger (Algiers),Alger (Algiers),16,36.75,3.05
DZAZW,DZ,AZW,Arzew,Arzew,,35.86666666666667,-0.31666666666666665
DZBHA,DZ,BHA,Bethioua,Bethioua,31,35.8,-0.26666666666666666
DZBSF,DZ,BSF,Benisaf,Benisaf,,35.28333333333333,-1.3833333333333333
DZCHE,DZ,CHE,Cherchell,Cherchell,,36.6,2.2
DZCOL,DZ,COL,Collo,Collo,,37.016666666666666,6.55
DZDEL,DZ,DEL,Dellys,Dellys,,36.916666666666664,3.8833333333333333
DZGHA,DZ,GHA,Ghardaïa,Ghardaia,,32.483333333333334,3.6666666666666665
DZGHZ,DZ,GHZ,Ghazaouet,Ghazaouet,13,35.1,-1.85
DZKHE,DZ,KHE,Kherrata,Kherrata,,36.483333333333334,5.266666666666667
DZROU,DZ,ROU,Rouiba,Rouiba,16,36.733333333333334,3.283333333333333
DZTBS,DZ,TBS,Tebessa,Tebessa,12,35.4,8.116666666666667
DZTEN,DZ,TEN,Ténès,Tenes,,36.516666666666666,1.3166666666666667
DZTLM,DZ,TLM,Tlemcen,Tlemcen,13,34.86666666666667,-1.3
ECAYO,EC,AYO,"Puerto Ayora, Isla Santa Cruz","Puerto Ayora, Isla Santa Cruz",W,-0.75,-90.31666666666666
ECBAQ,EC,BAQ,Puerto Baquerizo Moreno,Puerto Baquerizo Moreno,W,-0.9,-89.6
ECBHA,EC,BHA,Bahía de Caráquez,Bahia de Caraquez,M,-0.55,-80.5
ECBLI,EC,BLI,Bartolome Island,Bartolome Island,W,-0.2833333333333333,-90.55
ECCAT,EC,CAT,Caleta Tagus,Caleta Tagus,W,-0.25,-91.36666666666666
ECDUN,EC,DUN,Durán,Duran,G,-2.2,-79.83333333333333
ECESM,EC,ESM,Esmeraldas,Esmeraldas,E,0.9833333333333333,-79.7
ECESP,EC,ESP,Espanola Island,Espanola Island,W,-1.3833333333333333,-89.68333333333334
ECFLO,EC,FLO,Floreana Island,Floreana Island,W,-1.3,-90.43333333333334
ECGUA,EC,GUA,Guayas,Guayas,G,-0.9666666666666667,-79.55
ECGYE,EC,GYE,Guayaquil,Guayaquil,G,-2.1666666666666665,-79.9
ECLLD,EC,LLD,La Libertad,La Libertad,G,-2.2333333333333334,-80.9
ECLPT,EC,LPT,La Puntilla,La Puntilla,,-2.15,-79.86666666666666
ECMEC,EC,MEC,Manta,Manta,M,-0.95,-80.73333333333333
ECOCC,EC,OCC,Coca,Coca,N,-0.48333333333333334,-76.96666666666667
ECPBG,EC,PBG,Puerto Balao Grande,Puerto Balao Grande,G,-2.9,-79.83333333333333
ECPBO,EC,PBO,Puerto Bolívar,Puerto Bolivar,O,-3.2666666666666666,-79.98333333333333
ECPEG,EC,PEG,Puerto Egas,Puerto Egas,W,-0.23333333333333334,-90.85
ECPEV,EC,PEV,Puerto Nuevo,Puerto Nuevo,,-2.216666666666667,-79.91666666666667
ECPSJ,EC,PSJ,Posorja,Posorja,G,-2.7,-80.25
ECPUN,EC,PUN,Puná,Puna,G,-2.7333333333333334,-79.91666666666667
ECRAB,EC,RAB,Rabida Island,Rabida Island,W,-0.4166666666666667,-90.7
ECSLR,EC,SLR,San Lorenzo,San Lorenzo,E,1.25,-78.83333333333333
ECSNC,EC,SNC,Salinas,Salinas,G,-2.216666666666667,-80.96666666666667
ECSYM,EC,SYM,Seymour,Seymour,W,-0.4166666666666667,-90.28333333333333
ECVIL,EC,VIL,"Puerto Villamil, Isla Isabela","Puerto Villamil, Isla Isabela",W,-0.9333333333333333,-91.01666666666667
ECZTL,EC,ZTL,Zapotal,Zapotal,G,-2.3166666666666664,-80.53333333333333
EEABJ,EE,ABJ,Abaja Sadam,Abaja Sadam,74,58.36666666666667,22.016666666666666
EEABR,EE,ABR,Abruka,Abruka,74,58.166666666666664,22.533333333333335
EEADV,EE,ADV,Admirali Väikesadam,Admirali Vaikesadam,68,58.53333333333333,23.683333333333334
EEAEN,EE,AEN,Aegna,Aegna,37,59.56666666666667,24.75
EEAHO,EE,AHO,Ahoi Jõesadam,Ahoi Joesadam,74,58.21666666666667,22.366666666666667
EEAKS,EE,AKS,Alajõe Kalasadam,Alajoe Kalasadam,45,59.0,27.433333333333334
EEASE,EE,ASE,Aseri,Aseri,45,59.45,26.866666666666667
EEASV,EE,ASV,Aseri Väikesadam,Aseri Vaikesadam,60,59.45,26.866666666666667
EEATL,EE,ATL,Atla,Atla,74,58.3,21.9
EEBEK,EE,BEK,Bekkeri,Bekkeri,37,59.45,24.65
EEDIR,EE,DIR,Dirhami,Dirhami,56,59.21666666666667,23.5
EEEIS,EE,EIS,Eisma,Eisma,60,59.56666666666667,26.3
EEHAA,EE,HAA,Haapsalu,Haapsalu,56,58.93333333333333,23.533333333333335
EEHII,EE,HII,Hiiessaare,Hiiessaare,39,59.0,22.85
EEHLD,EE,HLD,Haldi,Haldi,39,58.8,22.45
EEHLT,EE,HLT,Heltermaa,Heltermaa,39,58.86666666666667,23.05
EEHRA,EE,HRA,Hara Sadam,Hara Sadam,56,59.083333333333336,23.533333333333335
EEHRS,EE,HRS,Hara Sadam,Hara Sadam,37,59.583333333333336,25.616666666666667
EEHUN,EE,HUN,Hundipea,Hundipea,37,59.46666666666667,24.716666666666665
EEHVV,EE,HVV,Haapsalu Veskiviigi,Haapsalu Veskiviigi,56,58.96666666666667,23.533333333333335
EEJAP,EE,JAP,Japsi Kalasadam,Japsi Kalasadam,68,58.38333333333333,24.483333333333334
EEJEP,EE,JEP,Jõe Paadisadam,Joe Paadisadam,79,58.36666666666667,26.733333333333334
EEJGP,EE,JGP,Jaagupi,Jaagupi,68,58.03333333333333,24.466666666666665
EEJHT,EE,JHT,Juheta,Juheta,68,58.38333333333333,24.283333333333335
EEJKR,EE,JKR,Jõekääru,Joekaaru,45,58.983333333333334,27.183333333333334
EEJOS,EE,JOS,Narva Linnasadam,Narva Linnasadam,45,59.38333333333333,28.2
EEKAK,EE,KAK,Kakumäe,Kakumae,37,59.45,24.6
EEKAL,EE,KAL,Kalana,Kalana,39,58.916666666666664,22.05
EEKAM,EE,KAM,Kalmaküla Sadam,Kalmakula Sadam,45,58.88333333333333,26.966666666666665
EEKAP,EE,KAP,Karlova Paadisadam,Karlova Paadisadam,79,58.36666666666667,26.75
EEKAS,EE,KAS,Kalasadam,Kalasadam,37,59.45,24.75
EEKBN,EE,KBN,Kaberneeme Sadam,Kaberneeme Sadam,37,59.516666666666666,25.283333333333335
EEKDL,EE,KDL,Kärdla,Kardla,39,59.0,22.75
EEKDR,EE,KDR,Kudruküla Sadam,Kudrukula Sadam,45,59.45,29.083333333333332
EEKEJ,EE,KEJ,Kesse-Jaani,Kesse-Jaani,74,58.63333333333333,23.45
EEKEL,EE,KEL,Kelvingi,Kelvingi,37,59.55,24.833333333333332
EEKGS,EE,KGS,Kõiguste,Koiguste,74,58.36666666666667,22.966666666666665
EEKGV,EE,KGV,Koguva,Koguva,74,58.6,23.066666666666666
EEKHN,EE,KHN,Kihnu,Kihnu,68,58.13333333333333,24.016666666666666
EEKII,EE,KII,Kiideva,Kiideva,56,58.766666666666666,23.533333333333335
EEKJK,EE,KJK,Kalevi Jahtklubi,Kalevi Jahtklubi,37,59.46666666666667,24.833333333333332
EEKKE,EE,KKE,Kurkse,Kurkse,37,59.266666666666666,24.016666666666666
EEKKS,EE,KKS,Kassari Sadam,Kassari Sadam,39,58.766666666666666,22.833333333333332
EEKLD,EE,KLD,Kaldu,Kaldu,74,58.45,23.266666666666666
EEKLE,EE,KLE,Kallaste,Kallaste,74,58.65,23.266666666666666
EEKLK,EE,KLK,Koljunuki,Koljunuki,37,59.5,25.083333333333332
EEKLL,EE,KLL,Kallaste,Kallaste,79,58.65,27.15
EEKLN,EE,KLN,Kelnase,Kelnase,37,59.63333333333333,25.016666666666666
EEKLR,EE,KLR,Kallaste Rannasadam,Kallaste Rannasadam,79,58.666666666666664,27.166666666666668
EEKND,EE,KND,Kunda,Kunda,60,59.516666666666666,26.533333333333335
EEKNG,EE,KNG,Kungla,Kungla,74,58.35,22.95
EEKOL,EE,KOL,Kolkja,Kolkja,79,58.55,27.216666666666665
EEKPA,EE,KPA,Karepa Sadam,Karepa Sadam,60,59.55,26.416666666666668
EEKRG,EE,KRG,Kõrgessaare,Korgessaare,39,58.96666666666667,22.466666666666665
EEKSA,EE,KSA,Kärsa,Karsa,74,58.25,22.733333333333334
EEKSN,EE,KSN,Kastna,Kastna,68,58.333333333333336,23.916666666666668
EEKSP,EE,KSP,Kaunispe,Kaunispe,74,58.05,22.066666666666666
EEKUG,EE,KUG,Narva Kulgu Sadam,Narva Kulgu Sadam,45,59.35,28.166666666666668
EEKUI,EE,KUI,Kuivastu,Kuivastu,74,58.56666666666667,23.383333333333333
EEKUR,EE,KUR,Kuressaare sadam,Kuressaare sadam,74,58.25,22.466666666666665
EEKVI,EE,KVI,Kaavi Paadisadam,Kaavi Paadisadam,74,57.983333333333334,22.2
EEKVR,EE,KVR,Kavaru,Kavaru,68,58.266666666666666,24.166666666666668
EELAN,EE,LAN,Lääne,Laane,68,58.53333333333333,23.683333333333334
EELAO,EE,LAO,Lao,Lao,68,58.233333333333334,24.116666666666667
EELAT,EE,LAT,Läätsa,Laatsa,74,58.13333333333333,22.25
EELAU,EE,LAU,Lautri,Lautri,39,58.916666666666664,22.083333333333332
EELEN,EE,LEN,Lennusadam,Lennusadam,37,59.45,24.733333333333334
EELEP,EE,LEP,Leppneeme,Leppneeme,37,59.53333333333333,24.85
EELHK,EE,LHK,Lehtma Kalurisadam,Lehtma Kalurisadam,39,59.06666666666667,22.7
EELHS,EE,LHS,Lahesuu,Lahesuu,37,59.45,24.7
EELHT,EE,LHT,Lehtma,Lehtma,39,59.06666666666667,22.7
EELIN,EE,LIN,Lindi,Lindi,68,58.333333333333336,24.283333333333335
EELIU,EE,LIU,Liu,Liu,68,58.28333333333333,24.266666666666666
EELKS,EE,LKS,Laaksaare,Laaksaare,79,58.333333333333336,27.416666666666668
EELMA,EE,LMA,Lõmala,Lomala,74,58.166666666666664,22.116666666666667
EELNR,EE,LNR,Lõunaranna,Lounaranna,74,58.53333333333333,23.316666666666666
EELPN,EE,LPN,Leppneeme Kalasadam,Leppneeme Kalasadam,37,59.55,24.866666666666667
EELPS,EE,LPS,Lõpesuu,Lopesuu,74,58.483333333333334,23.266666666666666
EELSA,EE,LSA,Loksa,Loksa,37,59.583333333333336,25.7
EELSL,EE,LSL,Lohusalu,Lohusalu,37,59.4,24.216666666666665
EELUI,EE,LUI,Luige Väikesadam,Luige Vaikesadam,56,58.86666666666667,23.483333333333334
EEMAH,EE,MAH,Mahu Sadam,Mahu Sadam,60,59.516666666666666,23.716666666666665
EEMAN,EE,MAN,Manilaiu,Manilaiu,68,59.21666666666667,24.133333333333333
EEMDR,EE,MDR,Miiduranna,Miiduranna,37,59.5,24.816666666666666
EEMEH,EE,MEH,Mehikoorma Sadam,Mehikoorma Sadam,79,58.233333333333334,27.483333333333334
EEMIH,EE,MIH,Mihkli Sadam,Mihkli Sadam,50,58.78333333333333,26.983333333333334
EEMNI,EE,MNI,Männi,Manni,68,58.516666666666666,23.666666666666668
EEMNT,EE,MNT,Mõntu,Montu,74,57.95,22.133333333333333
EEMNV,EE,MNV,Mõntu Väikelaevade Sadam,Montu Vaikelaevade Sadam,74,57.95,22.116666666666667
EEMRL,EE,MRL,Merelaiu,Merelaiu,68,58.3,24.016666666666666
EEMRS,EE,MRS,Meeruse,Meeruse,37,59.45,24.666666666666668
EEMTV,EE,MTV,Mustvee,Mustvee,50,58.85,26.95
EEMUG,EE,MUG,Muuga,Muuga,37,59.5,24.966666666666665
EEMUN,EE,MUN,Munalaiu,Munalaiu,68,58.233333333333334,24.116666666666667
EEMUR,EE,MUR,Muratsi Sadam,Muratsi Sadam,74,58.233333333333334,22.583333333333332
EENAI,EE,NAI,Naissaare,Naissaare,37,59.55,24.55
EENAS,EE,NAS,Nasva,Nasva,74,58.21666666666667,22.4
EENJD,EE,NJD,Nasva Jõesadam,Nasva Joesadam,74,58.233333333333334,22.383333333333333
EENJS,EE,NJS,Narva-Jõesuu Sadam,Narva-Joesuu Sadam,45,59.46666666666667,28.05
EENME,EE,NME,Neeme,Neeme,37,59.53333333333333,25.166666666666668
EENOB,EE,NOB,Noblessneri,Noblessneri,37,59.45,24.733333333333334
EENRM,EE,NRM,Nurme,Nurme,37,59.583333333333336,24.783333333333335
EENST,EE,NST,Naistlaiu Sadam,Naistlaiu Sadam,39,58.81666666666667,23.033333333333335
EENVA,EE,NVA,Nõva Sadam,Nova Sadam,56,59.25,23.666666666666668
EEOIU,EE,OIU,Oiu,Oiu,84,58.4,25.983333333333334
EEOMR,EE,OMR,Omedu Rand,Omedu Rand,50,58.78333333333333,26.983333333333334
EEORI,EE,ORI,Orissaare,Orissaare,74,58.56666666666667,23.1
EEORJ,EE,ORJ,Orjaku,Orjaku,39,58.78333333333333,22.766666666666666
EEOSM,EE,OSM,Osmussaare Sadam,Osmussaare Sadam,56,59.28333333333333,23.416666666666668
EEOST,EE,OST,Österby,Osterby,56,58.983333333333334,23.516666666666666
EEOTI,EE,OTI,Oti,Oti,37,59.56666666666667,24.8
EEOTS,EE,OTS,Otsa,Otsa,79,58.65,27.166666666666668
EEPAA,EE,PAA,Paatsalu,Paatsalu,68,58.516666666666666,23.683333333333334
EEPAP,EE,PAP,Papissaare Sadam,Papissaare Sadam,74,58.36666666666667,21.983333333333334
EEPAR,EE,PAR,Patareisadam,Patareisadam,37,59.45,24.75
EEPAS,EE,PAS,Paljassaare,Paljassaare,37,59.45,24.7
EEPHL,EE,PHL,Pihelgalaiu,Pihelgalaiu,68,58.45,23.666666666666668
EEPIR,EE,PIR,Pirita,Pirita,37,59.46666666666667,24.816666666666666
EEPLN,EE,PLN,Paldiski Põhjasadam,Paldiski Pohjasadam,37,59.35,24.05
EEPLS,EE,PLS,Paldiski Lõunasadam,Paldiski Lounasadam,37,59.333333333333336,24.083333333333332
EEPRE,EE,PRE,Piirissaare Sadam,Piirissaare Sadam,79,58.38333333333333,27.516666666666666
EEPRI,EE,PRI,Peerni,Peerni,68,58.25,24.133333333333333
EEPRJ,EE,PRJ,Purtse Jahisadam,Purtse Jahisadam,45,59.43333333333333,26.983333333333334
EEPRK,EE,PRK,Purtse Kalasadam,Purtse Kalasadam,45,59.43333333333333,26.983333333333334
EEPRL,EE,PRL,Prangli Lõunasadam,Prangli Lounasadam,37,59.61666666666667,25.0
EEPRN,EE,PRN,Pärnu,Parnu,68,58.38333333333333,24.5
EEPRV,EE,PRV,Pärnu Sadama Väikesadam,Parnu Sadama Vaikesadam,68,58.38333333333333,24.483333333333334
EEPSM,EE,PSM,Pae Sadam,Pae Sadam,74,58.483333333333334,23.266666666666666
EEPSV,EE,PSV,Paslepa-Viigi Sadam,Paslepa-Viigi Sadam,56,59.016666666666666,23.433333333333334
EEPUR,EE,PUR,Purtse,Purtse,45,59.416666666666664,27.0
EEPUS,EE,PUS,Pusi,Pusi,79,58.63333333333333,27.15
EEPVS,EE,PVS,Piirivalvesadam,Piirivalvesadam,37,59.45,24.666666666666668
EERAJ,EE,RAJ,Raja,Raja,50,58.833333333333336,26.95
EERBS,EE,RBS,Rebase Paadisadam,Rebase Paadisadam,79,58.36666666666667,26.75
EERGR,EE,RGR,Roograhu,Roograhu,39,59.0,22.816666666666666
EERHK,EE,RHK,Rohuküla,Rohukula,56,58.9,23.433333333333334
EERJS,EE,RJS,Ristna Jahisadam,Ristna Jahisadam,39,58.916666666666664,22.066666666666666
EERLB,EE,RLB,Rälby Sadam,Ralby Sadam,56,59.03333333333333,23.283333333333335
EERLS,EE,RLS,Ristna Lõunasadam,Ristna Lounasadam,39,58.916666666666664,22.066666666666666
EERMS,EE,RMS,Roomassaare,Roomassaare,74,58.21666666666667,22.5
EERNG,EE,RNG,Ringsu,Ringsu,74,57.78333333333333,23.266666666666666
EERNM,EE,RNM,Rannametsa,Rannametsa,68,58.11666666666667,24.483333333333334
EERNV,EE,RNV,Rohuneeme Väikesadam,Rohuneeme Vaikesadam,37,59.56666666666667,24.8
EERON,EE,RON,Rohuneeme,Rohuneeme,37,59.56666666666667,24.8
EEROO,EE,ROO,Roopa,Roopa,74,58.266666666666666,21.866666666666667
EERPI,EE,RPI,Räpina,Rapina,64,58.13333333333333,27.533333333333335
EERST,EE,RST,Ristna,Ristna,37,59.266666666666666,23.733333333333334
EERUV,EE,RUV,Ruhve,Ruhve,74,58.38333333333333,23.033333333333335
EERVS,EE,RVS,Remniku Vanasadam,Remniku Vanasadam,45,59.016666666666666,27.55
EESAM,EE,SAM,Salmistu,Salmistu,74,59.5,25.366666666666667
EESAS,EE,SAS,Sassukvere,Sassukvere,50,58.71666666666667,27.133333333333333
EESGS,EE,SGS,Saaga Sadam,Saaga Sadam,79,58.38333333333333,26.983333333333334
EESHL,EE,SHL,Suur-Holmi,Suur-Holmi,56,58.96666666666667,23.533333333333335
EESIG,EE,SIG,Sigatsuaru Väikesadam,Sigatsuaru Vaikesadam,68,58.15,24.0
EESLE,EE,SLE,Salme Jõesadam,Salme Joesadam,74,58.166666666666664,22.25
EESLM,EE,SLM,Sillamäe,Sillamae,45,59.416666666666664,27.733333333333334
EESLN,EE,SLN,Salinõmme,Salinomme,39,58.833333333333336,22.95
EESMA,EE,SMA,Saaremaa sadam,Saaremaa sadam,74,58.53333333333333,22.233333333333334
EESNK,EE,SNK,Salinõmme Kalasadam,Salinomme Kalasadam,39,58.833333333333336,22.95
EESNP,EE,SNP,Salinõmme Paadisadam,Salinomme Paadisadam,39,58.983333333333334,22.95
EESOE,EE,SOE,Soela,Soela,74,58.61666666666667,22.6
EESRA,EE,SRA,Saarepera,Saarepera,64,58.166666666666664,27.5
EESRU,EE,SRU,Sõru,Soru,39,58.7,22.533333333333335
EESRV,EE,SRV,Sõru Väikelaevasadam,Soru Vaikelaevasadam,39,58.7,22.516666666666666
EESSO,EE,SSO,Soo,Soo,50,58.71666666666667,27.116666666666667
EESUA,EE,SUA,Suaru,Suaru,68,58.13333333333333,24.016666666666666
EESUK,EE,SUK,Suaru Kalasadam,Suaru Kalasadam,68,58.13333333333333,24.0
EESUL,EE,SUL,Suur-Lootsi,Suur-Lootsi,45,59.46666666666667,28.05
EESUR,EE,SUR,Suurpea,Suurpea,37,59.63333333333333,25.683333333333334
EESUS,EE,SUS,Suursadam,Suursadam,39,58.96666666666667,22.916666666666668
EESVI,EE,SVI,Sviby,Sviby,56,58.96666666666667,23.316666666666666
EESVS,EE,SVS,Saastna Vanasadam,Saastna Vanasadam,56,58.733333333333334,23.566666666666666
EETAL,EE,TAL,Taaliku Sadam,Taaliku Sadam,74,58.6,22.983333333333334
EETGI,EE,TGI,Triigi,Triigi,74,58.6,22.716666666666665
EETIL,EE,TIL,Tilgu,Tilgu,37,59.45,24.483333333333334
EETJA,EE,TJA,Turja Sadam,Turja Sadam,74,58.333333333333336,22.933333333333334
EETJS,EE,TJS,Tori Jõesadam,Tori Joesadam,74,58.25,22.466666666666665
EETLL,EE,TLL,Tallinn,Tallinn,37,59.43333333333333,24.733333333333334
EETLT,EE,TLT,Tuletorni,Tuletorni,39,58.78333333333333,22.766666666666666
EETLV,EE,TLV,Talvesadam,Talvesadam,68,58.38333333333333,24.5
EETMA,EE,TMA,Tärkma,Tarkma,39,58.68333333333333,22.6
EETMN,EE,TMN,Tammneeme Sadam,Tammneeme Sadam,37,59.516666666666666,24.883333333333333
EETOI,EE,TOI,Toila,Toila,45,59.43333333333333,27.533333333333335
EETPL,EE,TPL,Tapurla,Tapurla,37,59.6,25.566666666666666
EETRE,EE,TRE,Treimani,Treimani,68,57.916666666666664,24.383333333333333
EETRU,EE,TRU,Turusadam,Turusadam,79,58.36666666666667,26.733333333333334
EETRV,EE,TRV,Tarvastu,Tarvastu,84,58.25,25.966666666666665
EEUIS,EE,UIS,Uisusadam,Uisusadam,74,58.55,23.083333333333332
EEURE,EE,URE,Kuressaare,Kuressaare,74,58.25,22.5
EEURG,EE,URG,Ürgoru Paadisadam,Urgoru Paadisadam,79,58.36666666666667,26.983333333333334
EEVAN,EE,VAN,Vanasadam,Vanasadam,37,59.45,24.766666666666666
EEVAR,EE,VAR,Värssu,Varssu,39,58.93333333333333,22.95
EEVDU,EE,VDU,Võidu,Voidu,68,58.31666666666667,24.016666666666666
EEVEB,EE,VEB,Vene-Balti,Vene-Balti,37,59.45,24.65
EEVEE,EE,VEE,Veere,Veere,74,58.46666666666667,22.05
EEVER,EE,VER,Vergi,Vergi,60,58.6,26.1
EEVIK,EE,VIK,Vikati Sadam,Vikati Sadam,74,58.36666666666667,21.866666666666667
EEVIN,EE,VIN,Viinistu Sadam,Viinistu Sadam,37,59.65,25.75
EEVIR,EE,VIR,Virtsu,Virtsu,56,58.583333333333336,23.516666666666666
EEVIS,EE,VIS,Virtsu Kalasadam,Virtsu Kalasadam,56,58.583333333333336,23.516666666666666
EEVLR,EE,VLR,Valmeranna,Valmeranna,74,58.5,23.233333333333334
EEVNA,EE,VNA,Vasknarva,Vasknarva,45,59.0,27.733333333333334
EEVNJ,EE,VNJ,Varnja Sadam,Varnja Sadam,79,58.483333333333334,27.25
EEVOI,EE,VOI,Võiste,Voiste,68,58.21666666666667,24.466666666666665
EEVOK,EE,VOK,Võõpsu Külasadam,Voopsu Kulasadam,87,58.06666666666667,27.55
EEVOP,EE,VOP,Võõpsu,Voopsu,64,58.083333333333336,27.55
EEVOS,EE,VOS,Võsu,Vosu,60,59.583333333333336,25.966666666666665
EEVPA,EE,VPA,Vahtrepa Sadam,Vahtrepa Sadam,39,58.88333333333333,23.016666666666666
EEVPS,EE,VPS,Varbla Puhkeküla,Varbla Puhkekula,68,58.43333333333333,23.683333333333334
EEVRA,EE,VRA,Värska Sadam,Varska Sadam,87,57.95,27.616666666666667
EEVRI,EE,VRI,Värati,Varati,68,58.31666666666667,23.983333333333334
EEVRK,EE,VRK,Võrkaia,Vorkaia,74,58.68333333333333,23.2
EEVRS,EE,VRS,Varese Sadam,Varese Sadam,74,58.583333333333336,22.4
EEVSG,EE,VSG,Vana-Sauga Sadam,Vana-Sauga Sadam,68,58.38333333333333,24.483333333333334
EEVTR,EE,VTR,Väike-Turu,Vaike-Turu,79,58.38333333333333,26.733333333333334
EEVUS,EE,VUS,Vasknarva Uussadam,Vasknarva Uussadam,45,59.016666666666666,27.733333333333334
EEVVM,EE,VVM,Veere Vanasadam,Veere Vanasadam,74,58.46666666666667,22.05
EEVVN,EE,VVN,Vasknarva Paadisadam,Vasknarva Paadisadam,45,59.0,27.733333333333334
EEVVS,EE,VVS,Virtsu Vanasadam,Virtsu Vanasadam,56,58.583333333333336,23.566666666666666
EEWJS,EE,WJS,Westmeri Jahisadam,Westmeri Jahisadam,56,58.96666666666667,23.533333333333335
EEWST,EE,WST,Westmeri,Westmeri,56,58.96666666666667,23.516666666666666
EGADA,EG,ADA,Al Adabiyah,Al Adabiyah,,29.866666666666667,32.46666666666667
EGAGN,EG,AGN,Abu Ghosoun,Abu Ghosoun,,24.45,35.2
EGALY,EG,ALY,El Iskandariya (Alexandria),El Iskandariya (Alexandria),ALX,31.183333333333334,29.916666666666668
EGAQU,EG,AQU,Al Qusayr,Al Qusayr,BA,26.1,34.28333333333333
EGARY,EG,ARY,Al Amriyah,Al Amriyah,KFS,31.583333333333332,30.966666666666665
EGAZA,EG,AZA,Abu Zenimah,Abu Zenimah,JS,29.05,33.1
EGBGB,EG,BGB,Atakka Dry Port,Atakka Dry Port,SUZ,32.1,33.0
EGDAM,EG,DAM,Dumyat (Damietta),Dumyat (Damietta),,31.416666666666668,31.816666666666666
EGDOM,EG,DOM,Dome Marina,Dome Marina,SUZ,29.433333333333334,32.483333333333334
EGEPP,EG,EPP,Marsa Egyptian Propylene & Polypropylene,Marsa Egyptian Propylene & Polypropylene,PTS,31.3,32.15
EGGAL,EG,GAL,Galala Marina,Galala Marina,SUZ,29.466666666666665,32.43333333333333
EGGLB,EG,GLB,Port Ghalib,Port Ghalib,BA,25.533333333333335,34.63333333333333
EGGUA,EG,GUA,El-Guna (El Gouna),El-Guna (El Gouna),BA,27.383333333333333,33.666666666666664
EGIKU,EG,IKU,Idku,Idku,,31.3,30.3
EGMEA,EG,MEA,Porto Marina El Alamein,Porto Marina El Alamein,MT,30.816666666666666,28.983333333333334
EGNUW,EG,NUW,Nuwaiba,Nuwaiba,JS,28.966666666666665,34.65
EGOPT,EG,OPT,Marsa Oriental Petrochemicals,Marsa Oriental Petrochemicals,SUZ,29.683333333333334,32.35
EGPSE,EG,PSE,Port Said East,Port Said East,SUZ,31.216666666666665,32.35
EGRAB,EG,RAB,Ras Budran,Ras Budran,,28.933333333333334,33.11666666666667
EGRSU,EG,RSU,Ras Sudr,Ras Sudr,,29.6,32.666666666666664
EGSBY,EG,SBY,Soma Bay Marina,Soma Bay Marina,BA,26.85,33.983333333333334
EGSIN,EG,SIN,South Sinai (Ganoub Sinai),South Sinai (Ganoub Sinai),SUZ,29.866666666666667,34.0
EGSOK,EG,SOK,Sokhna Port,Sokhna Port,,29.65,32.35
EGSSH,EG,SSH,Sharm ash Shaykh,Sharm ash Shaykh,JS,27.866666666666667,34.28333333333333
EGSUZ,EG,SUZ,As Suways (Suez),As Suways (Suez),SUZ,29.966666666666665,32.516666666666666
EGTOR,EG,TOR,El Tor,El Tor,SIN,28.233333333333334,33.61666666666667
EHEAI,EH,EAI,Ejbei Uad el Aabd,Ejbei Uad el Aabd,,27.15,-13.2
ERASA,ER,ASA,Assab,Assab,DK,13.0,42.733333333333334
ERMSW,ER,MSW,Massawa (Mitsiwa),Massawa (Mitsiwa),SK,15.6,39.45
ES2BL,ES,2BL,Lloseta,Lloseta,PM,39.71666666666667,2.8666666666666667
ES2TT,ES,2TT,Ametlla,Ametlla,T,41.56666666666667,1.25
ES2VA,ES,2VA,Vallecillo,Vallecillo,LE,42.35,-5.2
ES4SS,ES,4SS,Santurtz,Santurtz,BI,43.31666666666667,-3.0166666666666666
ES8TC,ES,8TC,Rejected,Rejected,MU,37.46666666666667,-0.8166666666666667
ESAAQ,ES,AAQ,Santiago del Campo,Santiago del Campo,CC,39.63333333333333,-6.366666666666666
ESAAW,ES,AAW,Sa Canal,Sa Canal,PM,38.833333333333336,1.3833333333333333
ESABH,ES,ABH,Abanto,Abanto,,43.31666666666667,-4.5
ESACA,ES,ACA,Alcanar,Alcanar,T,40.55,0.48333333333333334
ESACE,ES,ACE,Lanzarote,Lanzarote,GC,28.966666666666665,-13.533333333333333
ESAD6,ES,AD6,Nuevo Baztán,Nuevo Baztan,M,40.36666666666667,-3.25
ESADR,ES,ADR,Adra,Adra,,36.75,-3.0166666666666666
ESADT,ES,ADT,Alcaudete de la Jaya,Alcaudete de la Jaya,,39.78333333333333,-4.866666666666667
ESAGA,ES,AGA,Agaete,Agaete,GC,28.116666666666667,-15.7
ESAGD,ES,AGD,La Guardia,La Guardia,PO,41.9,-8.883333333333333
ESAGG,ES,AGG,Argelaguer,Argelaguer,GI,42.21666666666667,2.65
ESAGP,ES,AGP,Málaga,Malaga,MA,36.71666666666667,-4.416666666666667
ESAGU,ES,AGU,Aguilas,Aguilas,,37.4,-1.5833333333333335
ESALA,ES,ALA,Villarreal de Álava,Villarreal de Alava,VI,42.983333333333334,-2.6333333333333333
ESALT,ES,ALT,Algorta,Algorta,BI,43.35,-3.0166666666666666
ESALX,ES,ALX,Almendricos,Almendricos,MU,37.46666666666667,-1.7833333333333332
ESAMP,ES,AMP,Ampuero,Ampuero,,43.35,-3.4166666666666665
ESAMX,ES,AMX,Almorox,Almorox,,40.233333333333334,-4.383333333333334
ESARZ,ES,ARZ,Allaríz,Allariz,,42.18333333333333,-7.8
ESAS8,ES,AS8,Cabueñes,Cabuenes,O,43.516666666666666,-5.6
ESASL,ES,ASL,Andosilla,Andosilla,,42.38333333333333,-1.95
ESATO,ES,ATO,El Astillero,El Astillero,,43.4,-3.8166666666666664
ESATQ,ES,ATQ,Ataquines,Ataquines,,41.18333333333333,-4.8
ESAXO,ES,AXO,A Baiuca,A Baiuca,,43.3,-8.5
ESAYR,ES,AYR,Ayora,Ayora,,39.06666666666667,-1.05
ESB8C,ES,B8C,Bacáicoa,Bacaicoa,NA,42.88333333333333,-2.1
ESBAT,ES,BAT,La Batlloria,La Batlloria,B,41.71666666666667,2.55
ESBBJ,ES,BBJ,Breña Baja,Brena Baja,,28.633333333333333,-17.75
ESBDA,ES,BDA,Benegida,Benegida,,39.06666666666667,-0.55
ESBDF,ES,BDF,Barbate,Barbate,CA,36.18333333333333,-5.916666666666667
ESBDP,ES,BDP,Banyeres del Penedes,Banyeres del Penedes,T,41.1,1.5166666666666666
ESBGG,ES,BGG,Berlanga,Berlanga,BA,38.28333333333333,-5.816666666666666
ESBGJ,ES,BGJ,Berguenda,Berguenda,VI,42.78333333333333,-3.05
ESBIO,ES,BIO,Bilbao,Bilbao,BI,43.25,-2.966666666666667
ESBLR,ES,BLR,Begur,Begur,GI,41.95,3.2
ESBMO,ES,BMO,Benimodo,Benimodo,V,39.21666666666667,-0.5166666666666667
ESBOS,ES,BOS,Burgo de Osma,Burgo de Osma,SO,41.56666666666667,-3.066666666666667
ESBPM,ES,BPM,Porreras,Porreras,PM,39.516666666666666,3.0
ESBRM,ES,BRM,Bermeo,Bermeo,BI,43.43333333333333,-2.716666666666667
ESBS3,ES,BS3,Binissalem,Binissalem,PM,39.68333333333333,2.8333333333333335
ESBSL,ES,BSL,Bermiyo Sallago,Bermiyo Sallago,,41.36666666666667,-6.1
ESBU3,ES,BU3,Benicull,Benicull,V,39.18333333333333,-0.38333333333333336
ESBVN,ES,BVN,Buenavista del Norte,Buenavista del Norte,TF,28.366666666666667,-16.9
ESC9A,ES,C9A,Calles,Calles,V,39.733333333333334,-0.9666666666666667
ESCAQ,ES,CAQ,Riudecanyes,Riudecanyes,T,41.11666666666667,0.95
ESCAR,ES,CAR,Cartagena,Cartagena,MU,37.6,-0.9833333333333333
ESCAS,ES,CAS,Castellón de la Plana,Castellon de la Plana,V,39.983333333333334,-0.03333333333333333
ESCBL,ES,CBL,Cambrils,Cambrils,T,41.06666666666667,1.0666666666666667
ESCBP,ES,CBP,Cabo de Palos,Cabo de Palos,MU,37.63333333333333,-0.6833333333333333
ESCC7,ES,CC7,Escorca,Escorca,PM,39.81666666666667,2.85
ESCCN,ES,CCN,Corcubión,Corcubion,,42.95,-9.183333333333334
ESCCX,ES,CCX,Carcaixent,Carcaixent,,39.06666666666667,-0.4
ESCDI,ES,CDI,Carrizal,Carrizal,,27.9,-15.4
ESCDK,ES,CDK,Las Casas de Alcanar,Las Casas de Alcanar,T,40.55,0.5333333333333333
ESCED,ES,CED,Cedeira,Cedeira,A,43.65,-8.05
ESCEL,ES,CEL,Celeiró,Celeiro,,42.7,-7.05
ESCES,ES,CES,Capellades,Capellades,B,41.53333333333333,1.7
ESCFL,ES,CFL,Casillas Flores,Casillas Flores,SA,40.38333333333333,-6.75
ESCGE,ES,CGE,Calonge,Calonge,GI,41.86666666666667,3.0833333333333335
ESCGG,ES,CGG,Campllong,Campllong,GI,41.88333333333333,2.8166666666666664
ESCGR,ES,CGR,Consuegra,Consuegra,,39.46666666666667,-3.6
ESCHR,ES,CHR,Caleta de Sebo,Caleta de Sebo,GC,29.233333333333334,-13.5
ESCHZ,ES,CHZ,Puebla de Sancho Pérez,Puebla de Sancho Perez,BA,38.4,-6.4
ESCJE,ES,CJE,Costa Adeje,Costa Adeje,TF,28.066666666666666,-16.75
ESCNO,ES,CNO,Cariño,Carino,C,43.75,-7.866666666666667
ESCOI,ES,COI,Catoira,Catoira,PO,42.666666666666664,-8.716666666666667
ESCPA,ES,CPA,Campoamor,Campoamor,A,37.9,-0.75
ESCPL,ES,CPL,Campanillas,Campanillas,,36.71666666666667,-4.533333333333333
ESCQU,ES,CQU,Carranque,Carranque,TO,40.166666666666664,-3.9
ESCRG,ES,CRG,Cabo Roig,Cabo Roig,A,37.916666666666664,-0.7333333333333333
ESCRP,ES,CRP,Carpio Tajo,Carpio Tajo,,39.88333333333333,-4.45
ESCRS,ES,CRS,Carboneras,Carboneras,AL,36.983333333333334,-1.8833333333333333
ESCSN,ES,CSN,Cisneros,Cisneros,P,42.21666666666667,-4.85
ESCSO,ES,CSO,Castropol,Castropol,O,43.53333333333333,-7.033333333333333
ESCUD,ES,CUD,Cuarte de Huerva,Cuarte de Huerva,Z,41.583333333333336,-0.9166666666666666
ESCUR,ES,CUR,Castro-Urdiales,Castro-Urdiales,S,43.38333333333333,-3.216666666666667
ESCUT,ES,CUT,Morro del Jable,Morro del Jable,GC,28.05,-14.333333333333334
ESCZT,ES,CZT,Camarzana Tera,Camarzana Tera,,42.0,-6.016666666666667
ESDAG,ES,DAG,Dos Aguas,Dos Aguas,V,39.28333333333333,-0.8
ESDBA,ES,DBA,Deba,Deba,SS,43.3,-2.35
ESDBO,ES,DBO,Playa Den Bossa,Playa Den Bossa,PM,38.88333333333333,1.4166666666666667
ESDEJ,ES,DEJ,Valdetorres de Jarama,Valdetorres de Jarama,M,40.7,-3.5
ESEBO,ES,EBO,Cebolla,Cebolla,,39.95,-4.566666666666666
ESECT,ES,ECT,El Casar de Talamanca,El Casar de Talamanca,GU,40.7,-3.4333333333333336
ESEDL,ES,EDL,Estadilla,Estadilla,HU,42.05,0.25
ESEGR,ES,EGR,Grove,Grove,PO,42.5,-8.866666666666667
ESEJC,ES,EJC,Ejea de los Caballeros,Ejea de los Caballeros,,42.11666666666667,-1.1333333333333333
ESELV,ES,ELV,Elvillar,Elvillar,VI,42.56666666666667,-20.533333333333335
ESEMP,ES,EMP,Empuriabrava,Empuriabrava,GI,42.25,3.1333333333333333
ESENG,ES,ENG,Enguera,Enguera,,38.983333333333334,-0.6833333333333333
ESEOO,ES,EOO,El Pedernoso,El Pedernoso,CU,39.483333333333334,-2.75
ESETH,ES,ETH,Huete,Huete,CU,40.13333333333333,-2.6833333333333336
ESEUG,ES,EUG,Santa Eugenia,Santa Eugenia,C,42.55,-9.0
ESEWE,ES,EWE,Fuenterrabía,Fuenterrabia,SS,43.36666666666667,-1.7833333333333332
ESEZC,ES,EZC,Ezcaray,Ezcaray,,42.31666666666667,-3.0166666666666666
ESFAL,ES,FAL,Fuente-Álamo,Fuente-Alamo,AB,38.7,-1.4333333333333333
ESFLD,ES,FLD,Formentera Island,Formentera Island,,38.65,1.5833333333333335
ESFNC,ES,FNC,La Font den Carros,La Font den Carros,,38.916666666666664,-0.16666666666666666
ESFRA,ES,FRA,Frades,Frades,C,43.05,-8.283333333333333
ESFRM,ES,FRM,Fermoselle,Fermoselle,,41.31666666666667,-6.383333333333334
ESFRO,ES,FRO,Ferrol,Ferrol,C,43.483333333333334,-8.25
ESFSL,ES,FSL,Fuensalida,Fuensalida,,40.05,-4.2
ESGAN,ES,GAN,Gandía,Gandia,V,38.96666666666667,-0.18333333333333332
ESGCS,ES,GCS,El Grao,El Grao,CS,39.96666666666667,0.016666666666666666
ESGDR,ES,GDR,Grajal de Ribera,Grajal de Ribera,LE,42.18333333333333,-5.616666666666667
ESGGA,ES,GGA,Garriguella,Garriguella,GI,42.333333333333336,3.066666666666667
ESGIJ,ES,GIJ,Gijón,Gijon,O,43.53333333333333,-5.666666666666667
ESGLE,ES,GLE,La Escala (L'Escala),La Escala (L'Escala),GI,42.11666666666667,3.1333333333333333
ESGND,ES,GND,Puerto de Granadilla,Puerto de Granadilla,TF,28.05,-16.483333333333334
ESGRC,ES,GRC,Garachico,Garachico,TF,28.366666666666667,-16.75
ESGRT,ES,GRT,Lagartera,Lagartera,,39.9,-5.2
ESGTL,ES,GTL,Gran Tarajal,Gran Tarajal,GC,28.2,-14.016666666666667
ESGTX,ES,GTX,Getxo,Getxo,,43.53333333333333,-3.0166666666666666
ESGU6,ES,GU6,Fontanar,Fontanar,GU,40.733333333333334,-3.1666666666666665
ESGVA,ES,GVA,Cigales,Cigales,VA,41.766666666666666,-4.7
ESGYA,ES,GYA,Granyanella,Granyanella,L,41.666666666666664,1.2166666666666668
ESHDD,ES,HDD,Hinojosa del Duque,Hinojosa del Duque,CO,38.5,-5.15
ESHHU,ES,HHU,Castillazuelo,Castillazuelo,HU,42.06666666666667,0.6666666666666666
ESHIE,ES,HIE,Puerto de la Estaca,Puerto de la Estaca,,27.783333333333335,-17.9
ESHIG,ES,HIG,Higuera la Real,Higuera la Real,BA,38.13333333333333,-6.683333333333334
ESHLL,ES,HLL,Hormilla,Hormilla,LO,42.43333333333333,-2.7666666666666666
ESHSN,ES,HSN,Hermisende,Hermisende,,41.96666666666667,-6.883333333333333
ESHTY,ES,HTY,Hontanaya,Hontanaya,CU,39.733333333333334,-2.8333333333333335
ESHVC,ES,HVC,Sanxenxo,Sanxenxo,PO,42.4,-8.8
ESIAS,ES,IAS,Camariñas,Camarinas,C,43.11666666666667,-9.166666666666666
ESIBZ,ES,IBZ,Ibiza,Ibiza,PM,38.9,1.4333333333333333
ESITE,ES,ITE,Belchite,Belchite,,41.3,-0.75
ESIUA,ES,IUA,Iurreta,Iurreta,BI,43.166666666666664,-2.6333333333333333
ESJAV,ES,JAV,Jávea,Javea,A,38.78333333333333,0.16666666666666666
ESJON,ES,JON,Burujon,Burujon,,39.9,-4.3
ESJRM,ES,JRM,San Julián de Ramis,San Julian de Ramis,GI,42.016666666666666,2.85
ESJUE,ES,JUE,Guijuelo,Guijuelo,SA,40.55,-5.666666666666667
ESKLL,ES,KLL,La Ametlla de Mar,La Ametlla de Mar,T,40.9,0.8
ESL4O,ES,L4O,Lodoso,Lodoso,BU,42.43333333333333,-3.8166666666666664
ESLAP,ES,LAP,Lapuebla de Labarca,Lapuebla de Labarca,,42.5,-2.5666666666666664
ESLAX,ES,LAX,Lage,Lage,C,43.21666666666667,-9.0
ESLCG,ES,LCG,La Coruña (A Coruña),La Coruna (A Coruna),C,43.36666666666667,-8.383333333333333
ESLE6,ES,LE6,Torrente,Torrente,V,39.43333333333333,-0.4666666666666667
ESLEC,ES,LEC,Lecumberri,Lecumberri,NA,43.0,-1.8833333333333333
ESLEI,ES,LEI,Almería,Almeria,AL,36.833333333333336,-2.45
ESLEL,ES,LEL,Calella,Calella,B,41.61666666666667,2.6666666666666665
ESLGC,ES,LGC,La Graciosa,La Graciosa,GC,29.216666666666665,-13.5
ESLGU,ES,LGU,Legutiano,Legutiano,,42.96666666666667,-2.6333333333333333
ESLIT,ES,LIT,Lizartza,Lizartza,SS,43.31666666666667,-1.9833333333333334
ESLIU,ES,LIU,San Felíu de Buxalleu,San Feliu de Buxalleu,GI,41.78333333333333,2.5833333333333335
ESLLO,ES,LLO,Lloret de Mar,Lloret de Mar,GI,41.7,2.85
ESLPA,ES,LPA,Las Palmas de Gran Canaria,Las Palmas de Gran Canaria,GC,28.1,-15.416666666666666
ESLPC,ES,LPC,Puebla del Caramiñal,Puebla del Caraminal,C,42.6,-8.933333333333334
ESLPF,ES,LPF,La Poble de Farnals,La Poble de Farnals,,39.583333333333336,-1.6666666666666665
ESLRT,ES,LRT,La Restinga,La Restinga,TF,27.616666666666667,-17.983333333333334
ESLSL,ES,LSL,La Seu d'Urgell,La Seu d'Urgell,,42.36666666666667,1.45
ESLTV,ES,LTV,Moral de Calatrava,Moral de Calatrava,CR,38.833333333333336,-3.5833333333333335
ESLZR,ES,LZR,La Zarza,La Zarza,BA,38.81666666666667,-6.216666666666667
ESM8M,ES,M8M,San Mames De Meruelo,San Mames De Meruelo,S,43.45,-3.5666666666666664
ESM8U,ES,M8U,Mourente,Mourente,LU,43.56666666666667,-7.266666666666667
ESMAH,ES,MAH,"Mahón, Menorca","Mahon, Menorca",PM,39.88333333333333,4.25
ESMAI,ES,MAI,Malpica (Malpica de Bergantiños),Malpica (Malpica de Bergantinos),C,43.31666666666667,-8.8
ESMBY,ES,MBY,Mombuey,Mombuey,,42.03333333333333,-6.333333333333333
ESMCZ,ES,MCZ,Mozoncillo,Mozoncillo,SG,41.15,-4.183333333333334
ESMED,ES,MED,El Medano,El Medano,GC,28.033333333333335,-16.533333333333335
ESMET,ES,MET,Miguel Esteban,Miguel Esteban,,39.516666666666666,-3.0833333333333335
ESMGA,ES,MGA,Mugia,Mugia,C,43.1,-9.216666666666667
ESMGN,ES,MGN,Magan,Magan,,39.95,-3.9166666666666665
ESMGR,ES,MGR,Mugardos,Mugardos,C,43.46666666666667,-8.25
ESMIA,ES,MIA,Mesia,Mesia,C,43.1,-8.266666666666667
ESMIC,ES,MIC,Miraclamp,Miraclamp,L,41.6,0.8666666666666667
ESMIR,ES,MIR,Miramar,Miramar,,38.95,-0.0
ESMIX,ES,MIX,Miranda de Ebro,Miranda de Ebro,,42.68333333333333,-2.95
ESMLJ,ES,MLJ,Murillo de Río Leza,Murillo de Rio Leza,LO,42.4,-2.3166666666666664
ESMLN,ES,MLN,Melilla,Melilla,ML,35.31666666666667,-2.8833333333333333
ESMLO,ES,MLO,Maliaño,Maliano,,43.416666666666664,-3.8333333333333335
ESMMA,ES,MMA,Malgrat de Mar,Malgrat de Mar,,41.65,2.75
ESMNF,ES,MNF,Montefrio,Montefrio,GR,37.31666666666667,-4.016666666666667
ESMOA,ES,MOA,Moaña,Moana,PO,42.28333333333333,-8.733333333333333
ESMOG,ES,MOG,Mogarraz,Mogarraz,SA,40.483333333333334,-6.05
ESMOI,ES,MOI,Montiel,Montiel,CR,38.7,-2.8666666666666667
ESMOJ,ES,MOJ,Mojácar,Mojacar,,37.15,-1.85
ESMQU,ES,MQU,Mascaraque,Mascaraque,TO,39.71666666666667,-3.8166666666666664
ESMRJ,ES,MRJ,Madridejos,Madridejos,TO,39.46666666666667,-3.533333333333333
ESMRN,ES,MRN,Maracena,Maracena,,37.2,-3.6333333333333333
ESMSN,ES,MSN,Masnou,Masnou,,41.483333333333334,2.3166666666666664
ESMTC,ES,MTC,Montblanc,Montblanc,,41.38333333333333,1.1666666666666667
ESMTQ,ES,MTQ,Montesquiu,Montesquiu,,42.1,2.2
ESMTU,ES,MTU,Motrico (Mutriku),Motrico (Mutriku),SS,43.3,-2.3833333333333333
ESMUN,ES,MUN,Munguía,Munguia,,43.35,-2.8333333333333335
ESMUS,ES,MUS,Musel-Arnao,Musel-Arnao,O,43.56666666666667,-5.7
ESNAA,ES,NAA,Ayegui,Ayegui,NA,42.65,-2.033333333333333
ESNBL,ES,NBL,Noblejas,Noblejas,,39.983333333333334,-3.4333333333333336
ESNCA,ES,NCA,Inca,Inca,PM,39.71666666666667,2.9
ESNCO,ES,NCO,Coristanco,Coristanco,C,43.2,-8.75
ESNDD,ES,NDD,Las Noras de Daza,Las Noras de Daza,AL,36.75,-2.7333333333333334
ESNJE,ES,NJE,Nájera,Najera,LO,42.416666666666664,-2.7333333333333334
ESNLL,ES,NLL,Santa Olalla,Santa Olalla,TO,40.016666666666666,-4.433333333333334
ESNRA,ES,NRA,Salinas De Pamplona,Salinas De Pamplona,NA,42.75,-1.65
ESNRT,ES,NRT,Monserrat,Monserrat,,39.36666666666667,-0.6
ESNTR,ES,NTR,Mentrida,Mentrida,,40.233333333333334,-4.183333333333334
ESOLY,ES,OLY,Olias del Rey,Olias del Rey,,39.95,-3.966666666666667
ESOLZ,ES,OLZ,Olazagutía,Olazagutia,,42.86666666666667,-2.2
ESOMR,ES,OMR,Mora,Mora,,39.666666666666664,-3.7666666666666666
ESOND,ES,OND,Ondárroa,Ondarroa,BI,43.31666666666667,-2.4166666666666665
ESONS,ES,ONS,Obanos,Obanos,,42.68333333333333,-1.7833333333333332
ESOOP,ES,OOP,Cadaqués,Cadaques,GI,42.28333333333333,3.283333333333333
ESORJ,ES,ORJ,Órjiva,Orjiva,GR,36.9,-3.4166666666666665
ESOSR,ES,OSR,Oroso,Oroso,C,42.983333333333334,-8.433333333333334
ESOTG,ES,OTG,Ortigueira,Ortigueira,C,43.666666666666664,-7.85
ESOTO,ES,OTO,Rotova,Rotova,V,38.93333333333333,-0.25
ESOUT,ES,OUT,Outes,Outes,C,42.85,-8.9
ESOZL,ES,OZL,Orzola,Orzola,GC,29.216666666666665,-13.45
ESPAL,ES,PAL,Palamós,Palamos,,41.85,3.1333333333333333
ESPAN,ES,PAN,Pantoja,Pantoja,,40.05,-3.8333333333333335
ESPBU,ES,PBU,Pancorbo,Pancorbo,BU,42.63333333333333,-3.1
ESPCN,ES,PCN,Picassent,Picassent,,39.35,-0.45
ESPD3,ES,PD3,Puerto de la Selva,Puerto de la Selva,,42.333333333333336,3.2
ESPDS,ES,PDS,Puerto de Sagunto,Puerto de Sagunto,V,39.65,-0.21666666666666667
ESPET,ES,PET,Petra,Petra,PM,39.61666666666667,3.1
ESPGU,ES,PGU,Puerto de Guimar,Puerto de Guimar,TF,28.3,-16.366666666666667
ESPIT,ES,PIT,Pitillas,Pitillas,NA,42.416666666666664,-1.6166666666666667
ESPJC,ES,PJC,Poliña Jucar,Polina Jucar,,39.2,-0.36666666666666664
ESPLI,ES,PLI,Playa Ingles,Playa Ingles,GC,27.766666666666666,-15.583333333333334
ESPMI,ES,PMI,Palma de Mallorca,Palma de Mallorca,,39.56666666666667,2.6333333333333333
ESPNY,ES,PNY,Sant Antoni de Portmany,Sant Antoni de Portmany,,38.983333333333334,1.3
ESPPS,ES,PPS,Puerto de Playa de Santiago,Puerto de Playa de Santiago,TF,28.033333333333335,-17.2
ESPRE,ES,PRE,Puerto Calero,Puerto Calero,GC,28.916666666666668,-13.7
ESPRG,ES,PRG,Puig-reig,Puig-reig,,41.983333333333334,1.8666666666666667
ESPRO,ES,PRO,Puerto Rosario,Puerto Rosario,GC,28.5,-13.866666666666667
ESPRT,ES,PRT,Portosin,Portosin,C,42.766666666666666,-8.95
ESPSJ,ES,PSJ,Playa San Juan,Playa San Juan,TF,28.166666666666668,-16.8
ESPSL,ES,PSL,Posada de Llanera,Posada de Llanera,LU,43.43333333333333,-5.85
ESPSO,ES,PSO,Pola de Siero,Pola de Siero,O,43.4,-5.65
ESPTM,ES,PTM,Puertomarin,Puertomarin,LU,42.8,-7.616666666666667
ESPTN,ES,PTN,Son (Puerto del Son),Son (Puerto del Son),C,42.68333333333333,-9.016666666666667
ESPUC,ES,PUC,Puerto del Carmen,Puerto del Carmen,GC,28.916666666666668,-13.666666666666666
ESPVA,ES,PVA,Puras,Puras,VA,41.18333333333333,-4.65
ESPVG,ES,PVG,Puerto de Vega,Puerto de Vega,O,43.56666666666667,-6.633333333333333
ESQIS,ES,QIS,Quismondo,Quismondo,,40.1,-4.316666666666666
ESRA5,ES,RA5,Rajadell,Rajadell,B,41.71666666666667,1.7
ESRAL,ES,RAL,Sarral,Sarral,T,41.43333333333333,1.2333333333333334
ESRBI,ES,RBI,Ribeira (Santa Uxia),Ribeira (Santa Uxia),,42.55,-9.0
ESRDA,ES,RDA,Alcala del Rio,Alcala del Rio,SE,37.516666666666666,-5.966666666666667
ESRDE,ES,RDE,Rubielos de Mora,Rubielos de Mora,TE,40.18333333333333,-0.65
ESRES,ES,RES,Casar de Cáceres,Casar de Caceres,CC,39.56666666666667,-6.416666666666667
ESROM,ES,ROM,El Rompido,El Rompido,H,37.21666666666667,-7.116666666666666
ESRPL,ES,RPL,Ripoll,Ripoll,,42.2,2.183333333333333
ESRRS,ES,RRS,Ferreras,Ferreras,,41.9,-6.183333333333334
ESRTA,ES,RTA,Rentería,Renteria,SS,43.31666666666667,-1.9
ESRUE,ES,RUE,Rueda,Rueda,,41.416666666666664,-4.95
ESRUM,ES,RUM,Santo Angel,Santo Angel,MU,37.93333333333333,-1.1166666666666667
ESRUZ,ES,RUZ,Puerto de la Cruz,Puerto de la Cruz,TF,28.416666666666668,-16.55
ESS8C,ES,S8C,Santervas De Campos,Santervas De Campos,VA,42.21666666666667,-5.1
ESS9S,ES,S9S,Salinas de Oro,Salinas de Oro,NA,42.78333333333333,-1.8833333333333333
ESSAG,ES,SAG,Sagunto,Sagunto,V,39.68333333333333,-0.26666666666666666
ESSAP,ES,SAP,San Pedro Pescador,San Pedro Pescador,GI,42.18333333333333,3.0833333333333335
ESSAS,ES,SAS,San Asensio,San Asensio,,42.5,-2.75
ESSBT,ES,SBT,San Bartolomé de Tirajana,San Bartolome de Tirajana,GC,29.0,-13.6
ESSCR,ES,SCR,San Carlos de la Rápita,San Carlos de la Rapita,T,40.61666666666667,0.6
ESSDG,ES,SDG,Sallent de Gallego,Sallent de Gallego,HU,42.766666666666666,-0.3333333333333333
ESSER,ES,SER,Serra,Serra,V,39.68333333333333,-0.43333333333333335
ESSFL,ES,SFL,Sant Feliu de Llobregat,Sant Feliu de Llobregat,,41.38333333333333,2.05
ESSFO,ES,SFO,San Fernando,San Fernando,CA,36.46666666666667,-6.2
ESSFU,ES,SFU,Sant Feliu de Guixols,Sant Feliu de Guixols,GI,41.78333333333333,3.033333333333333
ESSGD,ES,SGD,Santa Agueda,Santa Agueda,,38.166666666666664,-0.7833333333333333
ESSGT,ES,SGT,San Agustin,San Agustin,,27.766666666666666,-16.466666666666665
ESSIO,ES,SIO,Casasimarro,Casasimarro,CU,39.36666666666667,-2.033333333333333
ESSIS,ES,SIS,Sils,Sils,GI,41.8,2.75
ESSIT,ES,SIT,Sitges,Sitges,B,41.233333333333334,1.8333333333333335
ESSJ2,ES,SJ2,Sant Jordi,Sant Jordi,PM,39.55,2.7666666666666666
ESSJO,ES,SJO,Sant Joan Despí,Sant Joan Despi,,41.36666666666667,2.066666666666667
ESSL4,ES,SL4,Sant Lluís,Sant Lluis,PM,39.833333333333336,4.25
ESSL8,ES,SL8,Sobradelo,Sobradelo,PO,42.583333333333336,-8.783333333333333
ESSMD,ES,SMD,Sant Miquel de Fluvià,Sant Miquel de Fluvia,GI,42.166666666666664,2.9833333333333334
ESSNR,ES,SNR,Santurce,Santurce,BI,43.333333333333336,-3.033333333333333
ESSO8,ES,SO8,San Miguel Del Arroyo,San Miguel Del Arroyo,VA,41.43333333333333,-4.45
ESSOL,ES,SOL,El Port,El Port,PM,39.766666666666666,2.7
ESSP4,ES,SP4,Sanguineda,Sanguineda,PO,42.18333333333333,-8.633333333333333
ESSPC,ES,SPC,Santa Cruz de La Palma,Santa Cruz de La Palma,GC,28.683333333333334,-17.766666666666666
ESSPQ,ES,SPQ,San Pedro Ceque,San Pedro Ceque,ZA,43.05,-6.066666666666666
ESSRH,ES,SRH,San Román de Hornija,San Roman de Hornija,VA,41.483333333333334,-5.283333333333333
ESSTE,ES,STE,Santa Eulalia del Río,Santa Eulalia del Rio,PM,38.983333333333334,1.5166666666666666
ESSUM,ES,SUM,Sumarcarcer,Sumarcarcer,,39.1,0.6333333333333333
ESSUR,ES,SUR,Santa Úrsula,Santa Ursula,TF,28.416666666666668,-16.466666666666665
ESSVB,ES,SVB,San Vicente de la Barquera,San Vicente de la Barquera,S,43.38333333333333,-4.383333333333334
ESSVI,ES,SVI,San Vicente,San Vicente,OR,42.45,-7.066666666666666
ESSXX,ES,SXX,Sangenjo,Sangenjo,PO,42.4,-8.816666666666666
ESTAZ,ES,TAZ,Tazacorte,Tazacorte,TF,28.633333333333333,-17.933333333333334
ESTBR,ES,TBR,Tabara,Tabara,ZA,41.81666666666667,-5.95
ESTBZ,ES,TBZ,Tabuenca,Tabuenca,Z,41.7,-1.55
ESTDC,ES,TDC,Trobajo del Cerecedo,Trobajo del Cerecedo,LE,42.56666666666667,-5.583333333333333
ESTDY,ES,TDY,Tordoya,Tordoya,C,43.1,-8.566666666666666
ESTG2,ES,TG2,Les Borges del Camp,Les Borges del Camp,T,41.166666666666664,1.0166666666666666
ESTHO,ES,THO,Torre Horadada,Torre Horadada,A,37.86666666666667,-0.75
ESTJF,ES,TJF,Tijarafe,Tijarafe,TF,28.7,-17.95
ESTJQ,ES,TJQ,Tejina,Tejina,TF,28.533333333333335,-16.35
ESTKG,ES,TKG,Tossa (Tossa de Mar),Tossa (Tossa de Mar),GI,41.71666666666667,2.9333333333333336
ESTO9,ES,TO9,Palomeque,Palomeque,TO,40.11666666666667,-3.95
ESTRE,ES,TRE,Trebujena,Trebujena,CA,36.86666666666667,-6.166666666666667
ESTRR,ES,TRR,Torredembarra,Torredembarra,T,41.15,1.4
ESTRU,ES,TRU,Trubia,Trubia,O,43.5,-5.733333333333333
ESTRY,ES,TRY,Real de Montroy,Real de Montroy,,39.333333333333336,-0.6
ESTT2,ES,TT2,La Selva del Camp,La Selva del Camp,T,41.2,1.1333333333333333
ESTVC,ES,TVC,Tornavacas,Tornavacas,CC,40.25,-5.683333333333334
ESUCC,ES,UCC,Belmonte,Belmonte,CU,39.56666666666667,-2.7
ESUIS,ES,UIS,Ucieda,Ucieda,S,43.25,-4.233333333333333
ESUNY,ES,UNY,Avinyó,Avinyo,B,41.86666666666667,1.9666666666666668
ESURI,ES,URI,Llauri,Llauri,,39.15,-0.3333333333333333
ESURZ,ES,URZ,Urroz,Urroz,,42.78333333333333,-1.45
ESV7N,ES,V7N,Vidania,Vidania,SS,43.13333333333333,-2.15
ESV8C,ES,V8C,San Cristobal de Entrevinas,San Cristobal de Entrevinas,ZA,42.05,-5.633333333333333
ESV8M,ES,V8M,Villasana De Mena,Villasana De Mena,BU,43.1,-3.283333333333333
ESVBN,ES,VBN,Villabona,Villabona,SS,43.18333333333333,-2.05
ESVCC,ES,VCC,Vallcarca,Vallcarca,B,41.233333333333334,1.8666666666666667
ESVIL,ES,VIL,Villagarcía de Arosa,Villagarcia de Arosa,PO,42.6,-8.75
ESVIT,ES,VIT,Vitoria-Gasteiz,Vitoria-Gasteiz,,42.85,-2.6666666666666665
ESVIV,ES,VIV,Viveiro,Viveiro,LU,43.666666666666664,-7.6
ESVJO,ES,VJO,Valera de Abajo,Valera de Abajo,CU,39.766666666666666,-2.15
ESVLG,ES,VLG,Villanueva y Geltrú (Vilanova i la Geltrú),Villanueva y Geltru (Vilanova i la Geltru),B,41.21666666666667,1.7333333333333334
ESVZM,ES,VZM,Vizmalo,Vizmalo,BU,42.166666666666664,-4.1
ESVZO,ES,VZO,Vimianzo,Vimianzo,C,43.11666666666667,-9.033333333333333
ESZ8N,ES,Z8N,Zalain,Zalain,NA,43.28333333333333,-1.7
ESZ8R,ES,Z8R,Echarri-Aranaz,Echarri-Aranaz,NA,42.9,-2.066666666666667
ESZMF,ES,ZMF,Sauzal,Sauzal,TF,28.466666666666665,-16.416666666666668
ESZUE,ES,ZUE,Zuera,Zuera,,41.86666666666667,-0.7833333333333333
ESZZ4,ES,ZZ4,Villaflor,Villaflor,ZA,41.583333333333336,-5.983333333333333
FIAHL,FI,AHL,Alholmen,Alholmen,,63.7,22.7
FIAJO,FI,AJO,Ajos,Ajos,,65.66666666666667,24.566666666666666
FIAKK,FI,AKK,Asikkala,Asikkala,04,62.05,28.433333333333334
FIBAR,FI,BAR,Baronsalmi,Baronsalmi,,59.96666666666667,23.866666666666667
FIBRA,FI,BRA,Brändö,Brando,01,60.416666666666664,21.05
FIBRO,FI,BRO,Bromarv,Bromarv,18,59.983333333333334,23.033333333333335
FIDEG,FI,DEG,Degerby,Degerby,18,60.1,24.183333333333334
FIDLS,FI,DLS,Dalsbruk (Taalintehdas),Dalsbruk (Taalintehdas),19,60.016666666666666,22.516666666666666
FIDLS,FI,DLS,Taalintehdas (Dalsbruk),Taalintehdas (Dalsbruk),19,60.016666666666666,22.516666666666666
FIDRA,FI,DRA,Dragsfjärd,Dragsfjard,19,60.06666666666667,22.466666666666665
FIECK,FI,ECK,Eckerö,Eckero,01,60.21666666666667,19.616666666666667
FIEJO,FI,EJO,Eurajoki (Euraåminne),Eurajoki (Euraaminne),17,61.2,21.733333333333334
FIEJO,FI,EJO,Euraåminne (Eurajoki),Euraaminne (Eurajoki),17,61.2,21.733333333333334
FIEM2,FI,EM2,Elämäjärvi,Elamajarvi,08,63.483333333333334,25.666666666666668
FIENK,FI,ENK,Enonkoski,Enonkoski,04,62.083333333333336,28.916666666666668
FIESP,FI,ESP,Esbo (Espoo),Esbo (Espoo),18,60.2,24.65
FIESP,FI,ESP,Espoo (Esbo),Espoo (Esbo),18,60.2,24.65
FIFAR,FI,FAR,Färjsundet,Farjsundet,01,60.233333333333334,20.016666666666666
FIFOG,FI,FOG,Föglö,Foglo,01,60.016666666666666,20.416666666666668
FIGDB,FI,GDB,Gottby (Godby),Gottby (Godby),01,60.13333333333333,19.833333333333332
FIGUL,FI,GUL,Gullö,Gullo,18,59.95,23.416666666666668
FIHAK,FI,HAK,Hakkola,Hakkola,03,62.38333333333333,22.716666666666665
FIHAL,FI,HAL,Halonen,Halonen,10,66.68333333333334,27.5
FIHAO,FI,HAO,Hailuoto,Hailuoto,14,65.0,24.833333333333332
FIHAR,FI,HAR,Harvaluoto,Harvaluoto,01,60.36666666666667,20.466666666666665
FIHEL,FI,HEL,Helsinki,Helsinki,18,60.166666666666664,24.933333333333334
FIHIM,FI,HIM,Himanka,Himanka,,64.06666666666666,23.65
FIHIT,FI,HIT,Hiitinen,Hiitinen,,59.88333333333333,22.5
FIHMA,FI,HMA,Himankakylä,Himankakyla,07,64.16666666666667,23.7
FIHMN,FI,HMN,Fredrikshamn (Hamina),Fredrikshamn (Hamina),09,60.56666666666667,27.2
FIHMN,FI,HMN,Hamina (Fredrikshamn),Hamina (Fredrikshamn),09,60.56666666666667,27.2
FIHOG,FI,HOG,Högsåra,Hogsara,19,59.95,22.366666666666667
FIHOU,FI,HOU,Houtskär (Houtskari),Houtskar (Houtskari),19,60.21666666666667,21.383333333333333
FIHOU,FI,HOU,Houtskari (Houtskär),Houtskari (Houtskar),19,60.21666666666667,21.383333333333333
FIHVM,FI,HVM,Hirvensalmi,Hirvensalmi,,61.63333333333333,26.8
FIIIS,FI,IIS,Idensalmi (Iisalmi),Idensalmi (Iisalmi),15,63.55,27.183333333333334
FIIIS,FI,IIS,Iisalmi (Idensalmi),Iisalmi (Idensalmi),15,63.55,27.183333333333334
FIIMA,FI,IMA,Imatra,Imatra,02,61.166666666666664,28.75
FIINI,FI,INI,Iniö,Inio,19,60.4,21.4
FIJAN,FI,JAN,Janakkala,Janakkala,06,60.9,24.6
FIJOE,FI,JOE,Joensuu,Joensuu,13,62.6,29.766666666666666
FIJOU,FI,JOU,Joutseno,Joutseno,02,61.1,28.483333333333334
FIJUK,FI,JUK,Juuka,Juuka,13,63.233333333333334,29.25
FIJUS,FI,JUS,Jussaro,Jussaro,,59.81666666666667,23.566666666666666
FIJYV,FI,JYV,Jyväskylä,Jyvaskyla,08,62.25,25.733333333333334
FIKAN,FI,KAN,Kantlax (Kaitalahti),Kantlax (Kaitalahti),12,61.75,23.716666666666665
FIKAS,FI,KAS,Kaskinen (Kaskö),Kaskinen (Kasko),19,60.61666666666667,21.883333333333333
FIKAS,FI,KAS,Kaskö (Kaskinen),Kasko (Kaskinen),19,60.61666666666667,21.883333333333333
FIKEM,FI,KEM,Kemi/Torneå (Kemi/Tornio),Kemi/Tornea (Kemi/Tornio),10,65.73333333333333,24.566666666666666
FIKEM,FI,KEM,Kemi/Tornio (Kemi/Torneå),Kemi/Tornio (Kemi/Tornea),10,65.73333333333333,24.566666666666666
FIKES,FI,KES,Kesälahti,Kesalahti,13,61.88333333333333,29.833333333333332
FIKIM,FI,KIM,Kemiö (Kimito),Kemio (Kimito),19,60.166666666666664,22.75
FIKIM,FI,KIM,Kimito (Kemiö),Kimito (Kemio),19,60.166666666666664,22.75
FIKIR,FI,KIR,Kirkniemi,Kirkniemi,18,60.166666666666664,23.95
FIKJO,FI,KJO,Kalajoki,Kalajoki,14,64.25,23.95
FIKK5,FI,KK5,Kalliola,Kalliola,04,61.083333333333336,25.633333333333333
FIKKR,FI,KKR,Kökar,Kokar,01,59.93333333333333,20.883333333333333
FIKKV,FI,KKV,Koskenkorva,Koskenkorva,03,62.68333333333333,22.466666666666665
FIKLA,FI,KLA,Klamila,Klamila,09,60.516666666666666,27.466666666666665
FIKLV,FI,KLV,Kallviken,Kallviken,,60.36666666666667,26.45
FIKNT,FI,KNT,Kantvik,Kantvik,18,60.083333333333336,24.383333333333333
FIKOJ,FI,KOJ,Kojonkulma,Kojonkulma,19,60.95,22.983333333333334
FIKOK,FI,KOK,Karleby (Kokkola),Karleby (Kokkola),07,63.833333333333336,23.116666666666667
FIKOK,FI,KOK,Kokkola (Karleby),Kokkola (Karleby),07,63.833333333333336,23.116666666666667
FIKOR,FI,KOR,Korpo (Korppoo),Korpo (Korppoo),19,60.166666666666664,21.566666666666666
FIKOR,FI,KOR,Korppoo (Korpo),Korppoo (Korpo),19,60.166666666666664,21.566666666666666
FIKPL,FI,KPL,Kaipola,Kaipola,04,61.81666666666667,25.216666666666665
FIKRO,FI,KRO,Kronvik,Kronvik,12,63.06666666666667,21.516666666666666
FIKRS,FI,KRS,Kristiinankaupunki (Kristinestad),Kristiinankaupunki (Kristinestad),12,62.28333333333333,21.383333333333333
FIKRS,FI,KRS,Kristinestad (Kristiinankaupunki),Kristinestad (Kristiinankaupunki),12,62.28333333333333,21.383333333333333
FIKSN,FI,KSN,Kasnäs,Kasnas,19,59.916666666666664,22.4
FIKTK,FI,KTK,Kotka,Kotka,09,60.46666666666667,26.916666666666668
FIKTQ,FI,KTQ,Kitee,Kitee,13,62.1,30.116666666666667
FIKUM,FI,KUM,Kumlinge,Kumlinge,01,60.266666666666666,20.783333333333335
FIKUO,FI,KUO,Kuopio,Kuopio,15,62.88333333333333,27.683333333333334
FIKUR,FI,KUR,Kuru,Kuru,11,61.86666666666667,23.733333333333334
FIKVH,FI,KVH,Koverhaara (Koverhar),Koverhaara (Koverhar),18,59.86666666666667,23.216666666666665
FIKVH,FI,KVH,Koverhar (Koverhaara),Koverhar (Koverhaara),18,59.86666666666667,23.216666666666665
FILAK,FI,LAK,Lakulahti,Lakulahti,,60.516666666666666,27.166666666666668
FILAP,FI,LAP,Lappvik (Lappohja),Lappvik (Lappohja),18,59.9,23.25
FILAP,FI,LAP,Lappohja (Lappvik),Lappohja (Lappvik),18,59.9,23.25
FILHO,FI,LHO,Halosenlahti,Halosenlahti,,65.23333333333333,25.316666666666666
FILLO,FI,LLO,Lapaluoto,Lapaluoto,14,64.66666666666667,24.433333333333334
FILLX,FI,LLX,Lielax,Lielax,19,60.31666666666667,22.4
FILOV,FI,LOV,Loviisa (Lovisa),Loviisa (Lovisa),18,60.45,26.233333333333334
FILOV,FI,LOV,Lovisa (Loviisa),Lovisa (Loviisa),18,60.45,26.233333333333334
FILPJ,FI,LPJ,Lappajärvi,Lappajarvi,,63.2,23.633333333333333
FILPP,FI,LPP,Lappeenranta (Villmanstrand),Lappeenranta (Villmanstrand),02,61.05,28.183333333333334
FILPP,FI,LPP,Villmanstrand (Lappeenranta),Villmanstrand (Lappeenranta),02,61.05,28.183333333333334
FILSK,FI,LSK,Lindkoski,Lindkoski,18,60.63333333333333,26.266666666666666
FILUA,FI,LUA,Luumäki,Luumaki,02,60.916666666666664,27.666666666666668
FILUK,FI,LUK,Laukaa,Laukaa,08,62.416666666666664,25.95
FILUV,FI,LUV,Luvia,Luvia,17,61.35,21.616666666666667
FILVB,FI,LVB,Lövböle,Lovbole,19,60.15,22.55
FIMAA,FI,MAA,Maaninka,Maaninka,15,63.15,27.3
FIMER,FI,MER,Merikarvia (Sastmola),Merikarvia (Sastmola),17,61.85,21.5
FIMER,FI,MER,Sastmola (Merikarvia),Sastmola (Merikarvia),17,61.85,21.5
FIMHQ,FI,MHQ,Maarianhamina (Mariehamn),Maarianhamina (Mariehamn),01,60.1,19.95
FIMHQ,FI,MHQ,Mariehamn (Maarianhamina),Mariehamn (Maarianhamina),01,60.1,19.95
FIMIK,FI,MIK,Mikkeli (Sankt Michel),Mikkeli (Sankt Michel),04,61.68333333333333,27.266666666666666
FIMIK,FI,MIK,Sankt Michel (Mikkeli),Sankt Michel (Mikkeli),04,61.68333333333333,27.266666666666666
FIMRS,FI,MRS,Marsund,Marsund,01,60.2,19.7
FIMTY,FI,MTY,Mäntyluoto,Mantyluoto,17,61.583333333333336,21.483333333333334
FIMUL,FI,MUL,Multia,Multia,08,62.416666666666664,24.783333333333335
FIMUN,FI,MUN,Munsala,Munsala,12,63.483333333333334,22.333333333333332
FIMUS,FI,MUS,Mustola,Mustola,02,61.06666666666667,28.3
FINAU,FI,NAU,Nagu (Nauvo),Nagu (Nauvo),19,60.18333333333333,21.916666666666668
FINAU,FI,NAU,Nauvo (Nagu),Nauvo (Nagu),19,60.18333333333333,21.916666666666668
FINLI,FI,NLI,Naantali (Nådendal),Naantali (Nadendal),19,60.45,22.033333333333335
FINLI,FI,NLI,Nådendal (Naantali),Nadendal (Naantali),19,60.45,22.033333333333335
FINLS,FI,NLS,Nilsia,Nilsia,15,63.2,28.833333333333332
FINOU,FI,NOU,Nousiainen (Nousis),Nousiainen (Nousis),19,60.6,22.083333333333332
FINUR,FI,NUR,Nurmes,Nurmes,13,63.53333333333333,29.166666666666668
FIOLK,FI,OLK,Olkiluoto,Olkiluoto,17,61.233333333333334,21.483333333333334
FIOUL,FI,OUL,Oulu (Uleåborg),Oulu (Uleaborg),14,65.01666666666667,25.466666666666665
FIOUL,FI,OUL,Uleåborg (Oulu),Uleaborg (Oulu),14,65.01666666666667,25.466666666666665
FIPAA,FI,PAA,Parola,Parola,06,61.03333333333333,24.35
FIPAH,FI,PAH,Parhalahti,Parhalahti,14,64.48333333333333,24.333333333333332
FIPAR,FI,PAR,Parainen (Pargas),Parainen (Pargas),19,60.3,22.3
FIPAR,FI,PAR,Pargas (Parainen),Pargas (Parainen),19,60.3,22.3
FIPER,FI,PER,Pernaja (Pernå),Pernaja (Perna),18,60.45,26.05
FIPER,FI,PER,Pernå (Pernaja),Perna (Pernaja),18,60.45,26.05
FIPK9,FI,PK9,Piikkiö,Piikkio,19,60.43333333333333,22.516666666666666
FIPOH,FI,POH,Pohjankuru (Skuru),Pohjankuru (Skuru),18,60.11666666666667,23.55
FIPOH,FI,POH,Skuru (Pohjankuru),Skuru (Pohjankuru),18,60.11666666666667,23.55
FIPOR,FI,POR,Pori (Björneborg),Pori (Bjorneborg),17,61.483333333333334,21.8
FIPOR,FI,POR,Björneborg (Pori),Bjorneborg (Pori),17,61.483333333333334,21.8
FIPRK,FI,PRK,Parikkala,Parikkala,02,61.55,29.5
FIPRS,FI,PRS,Jakobstad (Pietarsaari),Jakobstad (Pietarsaari),12,63.68333333333333,22.783333333333335
FIPRS,FI,PRS,Pietarsaari (Jakobstad),Pietarsaari (Jakobstad),12,63.68333333333333,22.783333333333335
FIPRV,FI,PRV,Borgå (Porvoo),Borga (Porvoo),18,60.4,25.666666666666668
FIPRV,FI,PRV,Porvoo (Borgå),Porvoo (Borga),18,60.4,25.666666666666668
FIPSI,FI,PSI,Poitsila,Poitsila,09,60.55,27.166666666666668
FIPT2,FI,PT2,Pihtipudas,Pihtipudas,08,63.38333333333333,25.566666666666666
FIPUH,FI,PUH,Puhos,Puhos,13,62.1,29.916666666666668
FIRAA,FI,RAA,Brahestad (Raahe),Brahestad (Raahe),14,64.68333333333334,24.483333333333334
FIRAA,FI,RAA,Raahe (Brahestad),Raahe (Brahestad),14,64.68333333333334,24.483333333333334
FIRAU,FI,RAU,Raumo (Rauma),Raumo (Rauma),17,61.13333333333333,21.5
FIRAU,FI,RAU,Rauma (Raumo),Rauma (Raumo),17,61.13333333333333,21.5
FIREP,FI,REP,Reposaari,Reposaari,,61.61666666666667,21.45
FIRHU,FI,RHU,Rouhu,Rouhu,,60.53333333333333,21.666666666666668
FIRIS,FI,RIS,Ristiina,Ristiina,04,61.5,27.266666666666666
FIROY,FI,ROY,Röyttä,Roytta,,65.75,24.166666666666668
FIRTR,FI,RTR,Rautaruukki,Rautaruukki,14,64.65,24.416666666666668
FIRUI,FI,RUI,Ruovesi,Ruovesi,11,61.983333333333334,24.083333333333332
FIRUO,FI,RUO,Ruotsinpyhtää (Strömfors),Ruotsinpyhtaa (Stromfors),18,60.53333333333333,26.45
FIRUO,FI,RUO,Strömfors (Ruotsinpyhtää),Stromfors (Ruotsinpyhtaa),18,60.53333333333333,26.45
FIRVN,FI,RVN,Rovaniemi,Rovaniemi,10,66.5,25.716666666666665
FIRYM,FI,RYM,Rymättylä (Rimito),Rymattyla (Rimito),19,60.36666666666667,21.95
FIRYM,FI,RYM,Rimito (Rymättylä),Rimito (Rymattyla),19,60.36666666666667,21.95
FISAN,FI,SAN,Sandö (Santasaari),Sando (Santasaari),19,60.21666666666667,22.5
FISAR,FI,SAR,Finby (Särkisalo),Finby (Sarkisalo),18,60.1,22.933333333333334
FISBG,FI,SBG,Suomenlinna (Sveaborg),Suomenlinna (Sveaborg),18,60.13333333333333,24.983333333333334
FISBG,FI,SBG,Sveaborg (Suomenlinna),Sveaborg (Suomenlinna),18,60.13333333333333,24.983333333333334
FISII,FI,SII,Siilinjärvi,Siilinjarvi,15,63.083333333333336,27.666666666666668
FISIP,FI,SIP,Sibbo (Sipoo),Sibbo (Sipoo),18,60.36666666666667,25.266666666666666
FISIP,FI,SIP,Sipoo (Sibbo),Sipoo (Sibbo),18,60.36666666666667,25.266666666666666
FISKI,FI,SKI,Skinnarvik,Skinnarvik,19,60.13333333333333,22.466666666666665
FISKU,FI,SKU,Skutviken,Skutviken,,59.93333333333333,23.383333333333333
FISKV,FI,SKV,Sköldvik (Kilpilahti),Skoldvik (Kilpilahti),18,60.3,25.55
FISKV,FI,SKV,Kilpilahti (Sköldvik),Kilpilahti (Skoldvik),18,60.3,25.55
FISLY,FI,SLY,Siltakylä (Broby),Siltakyla (Broby),09,60.5,26.75
FISMA,FI,SMA,Summa,Summa,09,60.53333333333333,27.116666666666667
FISNA,FI,SNA,Snappertuna,Snappertuna,18,60.0,23.65
FISSI,FI,SSI,Särkisalmi,Sarkisalmi,02,61.6,29.483333333333334
FISUL,FI,SUL,Sunila,Sunila,09,60.483333333333334,26.95
FISVK,FI,SVK,Sulkava,Sulkava,18,60.75,25.2
FISVL,FI,SVL,Nyslott (Savonlinna),Nyslott (Savonlinna),04,61.86666666666667,28.9
FISVL,FI,SVL,Savonlinna (Nyslott),Savonlinna (Nyslott),04,61.86666666666667,28.9
FITAI,FI,TAI,Tammisaari (Ekenäs),Tammisaari (Ekenas),18,59.96666666666667,23.433333333333334
FITAI,FI,TAI,Ekenäs (Tammisaari),Ekenas (Tammisaari),18,59.96666666666667,23.433333333333334
FITES,FI,TES,Tessvär,Tessvar,19,60.05,22.9
FITHK,FI,THK,Tahkoluoto,Tahkoluoto,,61.63333333333333,21.416666666666668
FITJO,FI,TJO,Tessjö (Tesjoki),Tessjo (Tesjoki),18,60.46666666666667,26.316666666666666
FITKU,FI,TKU,Turku (Åbo),Turku (Abo),19,60.45,22.283333333333335
FITKU,FI,TKU,Åbo (Turku),Abo (Turku),19,60.45,22.283333333333335
FITMP,FI,TMP,Tammerfors (Tampere),Tammerfors (Tampere),17,61.5,23.75
FITMP,FI,TMP,Tampere (Tammerfors),Tampere (Tammerfors),17,61.5,23.75
FITOJ,FI,TOJ,Töjby,Tojby,12,62.65,21.166666666666668
FITOK,FI,TOK,Tolkis (Tolkkinen),Tolkis (Tolkkinen),18,60.333333333333336,25.583333333333332
FITOK,FI,TOK,Tolkkinen (Tolkis),Tolkkinen (Tolkis),18,60.333333333333336,25.583333333333332
FITOR,FI,TOR,Torneå (Tornio),Tornea (Tornio),10,65.85,24.183333333333334
FITOR,FI,TOR,Tornio (Torneå),Tornio (Tornea),10,65.85,24.183333333333334
FITOT,FI,TOT,Tottesund,Tottesund,12,63.233333333333334,22.05
FITSD,FI,TSD,Tervsund,Tervsund,,60.25,22.316666666666666
FITVA,FI,TVA,Tvärminne,Tvarminne,18,59.833333333333336,23.183333333333334
FITVS,FI,TVS,Taivassalo (Tövsala),Taivassalo (Tovsala),19,60.56666666666667,21.6
FITVS,FI,TVS,Tövsala (Taivassalo),Tovsala (Taivassalo),19,60.56666666666667,21.6
FIUIM,FI,UIM,Uimaharju,Uimaharju,13,62.9,30.233333333333334
FIUKI,FI,UKI,Nystad (Uusikaupunki),Nystad (Uusikaupunki),19,60.8,21.416666666666668
FIUKI,FI,UKI,Uusikaupunki (Nystad),Uusikaupunki (Nystad),19,60.8,21.416666666666668
FIUKP,FI,UKP,Nykarleby (Uusikaarlepyy),Nykarleby (Uusikaarlepyy),12,63.53333333333333,22.533333333333335
FIUKP,FI,UKP,Uusikaarlepyy (Nykarleby),Uusikaarlepyy (Nykarleby),12,63.53333333333333,22.533333333333335
FIULV,FI,ULV,Ulvila,Ulvila,17,61.43333333333333,21.883333333333333
FIUSK,FI,USK,Uskila,Uskila,11,61.233333333333334,24.25
FIVAA,FI,VAA,Vasa (Vaasa),Vasa (Vaasa),12,63.1,21.6
FIVAA,FI,VAA,Vaasa (Vasa),Vaasa (Vasa),12,63.1,21.6
FIVAR,FI,VAR,Vartsala,Vartsala,19,60.333333333333336,23.0
FIVAS,FI,VAS,Vestlax,Vestlax,19,60.083333333333336,22.766666666666666
FIVEI,FI,VEI,Veitsiluoto,Veitsiluoto,10,65.68333333333334,24.633333333333333
FIVEL,FI,VEL,Velkua,Velkua,19,60.46666666666667,21.666666666666668
FIVIR,FI,VIR,Varpuniemi (Kello),Varpuniemi (Kello),10,64.08333333333333,28.4
FIVJK,FI,VJK,Varjakka,Varjakka,14,64.9,25.133333333333333
FIVKT,FI,VKT,Vuoksen Terminal,Vuoksen Terminal,02,61.21666666666667,28.816666666666666
FIVRA,FI,VRA,Virrat (Virdois),Virrat (Virdois),11,62.233333333333334,23.75
FIVRK,FI,VRK,Varkaus,Varkaus,15,62.31666666666667,27.9
FIVSS,FI,VSS,Vuosaari (Nordsjö),Vuosaari (Nordsjo),18,60.21666666666667,25.183333333333334
FIVTF,FI,VTF,Västanfjärd,Vastanfjard,19,60.05,22.65
FIWAS,FI,WAS,Vasklot (Vaskiluoto),Vasklot (Vaskiluoto),12,63.1,21.566666666666666
FIYXP,FI,YXP,Yxpila,Yxpila,,63.833333333333336,23.033333333333335
FIZBQ,FI,ZBQ,Perttula,Perttula,18,60.45,24.7
FJDEN,FJ,DEN,Denarau,Denarau,11,-17.766666666666666,177.38333333333333
FJELL,FJ,ELL,Ellington Wharf,Ellington Wharf,,-17.35,178.21666666666667
FJLBS,FJ,LBS,Labasa,Labasa,07,-16.416666666666668,179.38333333333333
FJLTK,FJ,LTK,Lautoka,Lautoka,01,-17.616666666666667,177.45
FJMAL,FJ,MAL,Malau (Labasa),Malau (Labasa),,-16.366666666666667,179.38333333333333
FJMOM,FJ,MOM,Momi,Momi,,-17.916666666666668,177.28333333333333
FJNAM,FJ,NAM,Nambouwalu,Nambouwalu,,-16.983333333333334,178.7
FJSIN,FJ,SIN,Singatoka,Singatoka,,-18.166666666666668,177.51666666666668
FJSUV,FJ,SUV,Suva,Suva,12,-18.133333333333333,178.45
FJVAT,FJ,VAT,Vatia Wharf,Vatia Wharf,,-17.4,177.76666666666668
FJVUD,FJ,VUD,Vuda,Vuda,,-17.6,177.5
FJWAI,FJ,WAI,Wairiki,Wairiki,,-16.916666666666668,178.66666666666666
FMEAU,FM,EAU,Eauripik Atoll,Eauripik Atoll,YAP,6.7,143.06666666666666
FMGAF,FM,GAF,Gaferut Atoll,Gaferut Atoll,YAP,9.233333333333333,145.38333333333333
FMIFA,FM,IFA,Ifalik Atoll,Ifalik Atoll,YAP,7.233333333333333,144.45
FMLUK,FM,LUK,Lukunor Atoll,Lukunor Atoll,TRK,5.516666666666667,153.76666666666668
FMNGA,FM,NGA,Ngatik,Ngatik,PNI,5.8,157.26666666666668
FMPLW,FM,PLW,Puluwat,Puluwat,TRK,7.35,149.18333333333334
FMPUL,FM,PUL,Pulap Island,Pulap Island,TRK,7.583333333333333,149.41666666666666
FMSAT,FM,SAT,Satawal,Satawal,YAP,7.35,147.03333333333333
FMSOR,FM,SOR,Sorol Atoll,Sorol Atoll,YAP,8.133333333333333,140.38333333333333
FMWOL,FM,WOL,Woleai Atoll,Woleai Atoll,YAP,7.35,143.86666666666667
FOEDI,FO,EDI,Eidi,Eidi,,62.3,-7.083333333333333
FOHYV,FO,HYV,Hoyvik,Hoyvik,,62.03333333333333,-6.75
FOKOL,FO,KOL,Kollafjördur,Kollafjordur,,62.11666666666667,-6.883333333333333
FONLS,FO,NLS,Nólsoy,Nolsoy,,62.016666666666666,-6.666666666666667
FONSK,FO,NSK,Norÿskáli,Noryskali,,62.21666666666667,-7.0
FORVK,FO,RVK,Runavík,Runavik,,62.11666666666667,-6.716666666666667
FOSJO,FO,SJO,Sjovar havn,Sjovar havn,,62.1,-6.75
FOSKA,FO,SKA,Skáli,Skali,,62.15,-6.766666666666667
FOSRV,FO,SRV,Sorvágur,Sorvagur,,62.06666666666667,-7.3
FOSTR,FO,STR,Strendur,Strendur,,62.11666666666667,-6.75
FOSYN,FO,SYN,Streymnes,Streymnes,,62.2,-7.016666666666667
FOTHO,FO,THO,Thorshavn,Thorshavn,,62.016666666666666,-6.766666666666667
FOTOF,FO,TOF,Toftir,Toftir,,62.1,-6.733333333333333
FOTOR,FO,TOR,Tórshavn,Torshavn,,62.166666666666664,-65.0
FOTVO,FO,TVO,Tvoroyri,Tvoroyri,,61.55,-6.8
FOVAG,FO,VAG,Vágur,Vagur,,61.46666666666667,-6.816666666666666
FR33G,FR,33G,Plassac,Plassac,33,45.1,-0.65
FR3CG,FR,3CG,Bessan,Bessan,34,43.36666666666667,3.4166666666666665
FR43H,FR,43H,Olonzac,Olonzac,34,43.28333333333333,2.716666666666667
FR4MM,FR,4MM,Malestroit,Malestroit,56,47.81666666666667,-2.3833333333333333
FR4PS,FR,4PS,Plessé,Plesse,44,47.53333333333333,-1.8833333333333333
FR4S4,FR,4S4,Saint-André-de-la-Roche,Saint-Andre-de-la-Roche,06,43.733333333333334,7.283333333333333
FR4VA,FR,4VA,Villesèquelande,Villesequelande,11,43.233333333333334,2.2333333333333334
FR5EP,FR,5EP,Épervans,Epervans,71,46.75,4.9
FR5TB,FR,5TB,Saint-Trojan-les-Bains,Saint-Trojan-les-Bains,17,45.833333333333336,-1.2
FR69R,FR,69R,Chasselay,Chasselay,69,45.86666666666667,4.783333333333333
FR8AY,FR,8AY,Uzemain,Uzemain,88,48.083333333333336,6.35
FR8GT,FR,8GT,Guitalens-l'Albarède,Guitalens-l'Albarede,81,43.65,2.05
FR8LV,FR,8LV,Landunvez,Landunvez,29,48.53333333333333,-4.733333333333333
FR9AV,FR,9AV,Vadencourt,Vadencourt,02,49.93333333333333,3.5666666666666664
FR9DS,FR,9DS,Dieue-Sur-Meuse,Dieue-Sur-Meuse,55,49.06666666666667,5.416666666666667
FR9SS,FR,9SS,Ressons-le-Long,Ressons-le-Long,02,49.38333333333333,3.15
FRA84,FR,A84,Aubais,Aubais,30,43.75,0.15
FRA86,FR,A86,Achery,Achery,02,49.68333333333333,3.3833333333333333
FRAA2,FR,AA2,Asnelles,Asnelles,14,49.333333333333336,-0.5833333333333334
FRAAH,FR,AAH,Apach,Apach,57,49.45,6.366666666666666
FRAAI,FR,AAI,Bouliac,Bouliac,33,44.81666666666667,-0.5166666666666667
FRAAO,FR,AAO,Aramon,Aramon,30,43.9,4.666666666666667
FRABA,FR,ABA,Rabastens,Rabastens,81,43.81666666666667,1.7333333333333334
FRABB,FR,ABB,Abbeville,Abbeville,80,50.1,1.8333333333333335
FRAD5,FR,AD5,Tourouzelle,Tourouzelle,11,43.25,2.7333333333333334
FRADB,FR,ADB,Andernos-les-Bains,Andernos-les-Bains,33,44.733333333333334,-1.1
FRAEO,FR,AEO,Auvers-sur-Oise,Auvers-sur-Oise,95,49.06666666666667,2.183333333333333
FRAGF,FR,AGF,Agen,Agen,47,44.2,0.6166666666666667
FRAGK,FR,AGK,Le Cap-d'Agde,Le Cap-d'Agde,34,43.28333333333333,3.5166666666666666
FRAIQ,FR,AIQ,Audruicq,Audruicq,62,50.86666666666667,2.066666666666667
FRAJA,FR,AJA,Ajaccio,Ajaccio,2A,41.93333333333333,8.733333333333333
FRAJK,FR,AJK,Brasles,Brasles,02,49.05,3.4333333333333336
FRAJR,FR,AJR,Argeliers,Argeliers,11,43.3,2.9
FRAMI,FR,AMI,Amiens,Amiens,80,49.9,2.3
FRAMS,FR,AMS,Ambès,Ambes,33,45.0,-0.5333333333333333
FRANO,FR,ANO,Langon,Langon,33,44.55,-0.25
FRANT,FR,ANT,Antibes,Antibes,06,43.583333333333336,7.116666666666666
FRAO7,FR,AO7,Chardonnay,Chardonnay,71,46.5,4.866666666666667
FRAQS,FR,AQS,Asnières-sur-Seine,Asnieres-sur-Seine,92,48.916666666666664,2.283333333333333
FRAQX,FR,AQX,Redessan,Redessan,30,43.833333333333336,4.5
FRARC,FR,ARC,Arcachon,Arcachon,33,44.65,-1.1833333333333333
FRARD,FR,ARD,Ardres,Ardres,62,50.85,1.9833333333333334
FRARJ,FR,ARJ,Puyricard,Puyricard,13,43.833333333333336,5.416666666666667
FRARR,FR,ARR,Arras,Arras,62,50.28333333333333,2.783333333333333
FRAUD,FR,AUD,Audierne,Audierne,29,48.016666666666666,-4.566666666666666
FRAUF,FR,AUF,Auxerre,Auxerre,89,47.8,3.5666666666666664
FRAVN,FR,AVN,Avignon,Avignon,84,43.95,4.8
FRAWS,FR,AWS,Aiserey,Aiserey,21,47.166666666666664,5.166666666666667
FRAXY,FR,AXY,Argancy,Argancy,57,49.2,6.2
FRAYT,FR,AYT,Aytré,Aytre,17,46.13333333333333,-1.1
FRAYW,FR,AYW,Ay,Ay,51,49.05,4.0
FRB6P,FR,B6P,Beaumont-de-Pertuis,Beaumont-de-Pertuis,84,43.733333333333334,5.7
FRBAI,FR,BAI,Indre,Indre,44,47.2,-1.6666666666666665
FRBAS,FR,BAS,Bassens,Bassens,33,44.9,-0.5166666666666667
FRBAU,FR,BAU,Boucau,Boucau,64,43.516666666666666,-1.4833333333333334
FRBAV,FR,BAV,Bavilliers,Bavilliers,90,47.61666666666667,6.833333333333333
FRBAY,FR,BAY,Bayonne,Bayonne,64,43.5,-1.4833333333333334
FRBBB,FR,BBB,Val d'Oust,Val d'Oust,56,47.85,-2.45
FRBCA,FR,BCA,Beaucaire,Beaucaire,30,43.8,4.633333333333333
FRBCJ,FR,BCJ,Le Barcarès,Le Barcares,66,42.78333333333333,3.033333333333333
FRBCQ,FR,BCQ,Boissettes,Boissettes,77,48.516666666666666,2.6166666666666667
FRBDD,FR,BDD,Bidart,Bidart,64,43.43333333333333,-1.5666666666666667
FRBEP,FR,BEP,Brazey-en-Plaine,Brazey-en-Plaine,21,47.13333333333333,5.216666666666667
FRBES,FR,BES,Brest,Brest,29,48.4,-4.483333333333333
FRBET,FR,BET,Béthune,Bethune,62,50.53333333333333,2.6333333333333333
FRBEV,FR,BEV,Berville-sur-Mer,Berville-sur-Mer,27,49.43333333333333,0.36666666666666664
FRBFT,FR,BFT,Botans,Botans,90,47.6,6.85
FRBG2,FR,BG2,Saint-Bonnet-sur-Gironde,Saint-Bonnet-sur-Gironde,17,45.35,-0.6666666666666666
FRBG6,FR,BG6,Hiers-Brouage,Hiers-Brouage,17,45.85,-1.0666666666666667
FRBH4,FR,BH4,Bourcefranc-le-Chapus,Bourcefranc-le-Chapus,17,45.85,-1.15
FRBHC,FR,BHC,Bouchain,Bouchain,59,50.28333333333333,3.3166666666666664
FRBIA,FR,BIA,Bastia,Bastia,2B,42.7,9.45
FRBIQ,FR,BIQ,Biarritz,Biarritz,64,43.483333333333334,-1.55
FRBKD,FR,BKD,Roquefort-des-Corbières,Roquefort-des-Corbieres,11,42.983333333333334,2.95
FRBLD,FR,BLD,Bar-le-Duc,Bar-le-Duc,55,48.78333333333333,5.166666666666667
FRBLF,FR,BLF,Balaruc-les-Bains,Balaruc-les-Bains,34,43.45,3.6833333333333336
FRBM3,FR,BM3,La Beaumette,La Beaumette,06,44.15,6.9
FRBM7,FR,BM7,Bernières-sur-Mer,Bernieres-sur-Mer,14,49.333333333333336,-0.4166666666666667
FRBM8,FR,BM8,Bricqueville-sur-Mer,Bricqueville-sur-Mer,50,48.916666666666664,-1.5166666666666666
FRBMT,FR,BMT,Beaumont-sur-Oise,Beaumont-sur-Oise,95,49.13333333333333,2.3
FRBN2,FR,BN2,Binic,Binic,22,48.6,-2.8333333333333335
FRBN4,FR,BN4,Le Bonhomme,Le Bonhomme,85,46.96666666666667,-2.2333333333333334
FRBOD,FR,BOD,Bordeaux,Bordeaux,33,44.833333333333336,-0.5833333333333334
FRBOI,FR,BOI,Bouguenais,Bouguenais,44,47.18333333333333,-1.6166666666666667
FRBOL,FR,BOL,Boulogne-sur-Mer,Boulogne-sur-Mer,62,50.71666666666667,1.6166666666666667
FRBON,FR,BON,Bonifacio,Bonifacio,2A,41.38333333333333,9.166666666666666
FRBPS,FR,BPS,Blénod-lès-Pont-à-Mousson,Blenod-les-Pont-a-Mousson,54,48.88333333333333,6.05
FRBQA,FR,BQA,Bauvin,Bauvin,59,50.516666666666666,2.9
FRBQH,FR,BQH,La Bussière-sur-Ouche,La Bussiere-sur-Ouche,21,47.21666666666667,4.716666666666667
FRBQT,FR,BQT,Brebotte,Brebotte,90,47.583333333333336,6.966666666666667
FRBR5,FR,BR5,La Barbotière,La Barbotiere,33,44.63333333333333,-1.0666666666666667
FRBRQ,FR,BRQ,Brebières,Brebieres,62,50.333333333333336,3.0166666666666666
FRBSC,FR,BSC,Bonsecours,Bonsecours,76,49.43333333333333,1.1333333333333333
FRBSM,FR,BSM,Bonneuil-sur-Marne,Bonneuil-sur-Marne,94,48.766666666666666,2.4833333333333334
FRBSN,FR,BSN,Besançon,Besancon,25,47.25,6.033333333333333
FRBTU,FR,BTU,Betton,Betton,35,48.166666666666664,-1.6333333333333333
FRBXO,FR,BXO,Bollène,Bollene,84,44.28333333333333,4.733333333333333
FRBYE,FR,BYE,Blaye,Blaye,33,45.13333333333333,-0.6666666666666666
FRC26,FR,C26,Chanos-Curson,Chanos-Curson,26,45.06666666666667,4.916666666666667
FRC2H,FR,C2H,Chausey,Chausey,50,48.833333333333336,-1.6
FRC2P,FR,C2P,Capo Pertusato,Capo Pertusato,2A,41.36666666666667,9.183333333333334
FRCA2,FR,CA2,Cuxac-d'Aude,Cuxac-d'Aude,11,43.25,3.0
FRCAW,FR,CAW,Cabourg,Cabourg,14,49.28333333333333,-0.11666666666666667
FRCBT,FR,CBT,Capbreton,Capbreton,40,43.63333333333333,-1.4333333333333333
FRCC4,FR,CC4,Chassey-le-Camp,Chassey-le-Camp,71,46.88333333333333,4.7
FRCCK,FR,CCK,Cantois,Cantois,33,44.7,-0.23333333333333334
FRCCN,FR,CCN,Cérons,Cerons,33,44.63333333333333,-0.3333333333333333
FRCCP,FR,CCP,Cubzac-les-Ponts,Cubzac-les-Ponts,33,44.96666666666667,-0.45
FRCDH,FR,CDH,Castets-en-Dorthe,Castets-en-Dorthe,33,44.55,-0.15
FRCDX,FR,CDX,Capendu,Capendu,11,43.18333333333333,2.55
FRCEQ,FR,CEQ,Cannes,Cannes,06,43.55,7.016666666666667
FRCER,FR,CER,Cherbourg-en-Cotentin,Cherbourg-en-Cotentin,50,49.63333333333333,-1.6166666666666667
FRCFG,FR,CFG,Châteauneuf-le-Rouge,Chateauneuf-le-Rouge,13,43.483333333333334,5.566666666666666
FRCFR,FR,CFR,Caen,Caen,14,49.18333333333333,-0.36666666666666664
FRCGF,FR,CGF,Le Sourn,Le Sourn,56,48.05,-2.9833333333333334
FRCHM,FR,CHM,Charleville-Mézières,Charleville-Mezieres,08,49.766666666666666,4.716666666666667
FRCIJ,FR,CIJ,Le Cailar,Le Cailar,30,43.666666666666664,4.233333333333333
FRCJO,FR,CJO,Cepoy,Cepoy,45,48.05,2.716666666666667
FRCKT,FR,CKT,Cruet,Cruet,73,45.516666666666666,6.083333333333333
FRCKY,FR,CKY,Cancale,Cancale,35,48.68333333333333,-1.85
FRCL2,FR,CL2,La Cerlangue,La Cerlangue,76,49.5,0.4166666666666667
FRCLY,FR,CLY,Calvi,Calvi,2B,42.56666666666667,8.75
FRCM4,FR,CM4,Charly-sur-Marne,Charly-sur-Marne,02,48.96666666666667,3.283333333333333
FRCMC,FR,CMC,Chamblanc,Chamblanc,21,47.016666666666666,5.15
FRCMP,FR,CMP,Compiègne,Compiegne,60,49.416666666666664,2.8166666666666664
FRCMR,FR,CMR,Colmar,Colmar,68,48.083333333333336,7.35
FRCMT,FR,CMT,Chaumont,Chaumont,52,48.11666666666667,5.133333333333334
FRCN5,FR,CN5,Centuri,Centuri,2B,42.95,9.35
FRCN6,FR,CN6,Le Controis-en-Sologne,Le Controis-en-Sologne,41,47.416666666666664,1.45
FRCNG,FR,CNG,Cognac,Cognac,16,45.7,-0.3333333333333333
FRCOC,FR,COC,Concarneau,Concarneau,29,47.88333333333333,-3.9166666666666665
FRCOZ,FR,COZ,Caronte,Caronte,13,43.4,5.016666666666667
FRCP3,FR,CP3,Capinghem,Capinghem,59,50.65,2.966666666666667
FRCQ4,FR,CQ4,Locmariaquer,Locmariaquer,56,47.56666666666667,-2.95
FRCQD,FR,CQD,Cendrecourt,Cendrecourt,70,47.85,5.933333333333334
FRCQF,FR,CQF,Calais,Calais,62,50.95,1.85
FRCQG,FR,CQG,Caumont-sur-Garonne,Caumont-sur-Garonne,47,44.45,0.2
FRCQN,FR,CQN,Château-Landon,Chateau-Landon,77,48.15,2.7
FRCQQ,FR,CQQ,Caplong,Caplong,33,44.78333333333333,0.13333333333333333
FRCQR,FR,CQR,Cruscades,Cruscades,11,43.18333333333333,2.8166666666666664
FRCR4,FR,CR4,Créancey,Creancey,21,47.25,4.6
FRCRL,FR,CRL,Creil,Creil,60,49.25,2.4833333333333334
FRCS2,FR,CS2,La Chapelle-Saint-Sauveur,La Chapelle-Saint-Sauveur,71,46.833333333333336,5.266666666666667
FRCS5,FR,CS5,Chenac-Saint-Seurin-d'Uzet,Chenac-Saint-Seurin-d'Uzet,17,45.516666666666666,-0.8333333333333334
FRCSD,FR,CSD,Crêches-sur-Saône,Creches-sur-Saone,71,46.25,4.783333333333333
FRCSM,FR,CSM,Châlons-en-Champagne,Chalons-en-Champagne,51,48.95,4.366666666666666
FRCSS,FR,CSS,Chalon-sur-Saône,Chalon-sur-Saone,71,46.78333333333333,4.85
FRCT2,FR,CT2,Coustellet,Coustellet,84,43.88333333333333,5.183333333333334
FRCT4,FR,CT4,Chaillevette,Chaillevette,17,45.733333333333334,-1.05
FRCXA,FR,CXA,Chatillon-Saint-Jean,Chatillon-Saint-Jean,26,45.083333333333336,5.133333333333334
FRCXS,FR,CXS,Châtillon-sur-Loire,Chatillon-sur-Loire,45,47.583333333333336,2.75
FRCXY,FR,CXY,Cordemais,Cordemais,44,47.28333333333333,-1.8833333333333333
FRCYI,FR,CYI,Chamilly,Chamilly,71,46.86666666666667,4.683333333333334
FRDAD,FR,DAD,Saint-Martin-d'Ardèche,Saint-Martin-d'Ardeche,07,44.3,4.566666666666666
FRDAL,FR,DAL,Dallon,Dallon,02,49.81666666666667,3.2333333333333334
FRDAS,FR,DAS,Saint-Martin-d'Ablois,Saint-Martin-d'Ablois,51,49.0,3.8666666666666667
FRDBE,FR,DBE,Bénodet,Benodet,29,47.86666666666667,-4.1
FRDC2,FR,DC2,Cheminas,Cheminas,07,45.11666666666667,4.75
FRDCG,FR,DCG,Saint-Cast-le-Guildo,Saint-Cast-le-Guildo,22,48.6,-2.25
FRDCJ,FR,DCJ,Saint-Christoly-Médoc,Saint-Christoly-Medoc,33,45.35,-0.8333333333333334
FRDDR,FR,DDR,Deyme,Deyme,31,43.483333333333334,1.5333333333333332
FRDEI,FR,DEI,Denneville,Denneville,50,49.31666666666667,-1.65
FRDEN,FR,DEN,Denain,Denain,59,50.31666666666667,3.4
FRDGD,FR,DGD,Damgan,Damgan,56,47.516666666666666,-2.5833333333333335
FRDIJ,FR,DIJ,Dijon,Dijon,21,47.31666666666667,5.05
FRDKK,FR,DKK,Dunkerque,Dunkerque,59,51.03333333333333,2.3833333333333333
FRDLJ,FR,DLJ,L'Île-d'Olonne,L'Ile-d'Olonne,85,46.56666666666667,-1.7833333333333332
FRDML,FR,DML,Dom-le-Mesnil,Dom-le-Mesnil,08,49.68333333333333,4.8
FRDMS,FR,DMS,Dormans,Dormans,51,49.06666666666667,3.6333333333333333
FRDMV,FR,DMV,Demangevelle,Demangevelle,71,47.93333333333333,6.033333333333333
FRDNJ,FR,DNJ,Dions,Dions,84,43.833333333333336,4.316666666666666
FRDNZ,FR,DNZ,Billy-le-Grand,Billy-le-Grand,51,49.1,4.233333333333333
FRDOL,FR,DOL,Deauville,Deauville,14,49.36666666666667,0.06666666666666667
FRDON,FR,DON,Donges,Donges,44,47.3,-2.066666666666667
FRDPE,FR,DPE,Dieppe,Dieppe,76,49.916666666666664,1.0833333333333333
FRDRZ,FR,DRZ,Douarnenez,Douarnenez,29,48.1,-4.333333333333333
FRDUT,FR,DUT,Lanildut,Lanildut,29,48.483333333333334,-4.75
FRDVT,FR,DVT,Darvault,Darvault,77,48.266666666666666,2.7333333333333334
FRDXG,FR,DXG,Le Lion-d'Angers,Le Lion-d'Angers,49,47.63333333333333,-0.7166666666666667
FRDXZ,FR,DXZ,Pupillin,Pupillin,39,46.88333333333333,5.766666666666667
FRDYJ,FR,DYJ,Moidrey,Moidrey,50,48.56666666666667,-1.5
FRE29,FR,E29,Etel,Etel,56,47.65,-3.2
FRE7M,FR,E7M,Le Martelet,Le Martelet,71,46.3,4.7
FRECI,FR,ECI,Écuelles,Ecuelles,77,48.35,2.8166666666666664
FREDU,FR,EDU,Dieulouard,Dieulouard,54,48.85,6.066666666666666
FREEX,FR,EEX,Vereux,Vereux,70,47.516666666666666,5.633333333333333
FREFG,FR,EFG,Bonnelles,Bonnelles,78,48.61666666666667,2.033333333333333
FREFR,FR,EFR,Châteauneuf-de-Gadagne,Chateauneuf-de-Gadagne,84,43.93333333333333,4.933333333333334
FREG5,FR,EG5,Vallabrègues,Vallabregues,30,43.85,4.633333333333333
FREGE,FR,EGE,Labège,Labege,31,43.53333333333333,1.5333333333333332
FREGG,FR,EGG,Épagne-Épagnette,Epagne-Epagnette,80,50.06666666666667,1.8666666666666667
FREGR,FR,EGR,Segré,Segre,49,47.68333333333333,-0.8666666666666667
FREHA,FR,EHA,Bréhan,Brehan,56,48.06666666666667,-2.6833333333333336
FREHN,FR,EHN,Le Chesne,Le Chesne,08,49.516666666666666,4.766666666666667
FREHU,FR,EHU,Ercheu,Ercheu,80,49.71666666666667,2.95
FREHY,FR,EHY,Brethenay,Brethenay,52,48.15,5.116666666666666
FREIO,FR,EIO,Étiolles,Etiolles,91,48.63333333333333,2.466666666666667
FREM2,FR,EM2,Essômes-sur-Marne,Essomes-sur-Marne,02,49.016666666666666,3.3666666666666667
FREMR,FR,EMR,Porquerolles,Porquerolles,83,43.0,6.2
FRENC,FR,ENC,Nancy,Nancy,54,48.7,6.183333333333334
FREP5,FR,EP5,Épineuil,Epineuil,89,47.86666666666667,3.9833333333333334
FREQN,FR,EQN,Le Quesne,Le Quesne,56,47.28333333333333,-2.5
FRER4,FR,ER4,Érôme,Erome,26,45.11666666666667,4.816666666666666
FRER5,FR,ER5,Cers,Cers,34,43.31666666666667,3.3
FRESB,FR,ESB,Esbly,Esbly,77,48.9,2.8166666666666664
FRESM,FR,ESM,Étalondes,Etalondes,76,50.03333333333333,1.3833333333333333
FRET2,FR,ET2,Etretat,Etretat,76,49.7,0.2
FRETA,FR,ETA,Étalans,Etalans,25,47.15,6.266666666666667
FRETB,FR,ETB,Berre-l'Étang,Berre-l'Etang,13,43.46666666666667,5.166666666666667
FREUI,FR,EUI,Lérouville,Lerouville,55,48.78333333333333,5.533333333333333
FREVD,FR,EVD,Pléneuf-Val-André,Pleneuf-Val-Andre,22,48.6,-2.55
FREVR,FR,EVR,Évry,Evry,91,48.61666666666667,2.4333333333333336
FREXS,FR,EXS,Estaires,Estaires,59,50.63333333333333,2.716666666666667
FREYZ,FR,EYZ,Eyrein,Eyrein,19,45.333333333333336,1.95
FREZX,FR,EZX,Comps,Comps,33,45.06666666666667,-0.6
FRF29,FR,F29,Pont-Aven,Pont-Aven,29,47.85,-3.75
FRF2V,FR,F2V,Fermanville,Fermanville,50,49.68333333333333,-1.45
FRF3M,FR,F3M,Fresnes-sur-Marne,Fresnes-sur-Marne,77,48.93333333333333,2.7333333333333334
FRFA3,FR,FA3,Francueil,Francueil,37,47.31666666666667,1.0833333333333333
FRFAU,FR,FAU,Fresnes-sur-Escaut,Fresnes-sur-Escaut,59,50.43333333333333,3.5833333333333335
FRFAX,FR,FAX,Boncourt-le-Bois,Boncourt-le-Bois,21,47.13333333333333,5.0
FRFBH,FR,FBH,Monfaucon,Monfaucon,24,44.916666666666664,0.25
FRFBI,FR,FBI,Fougères-sur-Bièvre,Fougeres-sur-Bievre,41,47.45,1.35
FRFBL,FR,FBL,Fublaines,Fublaines,77,48.93333333333333,2.9333333333333336
FRFDR,FR,FDR,Fraissé-des-Corbières,Fraisse-des-Corbieres,11,42.96666666666667,2.8666666666666667
FRFEC,FR,FEC,Fécamp,Fecamp,76,49.75,0.38333333333333336
FRFEY,FR,FEY,Feyzin,Feyzin,69,45.666666666666664,4.866666666666667
FRFIE,FR,FIE,Fontafie,Fontafie,16,45.86666666666667,0.5333333333333333
FRFMA,FR,FMA,Fumay,Fumay,08,49.96666666666667,4.683333333333334
FRFNS,FR,FNS,Flins,Flins,78,48.96666666666667,1.8666666666666667
FRFOP,FR,FOP,Fontaine-le-Port,Fontaine-le-Port,77,48.483333333333334,2.7666666666666666
FRFOS,FR,FOS,Fos-sur-Mer,Fos-sur-Mer,13,43.43333333333333,4.933333333333334
FRFS4,FR,FS4,Saint-Pair-sur-Mer,Saint-Pair-sur-Mer,50,48.81666666666667,-1.5666666666666667
FRFTB,FR,FTB,Fort-Batard,Fort-Batard,62,50.9,2.0
FRFTJ,FR,FTJ,Les Fougerêts,Les Fougerets,56,47.733333333333334,-2.216666666666667
FRFUL,FR,FUL,Feuillères,Feuilleres,80,49.95,2.8333333333333335
FRFUS,FR,FUS,Fouesnant,Fouesnant,29,47.9,-4.016666666666667
FRG2X,FR,G2X,Groix,Groix,56,47.63333333333333,-3.466666666666667
FRG33,FR,G33,La Rivière,La Riviere,33,44.93333333333333,-0.31666666666666665
FRG63,FR,G63,Pérignat-lès-Sarliève,Perignat-les-Sarlieve,63,45.733333333333334,3.1333333333333333
FRG8R,FR,G8R,Chusclan,Chusclan,30,44.15,4.683333333333334
FRG8V,FR,G8V,Glaire-et-Villette,Glaire-et-Villette,08,49.71666666666667,4.916666666666667
FRGAO,FR,GAO,Gigny-sur-Saône,Gigny-sur-Saone,71,46.666666666666664,4.916666666666667
FRGB2,FR,GB2,Guéthary,Guethary,64,43.416666666666664,-1.6
FRGBQ,FR,GBQ,Guarbecque,Guarbecque,62,50.61666666666667,2.4833333333333334
FRGCH,FR,GCH,Guichen,Guichen,35,47.96666666666667,-1.7833333333333332
FRGCP,FR,GCP,Grandcamp-Maisy,Grandcamp-Maisy,14,49.38333333333333,0.9666666666666667
FRGDM,FR,GDM,La Grande-Motte,La Grande-Motte,34,43.56666666666667,4.083333333333333
FRGDS,FR,GDS,Grande-Synthe,Grande-Synthe,59,51.0,2.283333333333333
FRGEW,FR,GEW,Gueberschwihr,Gueberschwihr,68,48.0,7.283333333333333
FRGFR,FR,GFR,Granville,Granville,50,48.833333333333336,-1.5833333333333335
FRGFV,FR,GFV,Lavigny,Lavigny,39,46.71666666666667,5.6
FRGHD,FR,GHD,Geudertheim,Geudertheim,67,48.71666666666667,7.75
FRGHG,FR,GHG,La Hague,La Hague,50,49.65,-1.8166666666666667
FRGHT,FR,GHT,Scharrachbergheim,Scharrachbergheim,67,48.6,7.483333333333333
FRGJN,FR,GJN,Mutigny,Mutigny,51,49.06666666666667,4.016666666666667
FRGLA,FR,GLA,Les Angles,Les Angles,30,43.96666666666667,4.766666666666667
FRGLO,FR,GLO,Gonfreville-l'Orcher,Gonfreville-l'Orcher,76,49.5,0.23333333333333334
FRGMS,FR,GMS,Gujan-Mestras,Gujan-Mestras,33,44.63333333333333,-1.0666666666666667
FRGNY,FR,GNY,Grigny,Grigny,91,48.65,2.3833333333333333
FRGON,FR,GON,Saint-Géréon,Saint-Gereon,44,47.36666666666667,-1.2
FRGPI,FR,GPI,Saint-Léger-le-Petit,Saint-Leger-le-Petit,18,47.11666666666667,3.0
FRGPO,FR,GPO,Grand-Fort-Philippe,Grand-Fort-Philippe,59,51.0,2.1
FRGRV,FR,GRV,Gravelines,Gravelines,59,50.983333333333334,2.1333333333333333
FRGSU,FR,GSU,Morsang-sur-Seine,Morsang-sur-Seine,91,48.56666666666667,2.5
FRGT3,FR,GT3,Louailles,Louailles,72,47.8,-0.25
FRGTN,FR,GTN,Genets,Genets,50,48.68333333333333,-1.4833333333333334
FRGUR,FR,GUR,Gauriac,Gauriac,33,45.06666666666667,-0.6166666666666667
FRGUZ,FR,GUZ,Bouzigues,Bouzigues,34,43.45,3.65
FRGV6,FR,GV6,Gravette,Gravette,44,47.13333333333333,-2.1666666666666665
FRGVL,FR,GVL,Gennevilliers,Gennevilliers,92,48.93333333333333,2.3
FRGXE,FR,GXE,Guenrouet,Guenrouet,44,47.516666666666666,-1.9666666666666668
FRGXY,FR,GXY,Gergy,Gergy,71,46.88333333333333,4.95
FRH57,FR,H57,Hartzviller,Hartzviller,57,48.666666666666664,7.083333333333333
FRH67,FR,H67,Hohwarth,Hohwarth,67,48.333333333333336,7.35
FRHAO,FR,HAO,Chaumousey,Chaumousey,88,48.166666666666664,6.333333333333333
FRHBV,FR,HBV,Heudebouville,Heudebouville,27,49.2,1.25
FRHDO,FR,HDO,Hoedic,Hoedic,56,47.333333333333336,-2.8833333333333333
FRHEJ,FR,HEJ,Puyguilhem,Puyguilhem,24,44.733333333333334,0.35
FRHET,FR,HET,Hennebont,Hennebont,56,47.8,-3.283333333333333
FRHEY,FR,HEY,Chessy,Chessy,77,48.88333333333333,2.7666666666666666
FRHIY,FR,HIY,Chierry,Chierry,02,49.03333333333333,3.4333333333333336
FRHJK,FR,HJK,Bonnencontre,Bonnencontre,21,47.083333333333336,5.15
FRHMX,FR,HMX,Île-de-Batz,Ile-de-Batz,29,48.75,3.9833333333333334
FRHOG,FR,HOG,Hombourg,Hombourg,68,47.766666666666666,7.5
FRHON,FR,HON,Honfleur,Honfleur,14,49.416666666666664,0.23333333333333334
FRHOP,FR,HOP,Hopital-Camfrout,Hopital-Camfrout,29,48.333333333333336,-4.233333333333333
FRHOT,FR,HOT,Île-d'Houat,Ile-d'Houat,56,47.38333333333333,1.05
FRHPY,FR,HPY,Chipilly,Chipilly,80,49.916666666666664,2.65
FRHRA,FR,HRA,Soing-Cubry-Charentenay,Soing-Cubry-Charentenay,70,47.583333333333336,5.883333333333333
FRHRF,FR,HRF,Harfleur,Harfleur,76,49.5,0.2
FRHRN,FR,HRN,Harnes,Harnes,62,50.45,2.9
FRHS2,FR,HS2,Haisnes,Haisnes,62,50.516666666666666,2.8
FRHSA,FR,HSA,Hauteville-sur-Mer,Hauteville-sur-Mer,50,48.983333333333334,-1.5333333333333332
FRHSG,FR,HSG,Hossegor,Hossegor,40,43.666666666666664,-1.4333333333333333
FRHSN,FR,HSN,Le Theil-sur-Huisne,Le Theil-sur-Huisne,61,48.266666666666666,0.7
FRHTI,FR,HTI,Taden,Taden,22,48.483333333333334,-2.0166666666666666
FRHUN,FR,HUN,Huningue,Huningue,68,47.6,7.583333333333333
FRHV2,FR,HV2,Hautvillers,Hautvillers,51,49.083333333333336,3.95
FRHY9,FR,HY9,Cheny,Cheny,89,47.95,3.533333333333333
FRHYD,FR,HYD,Bligny,Bligny,10,48.166666666666664,4.616666666666667
FRHYJ,FR,HYJ,Prinquiau,Prinquiau,44,47.36666666666667,-2.0166666666666666
FRHYR,FR,HYR,Hyères,Hyeres,83,43.11666666666667,6.116666666666666
FRHZK,FR,HZK,Crestet,Crestet,84,44.21666666666667,5.1
FRIAV,FR,IAV,Saint-Savinien,Saint-Savinien,17,45.88333333333333,-0.6833333333333333
FRIBA,FR,IBA,La Vôge-les-Bains,La Voge-les-Bains,88,48.0,6.266666666666667
FRIDX,FR,IDX,Ile-d'Aix,Ile-d'Aix,17,46.016666666666666,-1.1833333333333333
FRIDY,FR,IDY,L'Île-d'Yeu,L'Ile-d'Yeu,85,46.71666666666667,-2.35
FRIEC,FR,IEC,Riec-sur-Bélon,Riec-sur-Belon,29,47.833333333333336,-3.7
FRIGS,FR,IGS,Ingrandes,Ingrandes,49,47.4,-0.9166666666666666
FRIHR,FR,IHR,Île-de-Bréhat,Ile-de-Brehat,22,48.85,1.0
FRIHS,FR,IHS,Biaches,Biaches,80,49.916666666666664,2.9166666666666665
FRIHT,FR,IHT,Richemont,Richemont,57,49.28333333333333,6.166666666666667
FRILR,FR,ILR,L'Île-Rousse,L'Ile-Rousse,2B,42.63333333333333,8.933333333333334
FRILS,FR,ILS,Morainvilliers,Morainvilliers,78,48.93333333333333,1.9333333333333333
FRIOU,FR,IOU,Issou,Issou,78,48.983333333333334,1.8
FRIRT,FR,IRT,Bissert,Bissert,67,48.93333333333333,7.033333333333333
FRIS4,FR,IS4,Île-de-Sein,Ile-de-Sein,29,48.03333333333333,-4.85
FRISG,FR,ISG,Isle-Saint-Georges,Isle-Saint-Georges,33,44.71666666666667,-0.48333333333333334
FRISM,FR,ISM,Isigny-sur-Mer,Isigny-sur-Mer,14,49.3,-1.1
FRIUS,FR,IUS,Les Trois Lacs,Les Trois Lacs,27,49.233333333333334,1.3333333333333333
FRIXY,FR,IXY,Igney,Igney,88,48.266666666666666,6.4
FRIY8,FR,IY8,Chauffour,Chauffour,71,48.333333333333336,0.0
FRIZO,FR,IZO,Izon,Izon,33,44.916666666666664,-0.36666666666666664
FRJAV,FR,JAV,Javrezac,Javrezac,16,45.7,-0.35
FRJFM,FR,JFM,Ondes,Ondes,31,43.78333333333333,1.3
FRJKI,FR,JKI,Hordain,Hordain,59,50.266666666666666,3.3166666666666664
FRJLP,FR,JLP,Juan-les-Pins,Juan-les-Pins,06,43.56666666666667,7.1
FRJMQ,FR,JMQ,Combertault,Combertault,21,47.0,4.9
FRJPL,FR,JPL,Virey,Virey,71,46.833333333333336,4.866666666666667
FRJUU,FR,JUU,Jouarre,Jouarre,77,48.93333333333333,3.1333333333333333
FRJYS,FR,JYS,La Penne-sur-Ouveze,La Penne-sur-Ouveze,26,44.25,5.216666666666667
FRKAQ,FR,KAQ,Saint-Julien-de-Chédon,Saint-Julien-de-Chedon,41,47.3,-1.2
FRKLO,FR,KLO,Ponte Leccia,Ponte Leccia,2B,42.46666666666667,9.2
FRKLU,FR,KLU,Muides-sur-Loire,Muides-sur-Loire,41,47.666666666666664,1.5333333333333332
FRKLY,FR,KLY,Cruzy,Cruzy,34,43.35,2.95
FRKRE,FR,KRE,Kerlouan,Kerlouan,29,48.65,-4.366666666666666
FRKRZ,FR,KRZ,Reigny,Reigny,18,47.3,2.75
FRL49,FR,L49,Liré,Lire,49,47.35,-1.1666666666666667
FRL5T,FR,L5T,Lignières-de-Touraine,Lignieres-de-Touraine,37,47.3,0.4166666666666667
FRL83,FR,L83,La Moutonne,La Moutonne,83,43.11666666666667,6.066666666666666
FRLA4,FR,LA4,Lauris,Lauris,84,43.75,5.316666666666666
FRLA5,FR,LA5,Lauraguel,Lauraguel,11,43.1,2.1666666666666665
FRLAD,FR,LAD,l'Ardoise,l'Ardoise,30,44.1,4.7
FRLAI,FR,LAI,Lannion,Lannion,22,48.733333333333334,-3.45
FRLAV,FR,LAV,Lavéra,Lavera,13,43.38333333333333,5.033333333333333
FRLBD,FR,LBD,La Bassée,La Bassee,59,50.53333333333333,2.8
FRLCR,FR,LCR,Le Creusot,Le Creusot,71,46.8,4.433333333333334
FRLCT,FR,LCT,La Ciotat,La Ciotat,13,43.18333333333333,5.6
FRLD2,FR,LD2,Logonna-Daoulas,Logonna-Daoulas,29,48.31666666666667,-4.3
FRLDN,FR,LDN,Landerneau,Landerneau,29,48.45,-4.25
FRLEH,FR,LEH,Le Havre,Le Havre,76,49.5,0.1
FRLEZ,FR,LEZ,Lézardrieux,Lezardrieux,22,48.78333333333333,-3.1
FRLF2,FR,LF2,Lège-Cap-Ferret,Lege-Cap-Ferret,33,44.8,-1.15
FRLFR,FR,LFR,Le Fret,Le Fret,29,48.28333333333333,-4.516666666666667
FRLGM,FR,LGM,Lagny-sur-Marne,Lagny-sur-Marne,77,48.86666666666667,2.716666666666667
FRLGQ,FR,LGQ,Le Grand-Quevilly,Le Grand-Quevilly,76,49.416666666666664,1.0333333333333334
FRLGR,FR,LGR,Le Grau-du-Roi,Le Grau-du-Roi,30,43.53333333333333,4.133333333333334
FRLGU,FR,LGU,le Guildo,le Guildo,22,48.56666666666667,-2.216666666666667
FRLIB,FR,LIB,Libourne,Libourne,33,44.916666666666664,-0.25
FRLIO,FR,LIO,Lyon,Lyon,69,45.766666666666666,4.833333333333333
FRLIS,FR,LIS,L'Isle-sur-la-Sorgue,L'Isle-sur-la-Sorgue,84,43.916666666666664,5.05
FRLJG,FR,LJG,Illange,Illange,57,49.333333333333336,6.183333333333334
FRLKJ,FR,LKJ,Campouriez,Campouriez,12,44.68333333333333,2.6166666666666667
FRLKL,FR,LKL,Lesconil,Lesconil,29,47.8,-4.216666666666667
FRLKZ,FR,LKZ,Concoeur-et-Corboin,Concoeur-et-Corboin,21,47.166666666666664,4.916666666666667
FRLLE,FR,LLE,Lille,Lille,59,50.63333333333333,3.066666666666667
FRLLW,FR,LLW,Villevallier,Villevallier,89,48.016666666666666,3.3166666666666664
FRLMD,FR,LMD,la Mède,la Mede,13,43.4,5.116666666666666
FRLMW,FR,LMW,La Maxe,La Maxe,57,49.166666666666664,6.183333333333334
FRLMY,FR,LMY,Limay,Limay,78,48.983333333333334,1.7333333333333334
FRLMZ,FR,LMZ,Limetz-Villez,Limetz-Villez,78,49.06666666666667,1.55
FRLN3,FR,LN3,Landéda,Landeda,29,48.583333333333336,-4.566666666666666
FRLN8,FR,LN8,Landevennec,Landevennec,29,48.3,-4.266666666666667
FRLO6,FR,LO6,Lanmodez,Lanmodez,22,48.85,-3.1
FRLO7,FR,LO7,Loché,Loche,71,46.28333333333333,4.766666666666667
FRLO9,FR,LO9,Chorey-les-Beaune,Chorey-les-Beaune,21,47.05,4.866666666666667
FRLOA,FR,LOA,Longueau,Longueau,80,49.86666666666667,2.35
FRLOC,FR,LOC,Loctudy,Loctudy,29,47.833333333333336,-4.166666666666667
FRLOW,FR,LOW,Loisy,Loisy,71,46.583333333333336,5.033333333333333
FRLP7,FR,LP7,Lamor-Plage,Lamor-Plage,56,47.7,-3.3833333333333333
FRLPE,FR,LPE,la Pallice,la Pallice,17,46.166666666666664,-1.2166666666666668
FRLQ4,FR,LQ4,Trédrez-Locquémeau,Tredrez-Locquemeau,22,48.7,-3.5666666666666664
FRLQ5,FR,LQ5,Locquirec,Locquirec,29,48.7,-3.65
FRLQA,FR,LQA,Le Mas-d'Agenais,Le Mas-d'Agenais,47,44.4,0.21666666666666667
FRLQD,FR,LQD,Lesdins,Lesdins,02,49.88333333333333,3.2666666666666666
FRLQG,FR,LQG,Lamagistère,Lamagistere,82,44.11666666666667,0.8
FRLQT,FR,LQT,Louvières,Louvieres,52,48.03333333333333,5.283333333333333
FRLRH,FR,LRH,La Rochelle,La Rochelle,17,46.166666666666664,-1.15
FRLRT,FR,LRT,Lorient,Lorient,56,47.75,-3.3666666666666667
FRLSB,FR,LSB,Les Billaux,Les Billaux,33,44.95,-0.23333333333333334
FRLSO,FR,LSO,Les Sables-d'Olonne,Les Sables-d'Olonne,85,46.5,-1.7833333333333332
FRLTF,FR,LTF,Les Trois-Fontaines,Les Trois-Fontaines,08,50.13333333333333,4.783333333333333
FRLTR,FR,LTR,Le Tréport,Le Treport,76,50.06666666666667,1.3666666666666667
FRLTT,FR,LTT,Le Trait,Le Trait,76,49.483333333333334,0.8
FRLUQ,FR,LUQ,Lugrin,Lugrin,74,46.4,6.666666666666667
FRLVE,FR,LVE,Le Verdon-sur-Mer,Le Verdon-sur-Mer,33,45.55,-1.0666666666666667
FRLWM,FR,LWM,Le Moustoir,Le Moustoir,56,47.61666666666667,-2.85
FRLXA,FR,LXA,Le Perreux-sur-Marne,Le Perreux-sur-Marne,94,48.833333333333336,2.4833333333333334
FRLZF,FR,LZF,La Forêt-Fouesnant,La Foret-Fouesnant,29,47.916666666666664,-3.9833333333333334
FRM52,FR,M52,Vandières,Vandieres,51,49.1,3.7333333333333334
FRM56,FR,M56,Séné,Sene,56,47.61666666666667,-2.75
FRM57,FR,M57,Vaux,Vaux,57,49.1,6.1
FRM75,FR,M75,Muids,Muids,27,49.21666666666667,1.3
FRM89,FR,M89,Mailly-le-Château,Mailly-le-Chateau,89,47.6,3.6333333333333333
FRMAC,FR,MAC,Mâcon,Macon,71,46.3,4.833333333333333
FRMAU,FR,MAU,Maubeuge,Maubeuge,59,50.28333333333333,3.966666666666667
FRMBT,FR,MBT,Montbartier,Montbartier,82,43.9,1.2666666666666666
FRMCC,FR,MCC,Morancé,Morance,69,45.9,4.7
FRMCQ,FR,MCQ,Macau,Macau,33,45.016666666666666,-0.6166666666666667
FRMDA,FR,MDA,Mudaison,Mudaison,34,43.63333333333333,4.016666666666667
FRMDW,FR,MDW,Sainte-Maure-de-Peyriac,Sainte-Maure-de-Peyriac,47,44.016666666666666,0.15
FRME4,FR,ME4,Mérifons,Merifons,34,43.61666666666667,3.283333333333333
FRME5,FR,ME5,Île-Molène,Ile-Molene,29,48.4,3.05
FRMEA,FR,MEA,Meaux,Meaux,77,48.96666666666667,2.8833333333333333
FRMEL,FR,MEL,Melun,Melun,77,48.53333333333333,2.6666666666666665
FRMGU,FR,MGU,Mauguio,Mauguio,34,43.61666666666667,4.016666666666667
FRMHB,FR,MHB,La Trinité-sur-Mer,La Trinite-sur-Mer,56,47.583333333333336,-3.033333333333333
FRMJU,FR,MJU,Moulle,Moulle,62,50.78333333333333,2.1666666666666665
FRMJY,FR,MJY,Colombier,Colombier,24,44.78333333333333,0.5166666666666667
FRMKX,FR,MKX,Crissay-sur-Manse,Crissay-sur-Manse,37,47.15,0.48333333333333334
FRML9,FR,ML9,Molosmes,Molosmes,89,47.88333333333333,4.05
FRMLH,FR,MLH,Mulhouse,Mulhouse,68,47.75,7.333333333333333
FRMM6,FR,MM6,Montmartin-sur-Mer,Montmartin-sur-Mer,50,48.983333333333334,-1.5166666666666666
FRMMJ,FR,MMJ,Saint-Androny,Saint-Androny,33,45.18333333333333,-0.65
FRMMV,FR,MMV,Malmy,Malmy,08,49.6,4.833333333333333
FRMOS,FR,MOS,Montargis,Montargis,45,48.0,2.7333333333333334
FRMQA,FR,MQA,Martot,Martot,27,49.3,1.05
FRMQY,FR,MQY,Millery,Millery,54,48.81666666666667,6.116666666666666
FRMR3,FR,MR3,Mornac-sur-Seudre,Mornac-sur-Seudre,17,45.71666666666667,-1.0333333333333334
FRMR6,FR,MR6,Mérignat,Merignat,01,46.06666666666667,5.433333333333334
FRMR7,FR,MR7,Marolles,Marolles,51,48.71666666666667,4.633333333333333
FRMRN,FR,MRN,Marans,Marans,17,46.3,-1.0
FRMRS,FR,MRS,Marseille,Marseille,13,43.3,5.4
FRMRW,FR,MRW,Mireval,Mireval,34,43.5,3.8
FRMSI,FR,MSI,Méry-sur-Oise,Mery-sur-Oise,95,49.06666666666667,2.2
FRMT6,FR,MT6,Montech,Montech,82,43.95,1.2333333333333334
FRMTD,FR,MTD,Montbéliard,Montbeliard,25,47.516666666666666,6.8
FRMTX,FR,MTX,Montoir-de-Bretagne,Montoir-de-Bretagne,44,47.333333333333336,-2.15
FRMV2,FR,MV2,Malleval,Malleval,42,45.38333333333333,4.733333333333333
FRMVG,FR,MVG,Magnanville,Magnanville,78,48.96666666666667,1.6833333333333333
FRMWF,FR,MWF,Blomac,Blomac,11,43.2,2.6
FRMWR,FR,MWR,Marseillan,Marseillan,34,43.35,3.533333333333333
FRMXN,FR,MXN,Morlaix,Morlaix,29,48.583333333333336,-3.8333333333333335
FRMYK,FR,MYK,Moyencourt,Moyencourt,80,49.71666666666667,2.9333333333333336
FRMZK,FR,MZK,Le Mériot,Le Meriot,10,48.5,3.45
FRMZM,FR,MZM,Metz,Metz,57,49.13333333333333,6.166666666666667
FRMZS,FR,MZS,Mézières-sur-Seine,Mezieres-sur-Seine,78,48.96666666666667,1.8
FRN25,FR,N25,Nommay,Nommay,25,47.53333333333333,6.85
FRNAC,FR,NAC,Carnac,Carnac,56,47.583333333333336,-3.0833333333333335
FRNCB,FR,NCB,Le Conquet,Le Conquet,29,48.36666666666667,-4.766666666666667
FRNCE,FR,NCE,Nice,Nice,06,43.7,7.266666666666667
FRNEF,FR,NEF,Neuf-Brisach,Neuf-Brisach,68,48.016666666666666,7.533333333333333
FRNEH,FR,NEH,Vognes,Vognes,01,45.81666666666667,5.716666666666667
FRNGI,FR,NGI,Saint-Gilles,Saint-Gilles,71,46.88333333333333,4.666666666666667
FRNLA,FR,NLA,Sainte-Anne-sur-Vilaine,Sainte-Anne-sur-Vilaine,35,47.71666666666667,-1.8166666666666667
FRNMA,FR,NMA,Penmarch,Penmarch,29,47.81666666666667,3.6666666666666665
FRNMS,FR,NMS,Nemours,Nemours,77,48.266666666666666,2.7
FRNMT,FR,NMT,Sainte-Marie-du-Mont,Sainte-Marie-du-Mont,50,49.38333333333333,-1.2166666666666668
FRNNH,FR,NNH,Channes,Channes,10,47.93333333333333,4.25
FRNOP,FR,NOP,Baden,Baden,56,47.61666666666667,-2.9166666666666665
FRNOU,FR,NOU,Port-la-Nouvelle,Port-la-Nouvelle,11,43.016666666666666,3.05
FRNQU,FR,NQU,Le Conquet,Le Conquet,29,48.36666666666667,-4.766666666666667
FRNRH,FR,NRH,Penmarc'H Point,Penmarc'H Point,29,47.8,-4.366666666666666
FRNSD,FR,NSD,Lavans-lès-Dole,Lavans-les-Dole,39,47.13333333333333,5.583333333333333
FRNTE,FR,NTE,Nantes,Nantes,44,47.21666666666667,-1.55
FRNTZ,FR,NTZ,Bantouzelle,Bantouzelle,59,50.06666666666667,3.2
FRNUS,FR,NUS,Nanteuil-sur-Aisne,Nanteuil-sur-Aisne,08,49.516666666666666,4.3
FRNVS,FR,NVS,Nevers,Nevers,58,47.0,3.15
FRNYI,FR,NYI,Neuilly-en-Sancerre,Neuilly-en-Sancerre,18,47.3,2.6833333333333336
FRNYY,FR,NYY,Montallery,Montallery,89,47.78333333333333,3.7
FRNZ3,FR,NZ3,Monze,Monze,11,43.15,2.466666666666667
FROEI,FR,OEI,L'Oserie,L'Oserie,28,48.53333333333333,0.95
FROFF,FR,OFF,Plogoff,Plogoff,29,48.03333333333333,-4.666666666666667
FROGB,FR,OGB,Boulogne-Billancourt,Boulogne-Billancourt,92,48.833333333333336,2.25
FROHP,FR,OHP,Orchamps,Orchamps,39,47.15,5.65
FROJA,FR,OJA,Boutiers-Saint-Trojan,Boutiers-Saint-Trojan,16,45.71666666666667,-0.3
FRONY,FR,ONY,Cognocoli,Cognocoli,2A,41.81666666666667,8.9
FROOZ,FR,OOZ,Chooz,Chooz,08,50.1,4.8
FROQL,FR,OQL,Locmiquélic,Locmiquelic,56,47.71666666666667,-3.35
FROS2,FR,OS2,Ouessant,Ouessant,29,48.45,-5.1
FROSH,FR,OSH,Lutzelbourg,Lutzelbourg,57,48.733333333333334,7.25
FROTM,FR,OTM,Ottmarsheim,Ottmarsheim,68,47.78333333333333,7.516666666666667
FROTY,FR,OTY,Le Crotoy,Le Crotoy,80,50.21666666666667,1.6166666666666667
FROUI,FR,OUI,Ouistreham,Ouistreham,14,49.28333333333333,-0.26666666666666666
FROYI,FR,OYI,Oigny-en-Valois,Oigny-en-Valois,02,49.21666666666667,3.1333333333333333
FROYY,FR,OYY,Saudoy,Saudoy,51,48.68333333333333,3.716666666666667
FRP5C,FR,P5C,Busnes,Busnes,62,50.583333333333336,2.5166666666666666
FRP62,FR,P62,Pont-à-Vendin,Pont-a-Vendin,62,50.46666666666667,2.8833333333333333
FRPAB,FR,PAB,Pont-l'Abbé,Pont-l'Abbe,29,47.86666666666667,-4.216666666666667
FRPAD,FR,PAD,Pagny-la-Ville,Pagny-la-Ville,21,47.06666666666667,5.166666666666667
FRPAI,FR,PAI,Paimpol,Paimpol,22,48.78333333333333,-3.05
FRPAJ,FR,PAJ,Pont-Arcy,Pont-Arcy,02,49.38333333333333,3.6166666666666667
FRPAP,FR,PAP,Pauillac,Pauillac,33,45.2,-0.75
FRPAR,FR,PAR,Paris,Paris,75C,48.85,2.35
FRPBF,FR,PBF,Paimbuf,Paimbuf,44,47.28333333333333,-2.0166666666666666
FRPC6,FR,PC6,Saint-Nicolas,Saint-Nicolas,62,50.3,2.7666666666666666
FRPD2,FR,PD2,Plombières-lès-Dijon,Plombieres-les-Dijon,21,47.333333333333336,4.966666666666667
FRPDB,FR,PDB,Port-de-Bouc,Port-de-Bouc,13,43.4,4.983333333333333
FRPDF,FR,PDF,Pontevès,Ponteves,83,43.56666666666667,6.05
FRPDH,FR,PDH,Port-des-Barques,Port-des-Barques,17,45.95,0.9166666666666666
FRPDU,FR,PDU,Saint-Pierre-d'Autils,Saint-Pierre-d'Autils,27,49.11666666666667,1.4166666666666667
FRPET,FR,PET,Petit-Couronne,Petit-Couronne,76,49.38333333333333,1.0333333333333334
FRPF4,FR,PF4,Étrigny,Etrigny,71,46.583333333333336,4.8
FRPG5,FR,PG5,Port de Goulee,Port de Goulee,33,45.4,-0.9
FRPGC,FR,PGC,Plougrescant,Plougrescant,22,48.85,-3.2333333333333334
FRPGQ,FR,PGQ,Pogny,Pogny,51,48.86666666666667,4.483333333333333
FRPH4,FR,PH4,Portiragnes,Portiragnes,34,43.3,3.3333333333333335
FRPHG,FR,PHG,Campagnac,Campagnac,81,44.03333333333333,1.85
FRPHN,FR,PHN,Pleudihen-sur-Rance,Pleudihen-sur-Rance,22,48.5,-1.9666666666666668
FRPHT,FR,PHT,Plichancourt,Plichancourt,51,48.75,4.65
FRPI2,FR,PI2,Pirou,Pirou,50,49.18333333333333,-1.5833333333333335
FRPI9,FR,PI9,Préfailles,Prefailles,44,47.13333333333333,-2.216666666666667
FRPJE,FR,PJE,Port-Jérôme,Port-Jerome,27,49.46666666666667,0.5333333333333333
FRPJH,FR,PJH,Saint-Christophe-la-Couperie,Saint-Christophe-la-Couperie,49,47.25,-1.2
FRPJU,FR,PJU,Pujaut,Pujaut,30,44.0,4.766666666666667
FRPKL,FR,PKL,Pouillé,Pouille,41,47.31666666666667,1.2833333333333332
FRPKM,FR,PKM,Monnières,Monnieres,44,47.13333333333333,-1.35
FRPKS,FR,PKS,Pouilly-sur-Loire,Pouilly-sur-Loire,58,47.28333333333333,2.95
FRPM6,FR,PM6,Port Manec'h,Port Manec'h,29,47.81666666666667,-3.783333333333333
FRPNF,FR,PNF,Port-Navalo,Port-Navalo,56,47.55,-2.9
FRPNH,FR,PNH,Pont-d'Ouche,Pont-d'Ouche,21,47.166666666666664,4.683333333333334
FRPNU,FR,PNU,Paillencourt,Paillencourt,59,50.25,3.2666666666666666
FRPO4,FR,PO4,Ota,Ota,2A,42.266666666666666,8.75
FRPOV,FR,POV,Port-Vendres,Port-Vendres,66,42.516666666666666,3.1166666666666667
FRPOX,FR,POX,Pontrieux,Pontrieux,22,48.7,-3.1666666666666665
FRPPL,FR,PPL,Port-Louis,Port-Louis,56,47.71666666666667,-3.35
FRPQC,FR,PQC,Pont-Réan,Pont-Rean,35,48.0,-1.7833333333333332
FRPQE,FR,PQE,Poses,Poses,27,49.3,1.2333333333333334
FRPRC,FR,PRC,Pornic,Pornic,44,47.11666666666667,-2.1
FRPRJ,FR,PRJ,Port-Joinville,Port-Joinville,85,46.71666666666667,-2.35
FRPRP,FR,PRP,Propriano,Propriano,2A,41.68333333333333,8.9
FRPS9,FR,PS9,Perros-Guirec,Perros-Guirec,22,48.81666666666667,-3.45
FRPSL,FR,PSL,Port-Saint-Louis-du-Rhône,Port-Saint-Louis-du-Rhone,13,43.38333333333333,4.8
FRPSX,FR,PSX,Pont-Sainte-Maxence,Pont-Sainte-Maxence,60,49.3,2.6
FRPTI,FR,PTI,Pont-de-l'Isère,Pont-de-l'Isere,26,45.0,4.883333333333333
FRPTV,FR,PTV,Pontavert,Pontavert,02,49.4,3.8166666666666664
FRPUM,FR,PUM,Précy-sur-Marne,Precy-sur-Marne,77,48.93333333333333,2.783333333333333
FRPVO,FR,PVO,Porto-Vecchio,Porto-Vecchio,2A,41.583333333333336,9.283333333333333
FRPVX,FR,PVX,Pont-de-Vaux,Pont-de-Vaux,01,46.43333333333333,4.933333333333334
FRPWA,FR,PWA,Pernant,Pernant,02,49.38333333333333,3.216666666666667
FRPXZ,FR,PXZ,Plobsheim,Plobsheim,67,48.46666666666667,7.716666666666667
FRPYX,FR,PYX,Pargny-sur-Saulx,Pargny-sur-Saulx,51,48.766666666666666,4.816666666666666
FRPZ3,FR,PZ3,Plouézec,Plouezec,22,48.75,-2.9833333333333334
FRQBR,FR,QBR,Camarsac,Camarsac,33,44.833333333333336,-0.36666666666666664
FRQEN,FR,QEN,Quenne,Quenne,89,47.78333333333333,3.65
FRQEY,FR,QEY,Saint-Antoine-du-Queyret,Saint-Antoine-du-Queyret,33,44.766666666666666,0.016666666666666666
FRQGS,FR,QGS,Soulanges,Soulanges,51,48.78333333333333,4.533333333333333
FRQLC,FR,QLC,Saint-Quentin-la-Motte-Croix-au-Bailly,Saint-Quentin-la-Motte-Croix-au-Bailly,80,50.06666666666667,1.45
FRQLK,FR,QLK,Denicé,Denice,69,46.0,4.65
FRQMM,FR,QMM,Campagne,Campagne,34,43.78333333333333,4.033333333333333
FRQPL,FR,QPL,Communay,Communay,69,45.6,4.833333333333333
FRQQQ,FR,QQQ,Cormicy,Cormicy,51,49.36666666666667,3.9
FRQRU,FR,QRU,Quiberville,Quiberville,76,49.9,0.9166666666666666
FRQSC,FR,QSC,Quinsac,Quinsac,33,44.75,-0.5
FRQSM,FR,QSM,Crouttes-sur-Marne,Crouttes-sur-Marne,02,48.983333333333334,3.2333333333333334
FRQSO,FR,QSO,Samois-sur-Seine,Samois-sur-Seine,77,48.45,2.75
FRQTS,FR,QTS,Santoche,Santoche,25,47.4,6.516666666666667
FRQUI,FR,QUI,Quiberon,Quiberon,56,47.483333333333334,-3.1166666666666667
FRQUL,FR,QUL,Querqueville,Querqueville,50,49.666666666666664,-1.7
FRQVP,FR,QVP,Demigny,Demigny,71,46.93333333333333,4.833333333333333
FRQWC,FR,QWC,Châteauvert,Chateauvert,83,43.5,6.033333333333333
FRQWM,FR,QWM,Reignier-Ésery,Reignier-Esery,74,46.13333333333333,6.266666666666667
FRQXA,FR,QXA,Reichsfeld,Reichsfeld,67,48.36666666666667,7.383333333333334
FRQYR,FR,QYR,Troyes,Troyes,10,48.3,4.083333333333333
FRQYV,FR,QYV,Colombiers,Colombiers,34,43.31666666666667,3.1333333333333333
FRQZH,FR,QZH,Serra-di-Ferro,Serra-di-Ferro,2A,41.733333333333334,8.8
FRQZX,FR,QZX,Camillac,Camillac,33,45.05,-0.5833333333333334
FRR26,FR,R26,Roche-Saint-Secret,Roche-Saint-Secret,26,44.483333333333334,5.033333333333333
FRRAD,FR,RAD,Radicatel,Radicatel,76,49.5,0.5
FRRAV,FR,RAV,Cravant,Cravant,89,47.68333333333333,3.6833333333333336
FRRCO,FR,RCO,Rochefort,Rochefort,17,45.95,-0.9666666666666667
FRRDM,FR,RDM,La Couarde-sur-Mer,La Couarde-sur-Mer,17,46.2,-1.4
FRRDN,FR,RDN,Redon,Redon,35,47.65,-2.0833333333333335
FRRDT,FR,RDT,La Redorte,La Redorte,11,43.25,2.6333333333333333
FRREI,FR,REI,Reichstett,Reichstett,67,48.65,7.75
FRRF3,FR,RF3,Toulenne,Toulenne,33,44.55,-0.26666666666666666
FRRFA,FR,RFA,Homps,Homps,11,43.266666666666666,2.716666666666667
FRRH7,FR,RH7,Taponas,Taponas,69,46.11666666666667,4.766666666666667
FRRHE,FR,RHE,Reims,Reims,51,49.266666666666666,4.033333333333333
FRRHP,FR,RHP,Ouessant,Ouessant,29,48.46666666666667,-5.083333333333333
FRRLI,FR,RLI,Ramillies,Ramillies,59,50.2,3.25
FRRME,FR,RME,Armentières,Armentieres,59,50.68333333333333,2.8833333333333333
FRRMO,FR,RMO,Larmor-Baden,Larmor-Baden,56,47.583333333333336,-2.9
FRRN3,FR,RN3,Rions,Rions,33,44.65,-0.35
FRRNY,FR,RNY,Frangy,Frangy,74,46.016666666666666,5.933333333333334
FRRON,FR,RON,Roncq,Roncq,59,50.75,3.1166666666666667
FRROU,FR,ROU,Roubaix,Roubaix,59,50.68333333333333,3.183333333333333
FRRQE,FR,RQE,Rech,Rech,57,48.983333333333334,7.016666666666667
FRRRB,FR,RRB,Sarralbe,Sarralbe,57,49.0,7.016666666666667
FRRS4,FR,RS4,Frossay,Frossay,44,47.25,-1.9333333333333333
FRRSA,FR,RSA,Roquebrune-sur-Argens,Roquebrune-sur-Argens,83,43.43333333333333,6.633333333333333
FRRSQ,FR,RSQ,Rosult,Rosult,59,50.45,3.3666666666666667
FRRTB,FR,RTB,Port-en-Bessin-Huppain,Port-en-Bessin-Huppain,14,49.35,-0.75
FRRTE,FR,RTE,Bourg-Charente,Bourg-Charente,16,45.666666666666664,-0.23333333333333334
FRRTV,FR,RTV,Chartèves,Charteves,02,49.083333333333336,3.4833333333333334
FRRUN,FR,RUN,Rungis,Rungis,94,48.75,2.35
FRRUR,FR,RUR,Plouër-sur-Rance,Plouer-sur-Rance,22,48.53333333333333,-2.0
FRRVC,FR,RVC,Rivecourt,Rivecourt,60,49.35,2.7333333333333334
FRRXL,FR,RXL,Rosières-aux-Salines,Rosieres-aux-Salines,54,48.6,6.333333333333333
FRRYG,FR,RYG,le Château Renard,le Chateau Renard,44,47.766666666666666,-1.5166666666666666
FRRYN,FR,RYN,Royan,Royan,17,45.61666666666667,-1.05
FRRYY,FR,RYY,Pierry,Pierry,51,49.016666666666666,3.9333333333333336
FRRZT,FR,RZT,Saint-Désirat,Saint-Desirat,07,45.25,4.783333333333333
FRRZW,FR,RZW,Combaillaux,Combaillaux,34,43.68333333333333,3.7666666666666666
FRRZX,FR,RZX,Pujols-sur-Ciron,Pujols-sur-Ciron,33,44.56666666666667,-0.35
FRS29,FR,S29,Saint-Pabu,Saint-Pabu,29,48.56666666666667,3.4
FRS2R,FR,S2R,Saint-Martin-de-Ré,Saint-Martin-de-Re,17,46.2,-1.3666666666666667
FRS4P,FR,S4P,Santa-Maria-Poggio,Santa-Maria-Poggio,2B,42.333333333333336,9.5
FRS5M,FR,S5M,Saâcy-sur-Marne,Saacy-sur-Marne,77,48.96666666666667,3.216666666666667
FRS8C,FR,S8C,Sercus,Sercus,59,50.7,2.45
FRSAR,FR,SAR,Sarreguemines,Sarreguemines,57,49.11666666666667,7.066666666666666
FRSBK,FR,SBK,Saint-Brieuc,Saint-Brieuc,22,48.516666666666666,-2.783333333333333
FRSET,FR,SET,Sète,Sete,34,43.4,3.7
FRSGT,FR,SGT,Sainte-Gemmes-sur-Loire,Sainte-Gemmes-sur-Loire,49,47.416666666666664,-0.5666666666666667
FRSIR,FR,SIR,Saint-Rémy,Saint-Remy,21,47.63333333333333,4.3
FRSIT,FR,SIT,Saint-Vit,Saint-Vit,25,47.18333333333333,5.816666666666666
FRSL8,FR,SL8,Saint-Laurent-sur-Mer,Saint-Laurent-sur-Mer,14,49.36666666666667,-0.8833333333333333
FRSLV,FR,SLV,Solesmes,Solesmes,72,47.85,-0.3
FRSML,FR,SML,Saint-Malo,Saint-Malo,35,48.65,-2.0166666666666666
FRSMW,FR,SMW,Samoreau,Samoreau,77,48.416666666666664,2.75
FRSNM,FR,SNM,Flammerans,Flammerans,21,47.233333333333334,5.45
FRSNQ,FR,SNQ,Sancé,Sance,71,46.333333333333336,4.833333333333333
FRSNR,FR,SNR,Saint-Nazaire,Saint-Nazaire,44,47.28333333333333,-2.2
FRSO6,FR,SO6,Sauzon,Sauzon,56,47.36666666666667,-3.216666666666667
FRSP5,FR,SP5,Saint-Paul,Saint-Paul,04,44.516666666666666,6.75
FRSPK,FR,SPK,Spycker,Spycker,59,50.96666666666667,2.3166666666666664
FRSQR,FR,SQR,Saint-Pierre-Quiberon,Saint-Pierre-Quiberon,56,47.516666666666666,-3.1333333333333333
FRSQS,FR,SQS,Saint-Christ-Briost,Saint-Christ-Briost,80,49.85,2.9333333333333336
FRSQV,FR,SQV,Sandrancourt,Sandrancourt,78,49.03333333333333,1.65
FRSRL,FR,SRL,Saint-Raphaël,Saint-Raphael,83,43.416666666666664,6.766666666666667
FRSS2,FR,SS2,Saint-Saturnin,Saint-Saturnin,34,43.7,3.466666666666667
FRSSK,FR,SSK,Saint-Sébastien-sur-Loire,Saint-Sebastien-sur-Loire,44,47.2,-1.5
FRSTP,FR,STP,Saint-Tropez,Saint-Tropez,83,43.266666666666666,6.633333333333333
FRSTQ,FR,STQ,Saint-Quentin,Saint-Quentin,02,49.85,3.283333333333333
FRSUP,FR,SUP,Seurre,Seurre,21,46.983333333333334,5.15
FRSVS,FR,SVS,Saint-Valery-sur-Somme,Saint-Valery-sur-Somme,80,50.18333333333333,1.6333333333333333
FRSWD,FR,SWD,Saint-Wandrille-Rançon,Saint-Wandrille-Rancon,76,49.53333333333333,0.7666666666666667
FRSXB,FR,SXB,Strasbourg,Strasbourg,67,48.56666666666667,7.75
FRSYQ,FR,SYQ,Sauvoy,Sauvoy,55,48.63333333333333,5.6
FRSYY,FR,SYY,Sailly-sur-la-Lys,Sailly-sur-la-Lys,62,50.65,2.7666666666666666
FRSZI,FR,SZI,Saint-Nazaire-sur-Charente,Saint-Nazaire-sur-Charente,17,45.95,-1.05
FRTBE,FR,TBE,La Turballe,La Turballe,44,47.35,-2.5166666666666666
FRTCJ,FR,TCJ,Châtillon-Coligny,Chatillon-Coligny,45,47.81666666666667,2.85
FRTEW,FR,TEW,Le Thoronet,Le Thoronet,83,43.45,6.3
FRTG4,FR,TG4,Talmont-sur-Gironde,Talmont-sur-Gironde,17,45.53333333333333,-0.9
FRTGH,FR,TGH,Thomery,Thomery,77,48.4,2.783333333333333
FRTIG,FR,TIG,Tigery,Tigery,91,48.63333333333333,2.5
FRTII,FR,TII,Talais,Talais,33,45.483333333333334,-1.05
FRTIM,FR,TIM,Saint-Simon,Saint-Simon,02,49.75,3.1666666666666665
FRTIN,FR,TIN,Pantin,Pantin,93,48.9,2.4
FRTJE,FR,TJE,Trouville-sur-Mer,Trouville-sur-Mer,14,49.36666666666667,0.08333333333333333
FRTJX,FR,TJX,Escautpont,Escautpont,59,50.416666666666664,3.5666666666666664
FRTL4,FR,TL4,Sausset-les-Pins,Sausset-les-Pins,13,43.333333333333336,5.116666666666666
FRTLN,FR,TLN,Toulon,Toulon,83,43.11666666666667,5.933333333333334
FRTLP,FR,TLP,Gatteville-le-Phare,Gatteville-le-Phare,50,49.68333333333333,-1.2833333333333332
FRTMG,FR,TMG,Saint-Martin-la-Garenne,Saint-Martin-la-Garenne,78,49.03333333333333,1.6833333333333333
FRTMN,FR,TMN,Thun-Saint-Martin,Thun-Saint-Martin,59,50.2,3.283333333333333
FRTON,FR,TON,Tonnay-Charente,Tonnay-Charente,17,45.95,-0.9
FRTOV,FR,TOV,Tourlaville,Tourlaville,50,49.63333333333333,-1.5666666666666667
FRTPO,FR,TPO,Trilport,Trilport,77,48.95,2.9333333333333336
FRTQJ,FR,TQJ,Saint-Saturnin-d'Apt,Saint-Saturnin-d'Apt,84,43.916666666666664,5.366666666666666
FRTR9,FR,TR9,Trégunc,Tregunc,29,47.85,-3.85
FRTRE,FR,TRE,Tréguier,Treguier,22,48.78333333333333,-3.2333333333333334
FRTRI,FR,TRI,Trignac,Trignac,44,47.31666666666667,-2.183333333333333
FRTTG,FR,TTG,Téteghem,Teteghem,59,51.0,2.4166666666666665
FRTTU,FR,TTU,Île-Tudy,Ile-Tudy,29,47.833333333333336,-4.166666666666667
FRTUA,FR,TUA,Saint-Usage,Saint-Usage,21,47.1,5.266666666666667
FRTUU,FR,TUU,Toucy,Toucy,89,47.733333333333334,3.3
FRTVL,FR,TVL,Thionville,Thionville,57,49.35,6.166666666666667
FRTWA,FR,TWA,Arès,Ares,33,44.766666666666666,-1.1333333333333333
FRTXM,FR,TXM,Mulcent,Mulcent,78,48.88333333333333,1.65
FRTZZ,FR,TZZ,Ternay,Ternay,69,45.61666666666667,4.816666666666666
FRUBS,FR,UBS,Saubusse,Saubusse,40,43.65,-1.1833333333333333
FRUCL,FR,UCL,Pleumeleuc,Pleumeleuc,35,48.18333333333333,-1.9166666666666665
FRUCM,FR,UCM,L'Éguille,L'Eguille,17,45.7,-0.9833333333333333
FRUCS,FR,UCS,Saint-Urcisse,Saint-Urcisse,81,43.93333333333333,1.6166666666666667
FRUDP,FR,UDP,Camp-du-Castellet,Camp-du-Castellet,83,43.25,5.75
FRUEU,FR,UEU,Gueux,Gueux,51,49.25,3.9
FRUFF,FR,UFF,Cuffies,Cuffies,02,49.4,3.3166666666666664
FRUFN,FR,UFN,Buffon,Buffon,21,47.65,4.266666666666667
FRUGV,FR,UGV,Bougival,Bougival,78,48.86666666666667,2.1333333333333333
FRUIM,FR,UIM,Guimaëc,Guimaec,29,48.666666666666664,-3.7
FRUIP,FR,UIP,Quimper,Quimper,29,48.0,-4.1
FRUJI,FR,UJI,Saint-Gonnery,Saint-Gonnery,56,48.11666666666667,-2.8166666666666664
FRUJJ,FR,UJJ,Saint-Satur,Saint-Satur,18,47.333333333333336,2.85
FRUJK,FR,UJK,Monnières,Monnieres,39,47.11666666666667,5.466666666666667
FRUJQ,FR,UJQ,Saint-Sauveur-de-Meilhan,Saint-Sauveur-de-Meilhan,47,44.65,0.0
FRUJY,FR,UJY,Pouilly,Pouilly,89,47.4,3.75
FRULP,FR,ULP,Mareuil-le-Port,Mareuil-le-Port,51,49.083333333333336,3.7333333333333334
FRUMX,FR,UMX,Mareuil-lès-Meaux,Mareuil-les-Meaux,77,48.93333333333333,2.85
FRUNL,FR,UNL,Cauneille,Cauneille,40,43.53333333333333,-1.0666666666666667
FRUNS,FR,UNS,Guînes,Guines,62,50.86666666666667,1.8666666666666667
FRUQJ,FR,UQJ,Saint-Seuri-de-Bourg,Saint-Seuri-de-Bourg,33,45.05,-0.5666666666666667
FRURO,FR,URO,Rouen,Rouen,76,49.45,1.1
FRUSJ,FR,USJ,Mus,Mus,30,43.733333333333334,4.2
FRUSU,FR,USU,Vulaines-sur-Seine,Vulaines-sur-Seine,77,48.416666666666664,2.75
FRUTE,FR,UTE,Leucate,Leucate,11,42.916666666666664,3.033333333333333
FRUTI,FR,UTI,Écutigny,Ecutigny,21,47.083333333333336,4.616666666666667
FRUUC,FR,UUC,Bruch,Bruch,47,44.21666666666667,0.4166666666666667
FRUUO,FR,UUO,Boursault,Boursault,51,49.05,3.85
FRUVI,FR,UVI,Guerville,Guerville,78,48.95,1.7333333333333334
FRUVJ,FR,UVJ,Mauves,Mauves,07,45.03333333333333,4.833333333333333
FRUVV,FR,UVV,Tessy-sur-Vire,Tessy-sur-Vire,50,48.96666666666667,-1.0666666666666667
FRUXE,FR,UXE,Joigny,Joigny,89,47.983333333333334,3.4
FRUXL,FR,UXL,Carlux,Carlux,24,44.88333333333333,1.35
FRUYO,FR,UYO,Butry-sur-Oise,Butry-sur-Oise,95,49.083333333333336,2.2
FRV33,FR,V33,Villeneuve-de-Blaye,Villeneuve-de-Blaye,33,45.083333333333336,-0.6166666666666667
FRV88,FR,V88,Charmes,Charmes,88,48.36666666666667,6.283333333333333
FRVA5,FR,VA5,Saint-Vallier,Saint-Vallier,71,46.65,4.366666666666666
FRVAF,FR,VAF,Valence,Valence,26,44.93333333333333,4.883333333333333
FRVAL,FR,VAL,Valenciennes,Valenciennes,59,50.36666666666667,3.533333333333333
FRVC4,FR,VC4,Villers-sous-Châtillon,Villers-sous-Chatillon,51,49.1,3.8
FRVCS,FR,VCS,Carnas,Carnas,30,43.833333333333336,3.9833333333333334
FRVEJ,FR,VEJ,Verjux,Verjux,TW,46.88333333333333,4.966666666666667
FRVEO,FR,VEO,Vernaison,Vernaison,69,45.65,4.816666666666666
FRVEY,FR,VEY,Clairvaux-d'Aveyron,Clairvaux-d'Aveyron,12,44.416666666666664,2.4166666666666665
FRVFG,FR,VFG,Romeny-sur-Marne,Romeny-sur-Marne,02,48.983333333333334,3.3333333333333335
FRVFM,FR,VFM,Villefranche-sur-Mer,Villefranche-sur-Mer,06,43.7,7.316666666666666
FRVGE,FR,VGE,Villegusien-le-Lac,Villegusien-le-Lac,52,47.733333333333334,5.3
FRVH4,FR,VH4,Crézancy-en-Sancerre,Crezancy-en-Sancerre,18,47.3,2.75
FRVHM,FR,VHM,Vendenheim,Vendenheim,67,48.666666666666664,7.716666666666667
FRVIG,FR,VIG,Saint-Thibault-des-Vignes,Saint-Thibault-des-Vignes,77,48.86666666666667,2.6833333333333336
FRVIY,FR,VIY,Vincey,Vincey,88,48.333333333333336,6.333333333333333
FRVJE,FR,VJE,Murviel,Murviel,34,43.43333333333333,3.1333333333333333
FRVL4,FR,VL4,Vérin,Verin,42,45.45,4.75
FRVM5,FR,VM5,Verneuil,Verneuil,51,49.1,3.6666666666666665
FRVM6,FR,VM6,Le Vivier-sur-Mer,Le Vivier-sur-Mer,35,48.6,-1.7833333333333332
FRVNE,FR,VNE,Vannes,Vannes,56,47.65,-2.7666666666666666
FRVNR,FR,VNR,Saint-Vallerin,Saint-Vallerin,71,46.68333333333333,4.666666666666667
FRVNZ,FR,VNZ,Vernizy,Vernizy,71,46.78333333333333,4.466666666666667
FRVQR,FR,VQR,Véron,Veron,89,48.13333333333333,3.3
FRVR4,FR,VR4,Veules-les-Roses,Veules-les-Roses,76,49.86666666666667,0.8
FRVR5,FR,VR5,Villerville,Villerville,14,49.4,0.13333333333333333
FRVRD,FR,VRD,Verdun,Verdun,55,49.166666666666664,5.383333333333334
FRVRU,FR,VRU,Ver-sur-Mer,Ver-sur-Mer,14,49.333333333333336,-0.5333333333333333
FRVSQ,FR,VSQ,Varesnes,Varesnes,60,49.56666666666667,3.05
FRVSS,FR,VSS,Villefranche-sur-Saône,Villefranche-sur-Saone,69,45.983333333333334,4.716666666666667
FRVTI,FR,VTI,Saint-Valentin,Saint-Valentin,36,46.95,1.8666666666666667
FRVTM,FR,VTM,Venteuil,Venteuil,51,49.083333333333336,3.8333333333333335
FRVUX,FR,VUX,Villenauxe,Villenauxe,77,48.4,3.3
FRVVL,FR,VVL,Villeneuve-lès-Avignon,Villeneuve-les-Avignon,30,43.983333333333334,4.783333333333333
FRW2C,FR,W2C,Novillars,Novillars,25,47.28333333333333,6.133333333333334
FRWBY,FR,WBY,Bayon-sur-Gironde,Bayon-sur-Gironde,33,45.05,-0.6
FRWIK,FR,WIK,Roquecourbe,Roquecourbe,81,43.666666666666664,2.3
FRWMN,FR,WMN,Blienschwiller,Blienschwiller,67,48.333333333333336,7.416666666666667
FRWNT,FR,WNT,Warneton,Warneton,59,50.733333333333334,2.95
FRWQA,FR,WQA,Mézoargues,Mezoargues,13,43.86666666666667,4.65
FRWTT,FR,WTT,Watten,Watten,59,50.833333333333336,2.216666666666667
FRWWW,FR,WWW,Mirepeisset,Mirepeisset,11,43.28333333333333,2.9
FRX28,FR,X28,Saint-Pierre-de-Manneville,Saint-Pierre-de-Manneville,76,49.4,0.9333333333333333
FRXAN,FR,XAN,Anse,Anse,69,45.93333333333333,4.716666666666667
FRXCB,FR,XCB,Corcelles-en-Beaujolais,Corcelles-en-Beaujolais,69,46.15,4.716666666666667
FRXCS,FR,XCS,Saint-Vaize,Saint-Vaize,17,45.81666666666667,-0.6333333333333333
FRXDH,FR,XDH,Saint-Léger-sur-Dheune,Saint-Leger-sur-Dheune,71,46.85,4.633333333333333
FRXER,FR,XER,Port-Sainte-Marie,Port-Sainte-Marie,47,44.25,0.4
FRXEU,FR,XEU,Buxeuil,Buxeuil,10,48.05,4.4
FRXGL,FR,XGL,Saint-Gilles,Saint-Gilles,30,43.68333333333333,4.416666666666667
FRXGV,FR,XGV,Saint-Gilles-Croix-de-Vie,Saint-Gilles-Croix-de-Vie,85,46.68333333333333,-1.9333333333333333
FRXLG,FR,XLG,Lignorelles,Lignorelles,89,47.85,3.716666666666667
FRXLZ,FR,XLZ,Civrac-de-Blaye,Civrac-de-Blaye,33,45.11666666666667,-0.45
FRXRG,FR,XRG,Muro,Muro,2A,42.55,8.916666666666666
FRXRY,FR,XRY,Luneray,Luneray,76,49.833333333333336,0.9166666666666666
FRXSW,FR,XSW,Vonges,Vonges,21,47.3,5.4
FRXVF,FR,XVF,Monestier,Monestier,24,44.766666666666666,0.31666666666666665
FRXVY,FR,XVY,Noyen-sur-Seine,Noyen-sur-Seine,77,48.45,3.35
FRXXD,FR,XXD,Ravigny,Ravigny,53,48.45,-0.06666666666666667
FRXYR,FR,XYR,Tracy-sur-Loire,Tracy-sur-Loire,58,47.31666666666667,2.8833333333333333
FRY78,FR,Y78,Hardricourt,Hardricourt,78,49.0,1.9
FRYAN,FR,YAN,Junay,Junay,89,47.88333333333333,3.95
FRYEN,FR,YEN,Creney-près-Troyes,Creney-pres-Troyes,10,48.333333333333336,4.133333333333334
FRYGP,FR,YGP,Rogny-les-Sept-Écluses,Rogny-les-Sept-Ecluses,89,47.733333333333334,2.8833333333333333
FRYJK,FR,YJK,Ponteilla,Ponteilla,66,42.63333333333333,2.8166666666666664
FRYMS,FR,YMS,Ambly-sur-Meuse,Ambly-sur-Meuse,55,49.016666666666666,5.45
FRYNE,FR,YNE,La Seyne-sur-Mer,La Seyne-sur-Mer,83,43.1,5.883333333333333
FRYNR,FR,YNR,Sanary-sur-Mer,Sanary-sur-Mer,83,43.11666666666667,5.8
FRYSM,FR,YSM,Sorcy-Saint-Martin,Sorcy-Saint-Martin,55,48.7,5.616666666666667
FRYSO,FR,YSO,Fleurey-sur-Ouche,Fleurey-sur-Ouche,21,47.31666666666667,4.85
FRYSU,FR,YSU,Seyssuel,Seyssuel,38,45.56666666666667,4.85
FRYUJ,FR,YUJ,Pouillenay,Pouillenay,21,47.5,4.466666666666667
FRYUP,FR,YUP,Monguilhem,Monguilhem,32,43.85,-0.18333333333333332
FRYUS,FR,YUS,Mouy-sur-Seine,Mouy-sur-Seine,77,48.416666666666664,3.2333333333333334
FRYVG,FR,YVG,Blagny-sur-Vingeanne,Blagny-sur-Vingeanne,21,47.43333333333333,5.366666666666666
FRYXA,FR,YXA,Chailly-sur-Armançon,Chailly-sur-Armancon,21,47.266666666666666,4.483333333333333
FRYYO,FR,YYO,Yport,Yport,76,49.733333333333334,0.31666666666666665
FRZAN,FR,ZAN,Saint-Genis-de-Saintonge,Saint-Genis-de-Saintonge,17,45.483333333333334,-0.5833333333333334
FRZCY,FR,ZCY,Luzancy,Luzancy,77,48.96666666666667,3.1666666666666665
FRZEV,FR,ZEV,Plozévet,Plozevet,29,47.983333333333334,-4.433333333333334
FRZHA,FR,ZHA,Rochefort-du-Gard,Rochefort-du-Gard,30,43.983333333333334,4.683333333333334
FRZIC,FR,ZIC,Pouldreuzic,Pouldreuzic,29,47.95,-4.366666666666666
FRZLE,FR,ZLE,Azille,Azille,11,43.28333333333333,2.6666666666666665
FRZLJ,FR,ZLJ,Pouzilhac,Pouzilhac,30,44.05,4.583333333333333
FRZLL,FR,ZLL,Corcelles-les-Arts,Corcelles-les-Arts,21,46.95,4.8
FRZMB,FR,ZMB,Caromb,Caromb,84,44.11666666666667,5.1
FRZMM,FR,ZMM,Cormeilles,Cormeilles,27,49.25,0.38333333333333336
FRZMY,FR,ZMY,Cormeray,Cormeray,41,47.483333333333334,1.4
FRZNN,FR,ZNN,Corconne,Corconne,30,43.86666666666667,3.9333333333333336
FRZOG,FR,ZOG,Ronchin,Ronchin,59,50.6,3.1
FRZPP,FR,ZPP,Denée,Denee,49,47.38333333333333,-0.6
FRZT7,FR,ZT7,Collorgues,Collorgues,30,44.0,4.283333333333333
FRZTW,FR,ZTW,Bram,Bram,11,43.25,2.1166666666666667
FRZUI,FR,ZUI,Buzet-sur-Baïse,Buzet-sur-Baise,47,44.25,0.2833333333333333
FRZXC,FR,ZXC,Camplong-d'Aude,Camplong-d'Aude,11,43.13333333333333,2.65
FRZXD,FR,ZXD,Pougny,Pougny,58,47.38333333333333,3.0
FRZXH,FR,ZXH,Pontlevoy,Pontlevoy,41,47.38333333333333,1.25
FRZXN,FR,ZXN,Monein,Monein,64,43.31666666666667,-0.5833333333333334
FRZYL,FR,ZYL,Lazenay,Lazenay,18,47.06666666666667,2.066666666666667
FRZZU,FR,ZZU,Carnoules,Carnoules,83,43.3,6.183333333333334
GAEKU,GA,EKU,Equata,Equata,1,-0.21666666666666667,9.3
GAOGU,GA,OGU,Oguandjo Terminal,Oguandjo Terminal,,-1.5,8.9
GB7TR,GB,7TR,Norton,Norton,WOR,52.15,-2.183333333333333
GBABA,GB,ABA,Aberaeron,Aberaeron,CGN,52.25,-4.25
GBABD,GB,ABD,Aberdeen,Aberdeen,ABE,57.13333333333333,-2.1
GBABF,GB,ABF,Aberdyfi (Aberdovey),Aberdyfi (Aberdovey),GWN,52.55,-4.033333333333333
GBABJ,GB,ABJ,Saint Abbs,Saint Abbs,SCB,55.9,-2.1333333333333333
GBABS,GB,ABS,Aber Sôch (Abersoch),Aber Soch (Abersoch),GWN,52.81666666666667,-4.5
GBABV,GB,ABV,Aberdovey,Aberdovey,GWN,52.53333333333333,-4.05
GBABW,GB,ABW,Barmouth (Abermaw),Barmouth (Abermaw),GWN,52.71666666666667,-4.05
GBACA,GB,ACA,Acharacle,Acharacle,HLD,54.733333333333334,-5.783333333333333
GBACB,GB,ACB,Back,Back,ELS,58.266666666666666,-6.316666666666666
GBACE,GB,ACE,Achiltibuie,Achiltibuie,HLD,58.03333333333333,-5.366666666666666
GBACV,GB,ACV,Cove (Aberdeen),Cove (Aberdeen),ABD,57.1,-2.066666666666667
GBADF,GB,ADF,Ardfern,Ardfern,AGB,56.18333333333333,-5.533333333333333
GBADK,GB,ADK,Ardkeen,Ardkeen,NMD,54.416666666666664,-5.516666666666667
GBADM,GB,ADM,Aird Mhor (Ardmhor),Aird Mhor (Ardmhor),ELS,57.016666666666666,-7.416666666666667
GBADR,GB,ADR,Aberdaron,Aberdaron,GWN,52.8,-4.716666666666667
GBAEE,GB,AEE,Abergele,Abergele,CWY,53.28333333333333,-3.5833333333333335
GBAEN,GB,AEN,Salen,Salen,HLD,56.7,-5.783333333333333
GBAET,GB,AET,Ardentinny,Ardentinny,AGB,56.03333333333333,-4.9
GBAFW,GB,AFW,Aberffraw,Aberffraw,AGY,53.18333333333333,-4.45
GBAGL,GB,AGL,Ardglass,Ardglass,NMD,54.266666666666666,-5.616666666666667
GBAGO,GB,AGO,Arinagour,Arinagour,AGB,56.61666666666667,-6.533333333333333
GBAGU,GB,AGU,Ardgour,Ardgour,HLD,56.71666666666667,-5.25
GBAHN,GB,AHN,Achnacroish,Achnacroish,AGB,56.5,-5.483333333333333
GBAIS,GB,AIS,St Agnes,St Agnes,CON,49.88333333333333,-6.333333333333333
GBAIT,GB,AIT,Aith,Aith,ZET,60.28333333333333,-1.3833333333333333
GBAKL,GB,AKL,Auckengill,Auckengill,HLD,58.56666666666667,-3.066666666666667
GBALB,GB,ALB,Aldeburgh,Aldeburgh,SFK,52.15,1.6
GBALI,GB,ALI,Arlington,Arlington,GLS,51.75,-1.8333333333333335
GBALL,GB,ALL,Alloa,Alloa,CLK,56.11666666666667,-3.783333333333333
GBALM,GB,ALM,Alnmouth,Alnmouth,NBL,55.38333333333333,-1.6166666666666667
GBALP,GB,ALP,Althorpe,Althorpe,NLN,53.583333333333336,-0.7333333333333333
GBAMB,GB,AMB,Amble,Amble,NBL,55.31666666666667,-1.5833333333333335
GBAMD,GB,AMD,"Armadale, Isle of Skye","Armadale, Isle of Skye",HLD,57.05,-5.9
GBAMH,GB,AMH,Ardmaleish,Ardmaleish,AGB,55.86666666666667,-5.083333333333333
GBAML,GB,AML,Ambleside,Ambleside,CMA,54.43333333333333,-2.966666666666667
GBAMN,GB,AMN,Ardnamurchan,Ardnamurchan,HLD,56.68333333333333,-6.083333333333333
GBAMR,GB,AMR,Aird Ma Ruibhe,Aird Ma Ruibhe,AGB,57.7,-7.183333333333334
GBAMW,GB,AMW,Amlwch,Amlwch,AGY,53.416666666666664,-4.35
GBANA,GB,ANA,Anasuria,Anasuria,SCT,57.25,0.8
GBANG,GB,ANG,Annalong,Annalong,NMD,54.1,-5.9
GBANN,GB,ANN,Annan,Annan,DGY,54.983333333333334,-3.2666666666666666
GBANO,GB,ANO,Road Town,Road Town,,18.416666666666668,-64.61666666666666
GBANS,GB,ANS,Anstruther,Anstruther,FIF,56.21666666666667,-2.7
GBAOL,GB,AOL,Abbotsley,Abbotsley,CAM,52.18333333333333,-0.2
GBAOT,GB,AOT,Abbotsbury,Abbotsbury,DOR,50.666666666666664,-2.6
GBAPI,GB,API,Appin,Appin,AGB,56.56666666666667,-5.35
GBAPP,GB,APP,Appledore,Appledore,DEV,51.05,-4.2
GBAPS,GB,APS,Applecross,Applecross,HLD,57.38333333333333,-5.8
GBAQW,GB,AQW,Longsight,Longsight,MAN,53.46666666666667,-2.2
GBARB,GB,ARB,Arbroath,Arbroath,ANS,56.56666666666667,-2.5833333333333335
GBARC,GB,ARC,Abercastle,Abercastle,PEM,51.95,-5.116666666666666
GBARD,GB,ARD,Ardrossan,Ardrossan,NAY,55.61666666666667,-4.816666666666666
GBARG,GB,ARG,Arisaig,Arisaig,HLD,56.9,-5.85
GBARP,GB,ARP,West Harptree,West Harptree,BAS,51.3,-2.6166666666666667
GBARV,GB,ARV,Ardveenish,Ardveenish,ELS,57.0,-7.4
GBASA,GB,ASA,Saint-Anne's-on-Sea,Saint-Anne's-on-Sea,LAN,53.75,-3.05
GBASG,GB,ASG,Ardrishaig,Ardrishaig,AGB,56.016666666666666,-5.45
GBATS,GB,ATS,Sleat,Sleat,HLD,57.05,-5.9
GBAUL,GB,AUL,Aultbea,Aultbea,HLD,57.833333333333336,-5.566666666666666
GBAVC,GB,AVC,Avoch,Avoch,HLD,57.55,-4.166666666666667
GBAVL,GB,AVL,Alveley,Alveley,SHR,52.45,-2.3333333333333335
GBAVO,GB,AVO,Avonmouth,Avonmouth,BST,51.5,-2.6833333333333336
GBAXO,GB,AXO,Axmouth,Axmouth,DEV,50.7,-3.05
GBAYD,GB,AYD,Aberdour,Aberdour,FIF,56.05,-3.283333333333333
GBAYR,GB,AYR,Ayr,Ayr,SAY,55.45,-4.616666666666667
GBAYW,GB,AYW,Aberystwyth,Aberystwyth,CGN,52.416666666666664,-4.083333333333333
GBBAD,GB,BAD,Barry Dock,Barry Dock,VGL,51.38333333333333,-3.25
GBBAN,GB,BAN,Bangor,Bangor,AND,54.65,-5.666666666666667
GBBAZ,GB,BAZ,Barton on Sea,Barton on Sea,,50.733333333333334,-1.65
GBBBE,GB,BBE,Branscombe,Branscombe,DEV,50.7,-3.1333333333333333
GBBBK,GB,BBK,Burton Bradstock,Burton Bradstock,DOR,50.7,-2.716666666666667
GBBBN,GB,BBN,Balbriggan,Balbriggan,,53.6,-6.166666666666667
GBBBP,GB,BBP,Bembridge,Bembridge,IOW,50.68333333333333,-1.0833333333333333
GBBBX,GB,BBX,Barnstone,Barnstone,NTT,52.9,-0.9
GBBCE,GB,BCE,Barcaldine,Barcaldine,AGB,56.516666666666666,-5.3
GBBCH,GB,BCH,Bruichladdich,Bruichladdich,AGB,55.766666666666666,-6.366666666666666
GBBCR,GB,BCR,Buck's Cross,Buck's Cross,DEV,51.0,-4.4
GBBCS,GB,BCS,Brancaster Staithe,Brancaster Staithe,NFK,52.96666666666667,0.6666666666666666
GBBD2,GB,BD2,Bedhampton,Bedhampton,HAM,50.85,-1.0
GBBDA,GB,BDA,Birkdale,Birkdale,SFT,53.63333333333333,-3.033333333333333
GBBDB,GB,BDB,Barnoldby le Beck,Barnoldby le Beck,NEL,53.5,-0.13333333333333333
GBBDF,GB,BDF,"Broadford, Isle of Skye","Broadford, Isle of Skye",HLD,57.233333333333334,-5.9
GBBDI,GB,BDI,"Brodick, Isle of Arran","Brodick, Isle of Arran",NAY,55.583333333333336,-5.166666666666667
GBBDT,GB,BDT,Broadstairs,Broadstairs,KEN,51.36666666666667,1.4166666666666667
GBBDZ,GB,BDZ,Bardsea,Bardsea,CMA,54.15,-3.066666666666667
GBBE2,GB,BE2,Bubwith,Bubwith,ERY,53.81666666666667,-0.9166666666666666
GBBEH,GB,BEH,Berry Head,Berry Head,,50.4,-3.4833333333333334
GBBEL,GB,BEL,Belfast,Belfast,BFS,54.983333333333334,-5.916666666666667
GBBFB,GB,BFB,Braefoot Bay,Braefoot Bay,FIF,56.05,-3.3166666666666664
GBBFE,GB,BFE,Brierfield,Brierfield,LAN,53.81666666666667,-2.2333333333333334
GBBFF,GB,BFF,Banff,Banff,ABD,57.666666666666664,-2.533333333333333
GBBFO,GB,BFO,Bodffordd,Bodffordd,AGY,53.266666666666666,-4.366666666666666
GBBFP,GB,BFP,Blackford,Blackford,ABD,57.4,-2.4833333333333334
GBBFU,GB,BFU,Broughton In Furness,Broughton In Furness,CMA,54.266666666666666,-3.2
GBBFY,GB,BFY,Briton Ferry,Briton Ferry,NTL,51.63333333333333,-3.8166666666666664
GBBGY,GB,BGY,Bingley,Bingley,BRD,53.85,-1.8333333333333335
GBBHB,GB,BHB,Ballyhalbert,Ballyhalbert,AND,54.5,-5.45
GBBHJ,GB,BHJ,Bramshall,Bramshall,STS,52.9,-10.916666666666666
GBBHK,GB,BHK,Bromborough,Bromborough,WRL,53.333333333333336,-2.9833333333333334
GBBHR,GB,BHR,Barrow-upon-Humber,Barrow-upon-Humber,NLN,53.68333333333333,-0.38333333333333336
GBBHW,GB,BHW,Billingham,Billingham,STT,54.6,-1.3
GBBID,GB,BID,Bideford,Bideford,DEV,51.016666666666666,-4.216666666666667
GBBIF,GB,BIF,Barrow in Furness,Barrow in Furness,CMA,54.11666666666667,-3.2333333333333334
GBBIK,GB,BIK,Briston,Briston,NFK,52.85,1.0666666666666667
GBBKC,GB,BKC,"Backaland, Eday","Backaland, Eday",ORK,59.15,-2.75
GBBKS,GB,BKS,Blackness,Blackness,FAL,56.0,-3.5166666666666666
GBBLC,GB,BLC,Blakeney,Blakeney,NFK,52.95,1.0166666666666666
GBBLI,GB,BLI,Balintore,Balintore,HLD,57.75,-3.9
GBBLJ,GB,BLJ,Blairmore,Blairmore,AGB,55.983333333333334,-4.9
GBBLR,GB,BLR,Ballylumford,Ballylumford,ANN,54.833333333333336,-5.783333333333333
GBBLS,GB,BLS,Brightlingsea,Brightlingsea,ESS,51.81666666666667,1.0166666666666666
GBBLT,GB,BLT,Bolton,Bolton,BOL,53.583333333333336,-2.4333333333333336
GBBLU,GB,BLU,Beaulieu,Beaulieu,HAM,50.81666666666667,-1.4333333333333333
GBBLZ,GB,BLZ,Barlborough,Barlborough,DBY,53.28333333333333,-1.2833333333333332
GBBMC,GB,BMC,Balmacara,Balmacara,HLD,57.28333333333333,-5.616666666666667
GBBMO,GB,BMO,Burnmouth,Burnmouth,SCB,55.833333333333336,-2.066666666666667
GBBMR,GB,BMR,Beaumaris,Beaumaris,GWN,53.266666666666666,-4.1
GBBMT,GB,BMT,"Belmont, Unst","Belmont, Unst",ZET,60.68333333333333,-0.9666666666666667
GBBMU,GB,BMU,Barmouth,Barmouth,GWN,52.71666666666667,-4.05
GBBMX,GB,BMX,Boulmer,Boulmer,NBL,55.416666666666664,-1.5666666666666667
GBBNB,GB,BNB,Bunnahabhain,Bunnahabhain,AGB,55.88333333333333,-6.133333333333334
GBBND,GB,BND,Barnstaple,Barnstaple,DEV,51.06666666666667,-4.05
GBBNG,GB,BNG,Bangor,Bangor,GWN,53.233333333333334,-4.133333333333334
GBBNH,GB,BNH,Barton upon Humber,Barton upon Humber,NLN,53.666666666666664,-0.43333333333333335
GBBNR,GB,BNR,Ballantrae,Ballantrae,SAY,55.083333333333336,-4.983333333333333
GBBOC,GB,BOC,Burnham on Crouch,Burnham on Crouch,ESS,51.61666666666667,0.8333333333333334
GBBOE,GB,BOE,Bootle,Bootle,SFT,53.46666666666667,-3.0166666666666666
GBBOH,GB,BOH,Bournemouth,Bournemouth,DOR,50.733333333333334,-1.8833333333333333
GBBOL,GB,BOL,Botley,Botley,BKM,51.7,-0.016666666666666666
GBBON,GB,BON,Bo'ness,Bo'ness,FAL,56.0,-3.6
GBBOS,GB,BOS,Boston,Boston,LIN,52.96666666666667,-0.03333333333333333
GBBOT,GB,BOT,Borth-y-Gest,Borth-y-Gest,GWN,52.916666666666664,-4.133333333333334
GBBOW,GB,BOW,Bowling,Bowling,RFW,55.916666666666664,-4.483333333333333
GBBPE,GB,BPE,Broadmoor,Broadmoor,PEM,51.71666666666667,-4.75
GBBPT,GB,BPT,Burry Port,Burry Port,CMN,51.68333333333333,-4.25
GBBQQ,GB,BQQ,Bickington,Bickington,DEV,50.53333333333333,-3.6833333333333336
GBBQX,GB,BQX,Beadnell,Beadnell,NBL,55.55,-1.6333333333333333
GBBRF,GB,BRF,Bradford,Bradford,BRD,53.78333333333333,-1.75
GBBRJ,GB,BRJ,Brora,Brora,HLD,58.016666666666666,-3.85
GBBRK,GB,BRK,Birkenhead,Birkenhead,WRL,53.4,-3.033333333333333
GBBRN,GB,BRN,Burnley,Burnley,LAN,53.8,-2.216666666666667
GBBRP,GB,BRP,Bridport,Bridport,DOR,50.733333333333334,-2.75
GBBRR,GB,BRR,Barra,Barra,,57.0,-7.45
GBBRS,GB,BRS,Bristol,Bristol,BST,51.45,-2.5833333333333335
GBBRT,GB,BRT,Bridlington,Bridlington,ERY,54.083333333333336,-0.2
GBBRU,GB,BRU,"Bruray, Out Skerries","Bruray, Out Skerries",ZET,60.416666666666664,-0.75
GBBRW,GB,BRW,Bridgwater,Bridgwater,SOM,51.11666666666667,-3.0
GBBRX,GB,BRX,Brixham,Brixham,DEV,50.38333333333333,-3.5
GBBSC,GB,BSC,Boscastle,Boscastle,CON,50.68333333333333,-4.7
GBBSI,GB,BSI,Bognor Regis,Bognor Regis,WSX,50.78333333333333,-0.6833333333333333
GBBSL,GB,BSL,Bosley,Bosley,CHE,53.18333333333333,-2.1166666666666667
GBBSM,GB,BSM,Bourton,Bourton,NSM,51.06666666666667,-2.3333333333333335
GBBSN,GB,BSN,Baltasound,Baltasound,ZET,60.75,-0.8666666666666667
GBBSS,GB,BSS,Borrowstowness,Borrowstowness,CMA,54.43333333333333,-3.5166666666666666
GBBSX,GB,BSX,Beesands,Beesands,DEV,50.333333333333336,-3.5666666666666664
GBBSY,GB,BSY,Barnsley,Barnsley,BNS,53.55,-1.4833333333333334
GBBTK,GB,BTK,Bedstone,Bedstone,SHR,52.36666666666667,-2.9333333333333336
GBBTL,GB,BTL,Burntisland,Burntisland,FIF,56.06666666666667,-3.2333333333333334
GBBTZ,GB,BTZ,Butterwick,Butterwick,LIN,52.983333333333334,0.0
GBBUA,GB,BUA,Budleigh Salterton,Budleigh Salterton,DEV,50.63333333333333,-3.3333333333333335
GBBUC,GB,BUC,Buckie,Buckie,MRY,57.666666666666664,-2.966666666666667
GBBUD,GB,BUD,Bude,Bude,CON,50.833333333333336,-4.55
GBBUF,GB,BUF,Burray,Burray,ORK,58.85,-2.9166666666666665
GBBUH,GB,BUH,Burghead,Burghead,MRY,57.7,-3.4833333333333334
GBBUO,GB,BUO,Barrow On Soar,Barrow On Soar,LEC,52.75,-1.1333333333333333
GBBUS,GB,BUS,Burton upon Stather,Burton upon Stather,NLN,53.65,-0.6833333333333333
GBBUY,GB,BUY,Bury,Bury,WSX,50.9,-0.5666666666666667
GBBVO,GB,BVO,Burravoe,Burravoe,ZET,60.483333333333334,-1.0166666666666666
GBBVR,GB,BVR,Balvicar,Balvicar,AGB,56.28333333333333,-5.6
GBBWC,GB,BWC,Burwick,Burwick,ORK,58.75,-2.966666666666667
GBBWK,GB,BWK,Berwick-upon-Tweed,Berwick-upon-Tweed,NBL,55.78333333333333,-2.0
GBBWM,GB,BWM,Bray,Bray,WNM,51.5,-0.7
GBBWU,GB,BWU,Barrow upon Trent,Barrow upon Trent,DBY,52.85,-1.4666666666666668
GBBWV,GB,BWV,Budock Water,Budock Water,CON,50.15,-5.116666666666666
GBBXB,GB,BXB,Bexhill,Bexhill,ESX,50.85,0.4666666666666667
GBBXF,GB,BXF,Bassingham,Bassingham,LIN,53.11666666666667,-0.6333333333333333
GBBXS,GB,BXS,Brighstone,Brighstone,IOW,50.63333333333333,-1.3833333333333333
GBBXT,GB,BXT,Brotton,Brotton,RCC,54.56666666666667,-0.9333333333333333
GBBXX,GB,BXX,Beer,Beer,DEV,50.68333333333333,-3.0833333333333335
GBBYI,GB,BYI,Brynsiencyn,Brynsiencyn,AGY,53.18333333333333,-4.233333333333333
GBBYN,GB,BYN,Broadmayne,Broadmayne,DOR,50.68333333333333,-2.3833333333333333
GBBYP,GB,BYP,Ballintoy,Ballintoy,ANN,55.233333333333334,-6.35
GBBZR,GB,BZR,Bryher,Bryher,CON,49.95,-6.35
GBBZT,GB,BZT,Broughton,Broughton,FLN,53.166666666666664,-3.0
GBC5T,GB,C5T,Cardington,Cardington,BDF,52.1,-0.4
GBCAB,GB,CAB,Carbost,Carbost,HLD,57.18333333333333,-6.2
GBCAF,GB,CAF,Collafirth,Collafirth,ZET,60.53333333333333,-1.3666666666666667
GBCAG,GB,CAG,"Ceann a Gharaidh, Eriskay","Ceann a Gharaidh, Eriskay",ELS,57.06666666666667,-7.283333333333333
GBCAH,GB,CAH,Carnlough,Carnlough,LRN,54.983333333333334,-6.0
GBCAN,GB,CAN,Canvey Island,Canvey Island,ESS,51.516666666666666,0.5666666666666667
GBCAR,GB,CAR,Cardigan (Aberteifi),Cardigan (Aberteifi),CGN,52.083333333333336,-4.65
GBCAU,GB,CAU,Camusnagaul,Camusnagaul,HLD,56.833333333333336,-5.133333333333334
GBCBA,GB,CBA,Castlebay,Castlebay,ELS,56.95,-7.466666666666667
GBCBE,GB,CBE,Camber,Camber,ESX,50.93333333333333,0.7833333333333333
GBCBL,GB,CBL,Cairnbulg,Cairnbulg,ABD,57.666666666666664,-1.9166666666666665
GBCBM,GB,CBM,Combe Martin,Combe Martin,DEV,51.2,-4.033333333333333
GBCBO,GB,CBO,Cranborne,Cranborne,DOR,50.916666666666664,-1.9166666666666665
GBCBT,GB,CBT,Campbeltown,Campbeltown,AGB,55.43333333333333,-5.633333333333333
GBCBX,GB,CBX,Baxenden,Baxenden,LAN,53.733333333333334,-2.35
GBCCC,GB,CCC,Criccieth,Criccieth,GWN,52.916666666666664,-4.233333333333333
GBCCE,GB,CCE,Catterline,Catterline,ABD,56.9,-1.2
GBCCH,GB,CCH,Christchurch,Christchurch,DOR,50.733333333333334,-1.75
GBCCL,GB,CCL,Cape Cornwall,Cape Cornwall,CON,50.11666666666667,-5.7
GBCDF,GB,CDF,Cardiff,Cardiff,CRF,51.5,-3.2
GBCDK,GB,CDK,Chideock,Chideock,DOR,50.71666666666667,-2.8166666666666664
GBCEB,GB,CEB,Cemaes Bay,Cemaes Bay,AGY,53.416666666666664,-4.45
GBCEI,GB,CEI,Ceinewydd (New Quay),Ceinewydd (New Quay),CGN,52.21666666666667,-4.366666666666666
GBCEL,GB,CEL,Cellardyke,Cellardyke,FIF,56.233333333333334,-2.65
GBCET,GB,CET,Carsethorn,Carsethorn,DGY,54.916666666666664,-3.5666666666666664
GBCFE,GB,CFE,Crieff,Crieff,PKN,56.36666666666667,-3.8333333333333335
GBCFM,GB,CFM,Corfe Mullen,Corfe Mullen,DOR,50.78333333333333,-2.033333333333333
GBCGB,GB,CGB,Coldingham,Coldingham,SCB,55.88333333333333,-2.1666666666666665
GBCGJ,GB,CGJ,"Craighouse, Isle of Jura","Craighouse, Isle of Jura",AGB,55.833333333333336,-5.95
GBCGP,GB,CGP,Cloghan Point/Carrickfergus,Cloghan Point/Carrickfergus,CKF,54.7,-5.8
GBCGT,GB,CGT,Covent Garden,Covent Garden,WSM,51.5,-8.0
GBCGY,GB,CGY,Congresbury,Congresbury,NSM,51.36666666666667,-2.8166666666666664
GBCGZ,GB,CGZ,Cadgwith,Cadgwith,CON,49.983333333333334,-5.166666666666667
GBCHD,GB,CHD,Charleston,Charleston,ANS,56.583333333333336,-3.0
GBCHE,GB,CHE,Mostyn,Mostyn,FLN,53.3,-3.2666666666666666
GBCHJ,GB,CHJ,Charmouth,Charmouth,DOR,50.733333333333334,-2.9
GBCHT,GB,CHT,Chepstow,Chepstow,MON,51.63333333333333,-2.6666666666666665
GBCII,GB,CII,Chillington,Chillington,SOM,51.0,-4.4
GBCIT,GB,CIT,Collieston,Collieston,ABD,57.35,-1.9166666666666665
GBCKK,GB,CKK,Crosskirk,Crosskirk,HLD,58.6,-3.65
GBCKN,GB,CKN,Culkein,Culkein,HLD,58.25,-5.35
GBCKR,GB,CKR,Chickerell,Chickerell,DOR,50.61666666666667,-2.5
GBCKS,GB,CKS,Creeksea,Creeksea,,51.63333333333333,0.7833333333333333
GBCLJ,GB,CLJ,Claonaig,Claonaig,AGB,55.75,5.383333333333334
GBCLM,GB,CLM,Culkein/Drumbeg,Culkein/Drumbeg,HLD,58.233333333333334,-5.333333333333333
GBCLS,GB,CLS,Clacton-on-Sea,Clacton-on-Sea,ESS,51.8,1.15
GBCLY,GB,CLY,Clydebank,Clydebank,WDU,55.9,-4.4
GBCMA,GB,CMA,Cefn-Mawr,Cefn-Mawr,WRX,52.96666666666667,-3.066666666666667
GBCMD,GB,CMD,Cramond,Cramond,EDH,55.96666666666667,-3.283333333333333
GBCMP,GB,CMP,Crombie,Crombie,FIF,56.05,-3.533333333333333
GBCMS,GB,CMS,"Cumbrae Slip, Great Cumbrae","Cumbrae Slip, Great Cumbrae",NAY,55.78333333333333,-4.9
GBCNA,GB,CNA,"Canna, Inner Hebrides","Canna, Inner Hebrides",HLD,57.05,-6.5
GBCNC,GB,CNC,Crinan,Crinan,AGB,56.083333333333336,-5.566666666666666
GBCNM,GB,CNM,Central Mainland (Shetland),Central Mainland (Shetland),ZET,60.31666666666667,-1.2666666666666666
GBCNP,GB,CNP,Saint Catherine's Point,Saint Catherine's Point,IOW,50.56666666666667,-1.3
GBCNU,GB,CNU,Craignure,Craignure,AGB,56.46666666666667,-5.716666666666667
GBCNX,GB,CNX,Cawsand,Cawsand,CON,50.31666666666667,-4.35
GBCNZ,GB,CNZ,Cockenzie,Cockenzie,ELN,55.95,-2.95
GBCOQ,GB,COQ,Connah's Quay,Connah's Quay,FLN,53.21666666666667,-3.066666666666667
GBCOR,GB,COR,Corpach,Corpach,HLD,56.85,-5.116666666666666
GBCPD,GB,CPD,Chapel Saint Leonards,Chapel Saint Leonards,LIN,53.21666666666667,0.31666666666666665
GBCQQ,GB,CQQ,Cockwood,Cockwood,,50.6,-3.4333333333333336
GBCQY,GB,CQY,Connahs Quay,Connahs Quay,FLN,53.21666666666667,-3.066666666666667
GBCR5,GB,CR5,Cropton,Cropton,NYK,54.28333333333333,-0.8333333333333334
GBCRA,GB,CRA,Carradale,Carradale,AGB,55.583333333333336,-5.466666666666667
GBCRJ,GB,CRJ,Crail,Crail,FIF,56.266666666666666,-2.6333333333333333
GBCRN,GB,CRN,Cromarty,Cromarty,HLD,57.666666666666664,-4.033333333333333
GBCRR,GB,CRR,Cromer,Cromer,NFK,52.93333333333333,1.3
GBCRT,GB,CRT,Carrington,Carrington,TRF,53.43333333333333,-2.3833333333333333
GBCRV,GB,CRV,Carlton Colville,Carlton Colville,SFK,52.45,1.7
GBCRX,GB,CRX,Craster,Craster,,55.46666666666667,-1.5833333333333335
GBCSC,GB,CSC,Caister on Sea,Caister on Sea,,52.65,1.75
GBCSN,GB,CSN,Garston,Garston,,53.333333333333336,-2.9
GBCST,GB,CST,Chichester,Chichester,WSX,50.833333333333336,-0.7833333333333333
GBCSU,GB,CSU,Cadishead,Cadishead,MAN,53.4,-2.45
GBCSW,GB,CSW,Castletown,Castletown,DOR,50.56666666666667,-2.45
GBCTF,GB,CTF,Castleford,Castleford,WKF,53.71666666666667,-1.35
GBCU8,GB,CU8,Curbar,Curbar,DBY,53.266666666666666,-1.6333333333333333
GBCUA,GB,CUA,"Cuan Ferry, Seil","Cuan Ferry, Seil",AGB,56.266666666666666,-5.633333333333333
GBCUB,GB,CUB,"Church Bay, Rathlin Island","Church Bay, Rathlin Island",MYL,55.28333333333333,-6.183333333333334
GBCUE,GB,CUE,Cushendun,Cushendun,MYL,55.13333333333333,-6.05
GBCUJ,GB,CUJ,Cumbria,Cumbria,NYK,54.5,-3.25
GBCUM,GB,CUM,Cumbraes,Cumbraes,NAY,55.733333333333334,-4.916666666666667
GBCUN,GB,CUN,Cullen,Cullen,MRY,57.68333333333333,2.8166666666666664
GBCUR,GB,CUR,Curlew,Curlew,,56.733333333333334,1.3
GBCUS,GB,CUS,Cushendall,Cushendall,MYL,55.083333333333336,-6.05
GBCUV,GB,CUV,"Cullivoe, Yell","Cullivoe, Yell",ZET,60.7,-1.0166666666666666
GBCVA,GB,CVA,Colintraive,Colintraive,AGB,55.916666666666664,-5.133333333333334
GBCVE,GB,CVE,Cove,Cove,SCB,55.93333333333333,-2.35
GBCVI,GB,CVI,Cove (Leith),Cove (Leith),EDH,55.93333333333333,-2.35
GBCVL,GB,CVL,Clovelly,Clovelly,CON,51.0,-4.4
GBCVT,GB,CVT,Coventry,Coventry,COV,52.416666666666664,-1.55
GBCVW,GB,CVW,Convoys Wharf,Convoys Wharf,,51.8,-0.03333333333333333
GBCWA,GB,CWA,Conwy (Conway),Conwy (Conway),CWY,53.28333333333333,-3.8333333333333335
GBCWH,GB,CWH,West Chiltington,West Chiltington,WSX,50.93333333333333,-0.45
GBCWN,GB,CWN,Charlestown,Charlestown,FIF,56.03333333333333,-3.5
GBCYD,GB,CYD,Clynderwen,Clynderwen,PEM,51.833333333333336,-4.7
GBCYN,GB,CYN,Cairnryan,Cairnryan,DGY,54.96666666666667,-5.016666666666667
GBCYY,GB,CYY,Colwyn Bay (Bae Colwyn),Colwyn Bay (Bae Colwyn),CWY,53.3,-3.7333333333333334
GBCZV,GB,CZV,Clunbury,Clunbury,SHR,52.416666666666664,-2.9166666666666665
GBCZZ,GB,CZZ,Constantine,Constantine,CON,50.11666666666667,-5.166666666666667
GBDAG,GB,DAG,Dagenham,Dagenham,BDG,51.55,0.16666666666666666
GBDBG,GB,DBG,Ardbeg,Ardbeg,AGB,55.63333333333333,-6.1
GBDBR,GB,DBR,Dunbar,Dunbar,ELN,56.0,-2.5166666666666666
GBDBY,GB,DBY,Dulas Bay,Dulas Bay,AGY,53.36666666666667,-4.266666666666667
GBDDT,GB,DDT,Durward Dauntless,Durward Dauntless,,57.5,-0.08333333333333333
GBDEB,GB,DEB,Denby,Denby,DBY,53.016666666666666,-1.4
GBDER,GB,DER,Dereham,Dereham,NFK,52.68333333333333,0.9333333333333333
GBDET,GB,DET,Denton,Denton,ESX,50.8,0.05
GBDFD,GB,DFD,Dartford,Dartford,KEN,51.45,0.21666666666666667
GBDHD,GB,DHD,Donaghadee,Donaghadee,ARD,54.63333333333333,-5.533333333333333
GBDIN,GB,DIN,Dingle,Dingle,LIV,53.38333333333333,-2.95
GBDIW,GB,DIW,Dingwall,Dingwall,HLD,57.6,-4.45
GBDMB,GB,DMB,Boddam,Boddam,ABD,57.45,-1.7666666666666666
GBDMO,GB,DMO,Dromore,Dromore,BNB,54.416666666666664,-6.15
GBDNE,GB,DNE,Dunster,Dunster,SOM,51.166666666666664,-3.4333333333333336
GBDNF,GB,DNF,Dunrossness and Fair Isle,Dunrossness and Fair Isle,ZET,59.55,-1.6333333333333333
GBDNU,GB,DNU,Dunoon,Dunoon,AGB,55.95,-4.95
GBDNW,GB,DNW,Dunwich,Dunwich,SFK,52.266666666666666,1.6166666666666667
GBDOR,GB,DOR,Ballydorn,Ballydorn,AND,54.483333333333334,-5.633333333333333
GBDOS,GB,DOS,Dale Roads,Dale Roads,,51.7,-5.15
GBDRE,GB,DRE,Dunure,Dunure,SAY,55.38333333333333,-4.75
GBDRL,GB,DRL,Darlington,Darlington,DUR,54.53333333333333,-1.5666666666666667
GBDRX,GB,DRX,Drax,Drax,NYK,53.733333333333334,-0.9833333333333333
GBDS2,GB,DS2,Daresbury,Daresbury,HAL,53.333333333333336,-2.6333333333333333
GBDSK,GB,DSK,Dunseverick,Dunseverick,ANT,55.233333333333334,-6.45
GBDSS,GB,DSS,Dungeness,Dungeness,KEN,50.916666666666664,0.9666666666666667
GBDTF,GB,DTF,Dunstaffnage,Dunstaffnage,AGB,57.46666666666667,-6.683333333333334
GBDTM,GB,DTM,Dartmouth,Dartmouth,,50.35,-3.5833333333333335
GBDTN,GB,DTN,Dunston,Dunston,GAT,54.95,-1.65
GBDUC,GB,DUC,Dunchurch,Dunchurch,WAR,52.333333333333336,-1.2833333333333332
GBDUE,GB,DUE,Dunbeath,Dunbeath,HLD,58.25,-3.4333333333333336
GBDUM,GB,DUM,Dumfries,Dumfries,DGY,55.05,-3.6
GBDUN,GB,DUN,Dundee,Dundee,DND,56.5,-2.966666666666667
GBDVN,GB,DVN,Dunvegan,Dunvegan,HLD,57.43333333333333,-6.583333333333333
GBDVP,GB,DVP,Devonport,Devonport,,50.36666666666667,-4.183333333333334
GBDWL,GB,DWL,Bradwell Waterside,Bradwell Waterside,ESS,51.733333333333334,0.8833333333333333
GBDWY,GB,DWY,Dewsbury,Dewsbury,KIR,53.7,-1.6166666666666667
GBDYB,GB,DYB,Dalgety Bay,Dalgety Bay,FIF,56.03333333333333,-3.35
GBDYN,GB,DYN,Ardyne,Ardyne,AGB,55.86666666666667,-5.033333333333333
GBDYS,GB,DYS,Dysart,Dysart,FIF,56.13333333333333,-3.1166666666666667
GBEAA,GB,EAA,"Easdale, Seil","Easdale, Seil",AGB,56.28333333333333,-5.65
GBEAM,GB,EAM,Eastham,Eastham,LIV,53.3,-2.966666666666667
GBEBO,GB,EBO,Eastbourne,Eastbourne,ESX,50.766666666666666,0.2833333333333333
GBECO,GB,ECO,Earls Colne,Earls Colne,ESS,51.93333333333333,0.6833333333333333
GBECS,GB,ECS,Eccles,Eccles,SLF,53.483333333333334,-2.3333333333333335
GBEDI,GB,EDI,Edinburgh,Edinburgh,EDH,55.95,-3.2
GBEEN,GB,EEN,Shobdon,Shobdon,HEF,52.25,-2.8666666666666667
GBEER,GB,EER,Deerness,Deerness,ORK,58.96666666666667,-2.85
GBEGI,GB,EGI,Egilsay,Egilsay,ORK,59.15,-2.9333333333333336
GBEGO,GB,EGO,"Elgol, Isle of Skye","Elgol, Isle of Skye",HLD,57.15,-6.1
GBEIL,GB,EIL,Sheildaig,Sheildaig,,54.21666666666667,-2.8
GBEIN,GB,EIN,Eling,Eling,HAM,50.9,-1.4833333333333334
GBEKN,GB,EKN,Eisken,Eisken,ELS,58.6,-6.516666666666667
GBELB,GB,ELB,"Ellenabeich, Seil","Ellenabeich, Seil",AGB,56.28333333333333,-5.65
GBELI,GB,ELI,Elie,Elie,FIF,56.2,-2.8166666666666664
GBELS,GB,ELS,Elsham,Elsham,NLN,53.6,-0.43333333333333335
GBEME,GB,EME,East Mersea,East Mersea,,51.7,1.1
GBENB,GB,ENB,Tenbury,Tenbury,WOR,52.3,-2.5833333333333335
GBENH,GB,ENH,Beenham,Beenham,WBK,51.416666666666664,-1.15
GBENN,GB,ENN,Pennan,Pennan,ABD,57.666666666666664,-2.2666666666666666
GBEON,GB,EON,Seaton,Seaton,DEV,50.71666666666667,-3.0833333333333335
GBERI,GB,ERI,Erith,Erith,BEX,51.483333333333334,0.18333333333333332
GBESD,GB,ESD,Willesden,Willesden,BEN,51.53333333333333,-0.23333333333333334
GBESG,GB,ESG,Easington,Easington,DUR,54.78333333333333,-1.35
GBESH,GB,ESH,Shoreham-by-Sea,Shoreham-by-Sea,WSX,50.833333333333336,-0.26666666666666666
GBESK,GB,ESK,Eishken,Eishken,ELS,57.85,-6.366666666666666
GBESS,GB,ESS,Eshaness,Eshaness,ZET,60.5,-1.55
GBEVT,GB,EVT,Evanton,Evanton,HLD,57.65,-4.283333333333333
GBEWT,GB,EWT,East Wittering,East Wittering,WSX,50.766666666666666,-0.8833333333333333
GBEXE,GB,EXE,Exeter,Exeter,,50.7,-3.533333333333333
GBEXM,GB,EXM,Exmouth,Exmouth,,50.583333333333336,-3.4
GBEYM,GB,EYM,Eyemouth,Eyemouth,SCB,55.86666666666667,-2.1
GBFAI,GB,FAI,Fairisle,Fairisle,ZET,59.516666666666666,-1.6
GBFAS,GB,FAS,Faslane,Faslane,AGB,56.06666666666667,-4.816666666666666
GBFBH,GB,FBH,Flamborough,Flamborough,ERY,54.11666666666667,-0.11666666666666667
GBFBU,GB,FBU,Fishbourne,Fishbourne,IOW,50.733333333333334,-1.1666666666666667
GBFEB,GB,FEB,Ferrybridge,Ferrybridge,WKF,53.7,-1.2666666666666666
GBFEE,GB,FEE,Fairlie,Fairlie,NAY,55.75,-4.85
GBFEI,GB,FEI,Felbrigg,Felbrigg,NFK,52.9,1.2666666666666666
GBFEO,GB,FEO,Feolin Ferry,Feolin Ferry,AGB,55.85,-6.066666666666666
GBFID,GB,FID,Findochty,Findochty,MRY,57.7,-2.9
GBFIH,GB,FIH,Fisherrow/Musselburgh,Fisherrow/Musselburgh,ELN,55.93333333333333,-3.066666666666667
GBFIN,GB,FIN,Findhorn,Findhorn,MRY,57.65,-3.6
GBFIO,GB,FIO,"Fionnphort, Isle of Mull","Fionnphort, Isle of Mull",AGB,56.31666666666667,-6.366666666666666
GBFIS,GB,FIS,Fishguard,Fishguard,PEM,51.983333333333334,-4.966666666666667
GBFLE,GB,FLE,Fleetwood,Fleetwood,LAN,53.916666666666664,-3.0
GBFLH,GB,FLH,Flotta,Flotta,ORK,58.833333333333336,-3.1333333333333333
GBFLK,GB,FLK,Flookburgh,Flookburgh,CMA,54.166666666666664,-2.966666666666667
GBFLN,GB,FLN,Flaxton,Flaxton,NYK,54.03333333333333,-0.95
GBFLT,GB,FLT,Farlington,Farlington,NYK,54.1,-1.0666666666666667
GBFLU,GB,FLU,Flushing,Flushing,CON,50.15,-5.066666666666666
GBFLW,GB,FLW,Flixborough,Flixborough,NLN,53.61666666666667,-0.6833333333333333
GBFNH,GB,FNH,"Fishnish, Isle of Mull","Fishnish, Isle of Mull",AGB,56.5,-5.8
GBFNT,GB,FNT,Finnart,Finnart,PKN,56.666666666666664,-4.416666666666667
GBFNV,GB,FNV,Foinaven,Foinaven,,60.333333333333336,-4.4
GBFOI,GB,FOI,Foindlemore - Loch Glendhu,Foindlemore - Loch Glendhu,HLD,58.25,-4.983333333333333
GBFOL,GB,FOL,Folkestone,Folkestone,KEN,51.083333333333336,1.15
GBFOR,GB,FOR,Forth,Forth,SLK,55.75,-3.6833333333333336
GBFRB,GB,FRB,Fraserburgh,Fraserburgh,ABD,57.68333333333333,-2.0166666666666666
GBFRD,GB,FRD,Ferndale,Ferndale,RCT,51.65,-3.4333333333333336
GBFRI,GB,FRI,Frinton-on-Sea,Frinton-on-Sea,ESS,51.833333333333336,1.2333333333333334
GBFRM,GB,FRM,Formby,Formby,SFT,53.55,-3.05
GBFRW,GB,FRW,Freshwater,Freshwater,PEM,50.666666666666664,-1.5166666666666666
GBFRX,GB,FRX,Ferrybridge,Ferrybridge,DOR,50.56666666666667,-2.466666666666667
GBFTI,GB,FTI,The Forties,The Forties,DBY,52.766666666666666,-1.4833333333333334
GBFTR,GB,FTR,Fortrose,Fortrose,HLD,57.583333333333336,-4.133333333333334
GBFUR,GB,FUR,Furnace,Furnace,AGB,56.15,-5.166666666666667
GBFUU,GB,FUU,Thurnscoe,Thurnscoe,BNS,53.53333333333333,-1.3
GBFWE,GB,FWE,Freshwater East,Freshwater East,PEM,51.65,-4.866666666666667
GBFWM,GB,FWM,Fort William,Fort William,HLD,56.81666666666667,-5.116666666666666
GBFYD,GB,FYD,Ferryside,Ferryside,CMN,51.766666666666666,-4.366666666666666
GBGAD,GB,GAD,Garelochhead,Garelochhead,AGB,56.083333333333336,-4.833333333333333
GBGAE,GB,GAE,Graemsay,Graemsay,ORK,58.916666666666664,-3.2666666666666666
GBGAR,GB,GAR,Gairloch,Gairloch,HLD,57.7,-5.666666666666667
GBGAS,GB,GAS,"Galmisdale, Eigg","Galmisdale, Eigg",HLD,56.88333333333333,-6.133333333333334
GBGAT,GB,GAT,Gateshead,Gateshead,GAT,54.93333333333333,-1.6166666666666667
GBGDN,GB,GDN,Gardenstown,Gardenstown,ABD,57.666666666666664,-2.3333333333333335
GBGIG,GB,GIG,"Ardminish, Gigha Island","Ardminish, Gigha Island",AGB,55.666666666666664,-5.733333333333333
GBGIL,GB,GIL,Gillingham,Gillingham,MDW,51.38333333333333,0.55
GBGIR,GB,GIR,Girvan,Girvan,SAY,55.233333333333334,-4.866666666666667
GBGIS,GB,GIS,Garlieston,Garlieston,DGY,54.78333333333333,-4.366666666666666
GBGIV,GB,GIV,Govilon,Govilon,MON,51.81666666666667,-3.066666666666667
GBGL9,GB,GL9,Poulton,Poulton,GLS,51.7,-1.85
GBGLA,GB,GLA,Glenarm,Glenarm,ANT,54.8,-5.95
GBGLC,GB,GLC,Glenluce,Glenluce,DGY,54.86666666666667,-4.833333333333333
GBGLD,GB,GLD,Glasson Dock,Glasson Dock,LAN,53.983333333333334,-2.85
GBGLG,GB,GLG,Glenuig,Glenuig,HLD,56.833333333333336,-5.816666666666666
GBGLH,GB,GLH,Gareloch,Gareloch,AGB,56.1,-4.816666666666666
GBGLP,GB,GLP,Golspie,Golspie,HLD,57.983333333333334,-3.966666666666667
GBGLW,GB,GLW,Glasgow,Glasgow,GLG,55.833333333333336,-4.25
GBGMA,GB,GMA,Glenmallan,Glenmallan,AGB,56.11666666666667,-4.816666666666666
GBGMY,GB,GMY,Grimsay,Grimsay,ELS,57.46666666666667,-7.2
GBGNC,GB,GNC,Greencastle,Greencastle,DOW,54.03333333333333,-6.1
GBGNL,GB,GNL,Glenelg,Glenelg,HLD,57.21666666666667,-5.633333333333333
GBGNQ,GB,GNQ,Gunthorpe,Gunthorpe,NFK,52.86666666666667,0.9833333333333333
GBGOA,GB,GOA,Great Oakley,Great Oakley,ESS,51.9,1.1833333333333333
GBGOO,GB,GOO,Goole,Goole,ERY,53.71666666666667,-0.8666666666666667
GBGOR,GB,GOR,Gorran Haven,Gorran Haven,CON,50.233333333333334,-4.8
GBGOX,GB,GOX,Goxhill,Goxhill,NEL,53.666666666666664,-0.3333333333333333
GBGRG,GB,GRG,Grangemouth,Grangemouth,FAL,56.0,-3.716666666666667
GBGRJ,GB,GRJ,Grovehurst Jetty/Sittingbourne,Grovehurst Jetty/Sittingbourne,KEN,51.333333333333336,0.7333333333333333
GBGRK,GB,GRK,Greenock,Greenock,IVC,55.93333333333333,-4.75
GBGRN,GB,GRN,Granton,Granton,EDH,55.96666666666667,-3.216666666666667
GBGRO,GB,GRO,Groomsport,Groomsport,NDN,54.666666666666664,-5.616666666666667
GBGRU,GB,GRU,Grutness,Grutness,ZET,59.86666666666667,-1.2833333333333332
GBGRW,GB,GRW,Grove Port,Grove Port,NTT,53.583333333333336,-0.7
GBGSA,GB,GSA,Glensanda,Glensanda,HLD,56.56666666666667,-5.55
GBGSR,GB,GSR,Aldersgate,Aldersgate,LND,51.516666666666666,-0.08333333333333333
GBGSY,GB,GSY,Grimsby,Grimsby,NEL,53.53333333333333,-0.5
GBGTN,GB,GTN,Garston,Garston,LIV,53.333333333333336,-2.9
GBGUD,GB,GUD,Gourdon,Gourdon,ABD,56.833333333333336,-2.283333333333333
GBGUR,GB,GUR,Gourock,Gourock,IVC,55.95,-4.833333333333333
GBGUT,GB,GUT,"Gutcher, Yell","Gutcher, Yell",ZET,60.666666666666664,-1.0166666666666666
GBGVL,GB,GVL,Gulval,Gulval,CON,50.13333333333333,-5.516666666666667
GBGWG,GB,GWG,Great Wakering,Great Wakering,ESS,51.55,0.8
GBGWK,GB,GWK,Gweek,Gweek,CON,50.1,-5.2
GBGYL,GB,GYL,Argyll,Argyll,AGB,56.15,2.8
GBHA2,GB,HA2,Ashley,Ashley,HAM,51.06666666666667,-1.45
GBHAA,GB,HAA,Harraby,Harraby,CMA,54.88333333333333,-2.9
GBHBK,GB,HBK,Hest Bank,Hest Bank,LAN,54.083333333333336,-2.8
GBHDB,GB,HDB,Hilton/Derby,Hilton/Derby,DBY,52.93333333333333,-1.5
GBHDD,GB,HDD,Howdendyke,Howdendyke,ERY,53.733333333333334,-0.85
GBHDF,GB,HDF,Huddersfield,Huddersfield,KIR,53.65,-1.7833333333333332
GBHDR,GB,HDR,Helford River,Helford River,CON,50.083333333333336,-5.15
GBHDS,GB,HDS,Holland on Sea,Holland on Sea,ESS,51.766666666666666,1.1333333333333333
GBHEB,GB,HEB,Hebburn,Hebburn,STY,54.96666666666667,-1.5166666666666666
GBHEQ,GB,HEQ,Heaton,Heaton,LAN,54.03333333333333,-2.85
GBHGW,GB,HGW,Hightown,Hightown,SFT,53.516666666666666,-3.05
GBHGY,GB,HGY,Hougharry and Loch Eport,Hougharry and Loch Eport,ELS,57.6,-7.55
GBHKI,GB,HKI,Halkirk,Halkirk,HLD,58.516666666666666,-3.5
GBHLN,GB,HLN,Helensburgh,Helensburgh,AGB,56.0,-4.733333333333333
GBHLO,GB,HLO,Holy Loch,Holy Loch,AGB,55.983333333333334,-4.933333333333334
GBHLU,GB,HLU,Hunslet/Leeds,Hunslet/Leeds,LDS,53.78333333333333,-1.5333333333333332
GBHMA,GB,HMA,Helmsdale,Helmsdale,HLD,58.11666666666667,-3.65
GBHMV,GB,HMV,"Hamnavoe, Burra Isle","Hamnavoe, Burra Isle",ZET,60.1,-1.3333333333333333
GBHMY,GB,HMY,Hemsby,Hemsby,NFK,52.7,1.6833333333333333
GBHNS,GB,HNS,"Hamars Ness, Fetlar","Hamars Ness, Fetlar",ZET,60.61666666666667,-0.9333333333333333
GBHNU,GB,HNU,Hainault,Hainault,RDB,51.6,0.08333333333333333
GBHOJ,GB,HOJ,Howdon,Howdon,STY,54.983333333333334,-1.4666666666666668
GBHOM,GB,HOM,Holm,Holm,ORK,58.9,-2.9
GBHOP,GB,HOP,Hopeman,Hopeman,MRY,57.7,-3.4333333333333336
GBHOS,GB,HOS,Hoswick,Hoswick,ZET,60.0,-1.2666666666666666
GBHOV,GB,HOV,"Housa Voe, Papa Stour","Housa Voe, Papa Stour",ZET,60.333333333333336,-1.6666666666666665
GBHP2,GB,HP2,Greatham,Greatham,HPL,54.63333333333333,-1.2333333333333334
GBHPC,GB,HPC,Hope Cove,Hope Cove,DEV,50.233333333333334,-3.85
GBHPT,GB,HPT,Hound Point,Hound Point,FIF,56.03333333333333,-3.3
GBHRF,GB,HRF,Harefield,Harefield,HIL,51.6,-0.48333333333333334
GBHSE,GB,HSE,Hessle/Hull,Hessle/Hull,KHL,53.71666666666667,-0.43333333333333335
GBHST,GB,HST,Hunterston,Hunterston,NAY,55.71666666666667,-4.883333333333333
GBHTA,GB,HTA,Streatham,Streatham,LND,51.416666666666664,-1.1333333333333333
GBHTH,GB,HTH,Hythe,Hythe,KEN,51.06666666666667,1.0833333333333333
GBHTP,GB,HTP,Hartlepool,Hartlepool,HPL,54.68333333333333,-1.2166666666666668
GBHTS,GB,HTS,Whitehills,Whitehills,ABD,57.666666666666664,-2.5666666666666664
GBHUL,GB,HUL,Hull,Hull,ERY,53.733333333333334,-0.31666666666666665
GBHUT,GB,HUT,Houton,Houton,ORK,58.916666666666664,-3.183333333333333
GBHUX,GB,HUX,Hutton,Hutton,ESS,51.61666666666667,22.0
GBHVO,GB,HVO,"Ham Voe, Foula","Ham Voe, Foula",ZET,60.13333333333333,-2.033333333333333
GBHWV,GB,HWV,Howwood,Howwood,RFW,55.8,-4.55
GBHWZ,GB,HWZ,Hugh Town,Hugh Town,CON,49.916666666666664,-6.316666666666666
GBHXL,GB,HXL,Goxhill,Goxhill,ERY,53.88333333333333,-0.2
GBHXX,GB,HXX,Hedon,Hedon,,53.733333333333334,-0.18333333333333332
GBHYG,GB,HYG,Hayling Island,Hayling Island,HAM,50.833333333333336,-0.9833333333333333
GBHYI,GB,HYI,Holy Island,Holy Island,NBL,55.666666666666664,-1.8
GBHYR,GB,HYR,Heybridge,Heybridge,,51.71666666666667,0.7
GBIAY,GB,IAY,Inverallochy,Inverallochy,ABD,57.666666666666664,-1.9166666666666665
GBICH,GB,ICH,Inchture,Inchture,PKN,56.43333333333333,-3.1666666666666665
GBIFN,GB,IFN,Shifnal,Shifnal,SHR,52.666666666666664,-2.3666666666666667
GBIGG,GB,IGG,Eigg,Eigg,HLD,56.9,-6.166666666666667
GBIGM,GB,IGM,Ingoldmells,Ingoldmells,LIN,53.18333333333333,0.3333333333333333
GBILF,GB,ILF,Ilfracombe,Ilfracombe,,51.21666666666667,-4.116666666666666
GBILL,GB,ILL,Gills,Gills,HLD,58.65,-3.15
GBIMG,GB,IMG,Islandmagee,Islandmagee,ANT,54.81666666666667,-5.7
GBIMM,GB,IMM,Immingham,Immingham,NEL,53.6,-0.21666666666666667
GBINK,GB,INK,Inverkeithing,Inverkeithing,FIF,56.016666666666666,-3.4
GBINR,GB,INR,Inverie,Inverie,HLD,57.03333333333333,-5.683333333333334
GBINS,GB,INS,Instow,Instow,DEV,51.05,-4.166666666666667
GBINT,GB,INT,Wintringham,Wintringham,NYK,54.13333333333333,-0.65
GBINV,GB,INV,Inverness,Inverness,HLD,57.483333333333334,-4.216666666666667
GBIOG,GB,IOG,Isle of Grain,Isle of Grain,KEN,51.45,0.7
GBION,GB,ION,"Baile Mor, Iona","Baile Mor, Iona",AGB,56.333333333333336,-6.4
GBIOS,GB,IOS,Isle of Sheppey,Isle of Sheppey,KEN,51.4,0.8166666666666667
GBIRB,GB,IRB,Irby,Irby,CON,50.31666666666667,-4.95
GBIRE,GB,IRE,Leire,Leire,LEC,52.5,-113.66666666666667
GBIRV,GB,IRV,Irvine,Irvine,NAY,55.6,-4.666666666666667
GBISA,GB,ISA,Port Isaac,Port Isaac,CON,50.583333333333336,-4.816666666666666
GBISY,GB,ISY,Islay,Islay,AGB,55.8,-6.25
GBIVG,GB,IVG,Invergordon,Invergordon,HLD,57.7,-4.166666666666667
GBIVK,GB,IVK,Inverkip,Inverkip,IVC,55.9,-4.866666666666667
GBIVR,GB,IVR,Inveraray,Inveraray,AGB,56.233333333333334,-5.066666666666666
GBJAR,GB,JAR,Jarrow,Jarrow,STY,54.983333333333334,-1.45
GBJHV,GB,JHV,Johnshaven,Johnshaven,ABD,56.8,-2.3333333333333335
GBJHW,GB,JHW,Crown Dry-Dock,Crown Dry-Dock,KHL,53.233333333333334,-0.31666666666666665
GBJOG,GB,JOG,John O'Groats,John O'Groats,HLD,58.63333333333333,-3.066666666666667
GBJTB,GB,JTB,Johnstonebridge,Johnstonebridge,DGY,55.2,-3.4166666666666665
GBJUR,GB,JUR,Jura,Jura,AGB,56.016666666666666,-5.916666666666667
GBKAL,GB,KAL,"Kallin (Ceallan), Isle of Grimsay","Kallin (Ceallan), Isle of Grimsay",ELS,57.483333333333334,-7.2
GBKBE,GB,KBE,Kinlochbervie,Kinlochbervie,HLD,58.45,-5.033333333333333
GBKBK,GB,KBK,Burstwick,Burstwick,ERY,53.733333333333334,-0.13333333333333333
GBKBT,GB,KBT,Kirkcudbright,Kirkcudbright,DGY,54.833333333333336,-4.05
GBKCG,GB,KCG,Kennacraig,Kennacraig,AGB,55.8,-5.466666666666667
GBKCN,GB,KCN,Kircubbin,Kircubbin,DOW,54.483333333333334,-5.533333333333333
GBKDE,GB,KDE,Kincardine,Kincardine,FIF,56.06666666666667,-3.7
GBKEA,GB,KEA,Keadby,Keadby,NLN,53.6,-0.7333333333333333
GBKEI,GB,KEI,Keighley,Keighley,BRD,53.88333333333333,-1.9166666666666665
GBKES,GB,KES,Keiss,Keiss,HLD,58.53333333333333,-3.1166666666666667
GBKET,GB,KET,"Kettletoft, Sanday","Kettletoft, Sanday",ORK,59.233333333333334,-2.6
GBKEV,GB,KEV,Keyhaven,Keyhaven,HAM,50.71666666666667,-1.5666666666666667
GBKGH,GB,KGH,Killingholme,Killingholme,LIN,53.61666666666667,-0.26666666666666666
GBKHA,GB,KHA,Thakeham,Thakeham,WSX,50.93333333333333,-0.4166666666666667
GBKHN,GB,KHN,Kinghorn,Kinghorn,FIF,56.06666666666667,-3.1666666666666665
GBKIB,GB,KIB,Kingsbridge,Kingsbridge,DEV,50.28333333333333,-3.7666666666666666
GBKIC,GB,KIC,Kilcreggan,Kilcreggan,AGB,55.983333333333334,-4.85
GBKIM,GB,KIM,Kimmeridge,Kimmeridge,DOR,50.61666666666667,-2.1166666666666667
GBKIO,GB,KIO,Killough,Killough,DOW,54.25,-5.633333333333333
GBKIP,GB,KIP,Kippford,Kippford,DGY,54.86666666666667,-3.783333333333333
GBKIS,GB,KIS,Kishorn,Kishorn,HLD,57.4,-5.583333333333333
GBKKD,GB,KKD,Kirkcaldy,Kirkcaldy,FIF,56.11666666666667,-3.15
GBKKN,GB,KKN,Kirkconnel,Kirkconnel,DGY,55.38333333333333,-4.0
GBKLK,GB,KLK,Kilkeel,Kilkeel,NYM,54.06666666666667,-6.0
GBKLN,GB,KLN,King's Lynn,King's Lynn,NFK,52.75,0.38333333333333336
GBKLY,GB,KLY,Kilgetty,Kilgetty,PEM,51.733333333333334,-4.7
GBKMI,GB,KMI,Kemsing,Kemsing,KEN,51.3,0.21666666666666667
GBKNC,GB,KNC,Kinlochleven,Kinlochleven,AGB,56.7,-4.983333333333333
GBKOA,GB,KOA,Kilchoan,Kilchoan,HLD,56.7,-6.1
GBKOH,GB,KOH,"Kinloch, Rum","Kinloch, Rum",HLD,57.0,-6.283333333333333
GBKRM,GB,KRM,Kirtomy,Kirtomy,HLD,58.53333333333333,-4.15
GBKWE,GB,KWE,Kingswear,Kingswear,DEV,50.333333333333336,-3.5666666666666664
GBKWH,GB,KWH,Hatston,Hatston,ORK,59.0,-2.966666666666667
GBKWL,GB,KWL,Kirkwall,Kirkwall,ORK,58.983333333333334,-2.95
GBKYE,GB,KYE,Kyles of Bute,Kyles of Bute,AGB,55.86666666666667,-5.216666666666667
GBKYH,GB,KYH,Killyleagh,Killyleagh,,54.4,-5.716666666666667
GBKYL,GB,KYL,Kyle of Lochalsh,Kyle of Lochalsh,HLD,57.266666666666666,-5.716666666666667
GBKYN,GB,KYN,Kyleakin,Kyleakin,HLD,57.266666666666666,-5.733333333333333
GBKYU,GB,KYU,Kylesku,Kylesku,HLD,58.25,-5.016666666666667
GBLAB,GB,LAB,Llanaber,Llanaber,GWN,52.733333333333334,-4.083333333333333
GBLAH,GB,LAH,Lamlash,Lamlash,NAY,55.53333333333333,-5.15
GBLAO,GB,LAO,Landore,Landore,SWA,51.63333333333333,-3.9166666666666665
GBLAV,GB,LAV,Lavenham,Lavenham,SFK,52.1,0.8
GBLAX,GB,LAX,Laxo,Laxo,ZET,60.35,-1.2
GBLBA,GB,LBA,Leeds,Leeds,LDS,53.8,-1.5833333333333335
GBLBD,GB,LBD,"Lochboisdale (Loch Baghasdail), South Uist","Lochboisdale (Loch Baghasdail), South Uist",ELS,57.15,-7.316666666666666
GBLBE,GB,LBE,Loch Buie (Mull),Loch Buie (Mull),AGB,56.3,-5.9
GBLBH,GB,LBH,Lamb Head,Lamb Head,ORK,59.083333333333336,-2.533333333333333
GBLCA,GB,LCA,Lochawe,Lochawe,AGB,56.4,-5.05
GBLCC,GB,LCC,Loch Carnan,Loch Carnan,ELS,57.333333333333336,-7.25
GBLCD,GB,LCD,Loch Torridon,Loch Torridon,HLD,57.96666666666667,-6.266666666666667
GBLCG,GB,LCG,Loch Long,Loch Long,AGB,56.083333333333336,-4.85
GBLCM,GB,LCM,Lytchett Minster,Lytchett Minster,DOR,50.733333333333334,-2.05
GBLCR,GB,LCR,Lochcarron,Lochcarron,HLD,57.4,-5.483333333333333
GBLDC,GB,LDC,Ladock,Ladock,CON,50.31666666666667,-4.95
GBLDS,GB,LDS,Saint Leonards-on-Sea,Saint Leonards-on-Sea,ESX,50.85,0.5666666666666667
GBLEI,GB,LEI,Leith,Leith,EDH,55.95,-3.1666666666666665
GBLEQ,GB,LEQ,Land's End,Land's End,CON,50.06666666666667,-5.716666666666667
GBLER,GB,LER,Lerwick,Lerwick,ZET,60.15,-1.15
GBLFF,GB,LFF,Llansteffan,Llansteffan,CMN,51.766666666666666,-4.383333333333334
GBLGO,GB,LGO,Largo,Largo,FIF,56.21666666666667,-2.95
GBLGP,GB,LGP,London Gateway Port,London Gateway Port,ESS,51.5,0.48333333333333334
GBLGS,GB,LGS,Largs,Largs,NAY,55.78333333333333,-4.85
GBLHO,GB,LHO,"Longhope, Hoy","Longhope, Hoy",ORK,58.8,-3.2
GBLHS,GB,LHS,Loch Striven,Loch Striven,AGB,55.93333333333333,-5.066666666666666
GBLHV,GB,LHV,Little Haven,Little Haven,PEM,51.766666666666666,-5.1
GBLIB,GB,LIB,Liverpool Bay Terminal,Liverpool Bay Terminal,,53.68333333333333,-3.55
GBLIV,GB,LIV,Liverpool,Liverpool,LIV,53.416666666666664,-3.0
GBLL3,GB,LL3,Lullington,Lullington,DBY,52.7,-1.6166666666666667
GBLLD,GB,LLD,Llanddulas,Llanddulas,CWY,53.28333333333333,-3.6333333333333333
GBLLN,GB,LLN,Llanelli,Llanelli,CMN,51.666666666666664,-4.15
GBLLS,GB,LLS,Llanstephan,Llanstephan,CMN,51.78333333333333,-4.4
GBLLU,GB,LLU,Littlebourne,Littlebourne,KEN,51.266666666666666,1.1666666666666667
GBLMA,GB,LMA,Lochmaddy,Lochmaddy,ELS,57.6,-7.183333333333334
GBLMK,GB,LMK,Limekilns,Limekilns,FIF,56.03333333333333,-3.4833333333333334
GBLMN,GB,LMN,Ballymartin,Ballymartin,NMD,54.06666666666667,-5.95
GBLMT,GB,LMT,Llansamlet,Llansamlet,SWA,51.65,-3.8833333333333333
GBLNA,GB,LNA,Lochearnhead,Lochearnhead,STG,56.38333333333333,-4.283333333333333
GBLNM,GB,LNM,Lynmouth,Lynmouth,,51.21666666666667,-3.8166666666666664
GBLOE,GB,LOE,Looe,Looe,CON,50.35,-4.45
GBLOK,GB,LOK,Little Oakley,Little Oakley,ESS,51.916666666666664,1.2333333333333334
GBLOL,GB,LOL,Lochaline,Lochaline,HLD,56.53333333333333,-5.783333333333333
GBLOS,GB,LOS,Leigh-on-Sea,Leigh-on-Sea,ESS,51.55,0.6666666666666666
GBLOV,GB,LOV,Lochinver,Lochinver,HLD,58.15,-5.25
GBLOY,GB,LOY,Walls,Walls,ORK,60.21666666666667,-1.55
GBLRG,GB,LRG,Lairg,Lairg,HLD,58.03333333333333,-4.4
GBLRP,GB,LRP,Loch Ryan Pt,Loch Ryan Pt,DGY,54.983333333333334,-5.033333333333333
GBLRZ,GB,LRZ,"Lochranza, Isle of Arran","Lochranza, Isle of Arran",NAY,55.7,-5.3
GBLSC,GB,LSC,Loch Scridain (Isle Mull),Loch Scridain (Isle Mull),AGB,56.333333333333336,-6.183333333333334
GBLSH,GB,LSH,Langstone,Langstone,HAM,50.833333333333336,-0.9833333333333333
GBLSM,GB,LSM,Lismore Island,Lismore Island,AGB,56.483333333333334,-5.55
GBLSS,GB,LSS,Lossiemouth,Lossiemouth,MRY,57.7,-3.283333333333333
GBLTD,GB,LTD,Bolt Head,Bolt Head,,50.21666666666667,-3.783333333333333
GBLTP,GB,LTP,London Thamesport,London Thamesport,KEN,51.43333333333333,0.6
GBLTS,GB,LTS,"Loth, Sanday","Loth, Sanday",ORK,59.2,-2.7
GBLUG,GB,LUG,Lugton,Lugton,EAY,55.75,-4.533333333333333
GBLUI,GB,LUI,"South Cuan, Luing","South Cuan, Luing",AGB,56.266666666666666,-5.633333333333333
GBLUL,GB,LUL,Lulworth Camp,Lulworth Camp,DOR,50.63333333333333,-2.2333333333333334
GBLUX,GB,LUX,Luxulyan,Luxulyan,CON,50.38333333333333,-4.75
GBLVK,GB,LVK,Levenwick,Levenwick,ZET,59.96666666666667,-1.2666666666666666
GBLVR,GB,LVR,"Leverburgh, Harris","Leverburgh, Harris",ELS,57.766666666666666,-7.016666666666667
GBLWC,GB,LWC,Lulworth Cove,Lulworth Cove,DOR,50.666666666666664,-2.216666666666667
GBLWL,GB,LWL,Latheronwheel,Latheronwheel,HLD,58.266666666666666,-3.3666666666666667
GBLXG,GB,LXG,Luxborough,Luxborough,SOM,51.11666666666667,-3.466666666666667
GBLXY,GB,LXY,Loxley,Loxley,SHF,53.4,-1.4833333333333334
GBLYB,GB,LYB,Lybster,Lybster,HLD,58.3,-3.283333333333333
GBLYD,GB,LYD,Lydney,Lydney,GLS,51.71666666666667,-2.5166666666666666
GBLYR,GB,LYR,Lyme Regis,Lyme Regis,DOR,50.733333333333334,-2.9333333333333336
GBLYS,GB,LYS,Lyness,Lyness,ORK,58.833333333333336,-3.2
GBLYT,GB,LYT,Lynton,Lynton,DEV,51.21666666666667,-3.8333333333333335
GBLYW,GB,LYW,Ballywalter,Ballywalter,NMD,54.53333333333333,-5.483333333333333
GBM89,GB,M89,Miserden,Miserden,GLS,51.78333333333333,-2.1
GBMAI,GB,MAI,Maidens,Maidens,SAY,55.333333333333336,-4.783333333333333
GBMAW,GB,MAW,Marchwood,Marchwood,HAM,50.88333333333333,-1.4333333333333333
GBMCD,GB,MCD,Macduff,Macduff,ABD,57.666666666666664,-2.4833333333333334
GBMDE,GB,MDE,Bramdean,Bramdean,HAM,51.03333333333333,-1.1166666666666667
GBMDI,GB,MDI,Ardwick,Ardwick,MAN,53.46666666666667,-2.2
GBMDL,GB,MDL,Middleham,Middleham,NYK,54.28333333333333,-1.8
GBMED,GB,MED,Med,Med,MDW,51.666666666666664,0.9
GBMFN,GB,MFN,Morfa Nefyn,Morfa Nefyn,GWN,52.93333333333333,-4.533333333333333
GBMFS,GB,MFS,Milford-on-Sea,Milford-on-Sea,HAM,50.71666666666667,-1.5833333333333335
GBMFY,GB,MFY,Meikle Ferry,Meikle Ferry,HLD,57.85,-4.133333333333334
GBMGP,GB,MGP,"Magilligan Point Ferry Terminal, Lough Foyle","Magilligan Point Ferry Terminal, Lough Foyle",LMV,55.18333333333333,-6.966666666666667
GBMHD,GB,MHD,Minehead,Minehead,SOM,51.2,-3.466666666666667
GBMHJ,GB,MHJ,Meppershall,Meppershall,CBF,52.0,-0.3333333333333333
GBMID,GB,MID,Middlesbrough,Middlesbrough,RCC,54.56666666666667,-1.15
GBMLF,GB,MLF,Milford Haven,Milford Haven,PEM,51.71666666666667,-5.033333333333333
GBMLG,GB,MLG,Mallaig,Mallaig,HLD,57.0,-5.833333333333333
GBMLI,GB,MLI,Mullion,Mullion,CON,50.03333333333333,-5.233333333333333
GBMLP,GB,MLP,"Millport, Great Cumbrae","Millport, Great Cumbrae",NAY,55.75,-4.95
GBMMR,GB,MMR,Mossmoran,Mossmoran,FIF,56.083333333333336,-3.3166666666666664
GBMNC,GB,MNC,Manchester,Manchester,MAN,53.5,-2.216666666666667
GBMNS,GB,MNS,"Moaness, Hoy","Moaness, Hoy",ORK,58.916666666666664,-3.3166666666666664
GBMON,GB,MON,Montrose,Montrose,ANS,56.7,-2.45
GBMRB,GB,MRB,"Maryfield, Bressay","Maryfield, Bressay",ZET,60.15,-1.1166666666666667
GBMRR,GB,MRR,Moelfre Roads,Moelfre Roads,,53.35,-4.233333333333333
GBMRS,GB,MRS,Morston,Morston,NFK,52.95,0.9666666666666667
GBMSC,GB,MSC,"Manchester Ship Canal, Salford","Manchester Ship Canal, Salford",MAN,53.483333333333334,-2.3166666666666664
GBMSD,GB,MSD,Maitresse Island,Maitresse Island,,48.96666666666667,-2.066666666666667
GBMSH,GB,MSH,Mousehole,Mousehole,CON,50.083333333333336,-5.55
GBMSI,GB,MSI,Great Massingham,Great Massingham,NFK,52.766666666666666,0.6666666666666666
GBMTH,GB,MTH,Methil,Methil,FIF,56.18333333333333,-3.0166666666666666
GBMUA,GB,MUA,Muasdale,Muasdale,AGB,55.6,-5.666666666666667
GBMVG,GB,MVG,Mevagissey,Mevagissey,CON,50.266666666666666,-4.783333333333333
GBMYE,GB,MYE,Mid Yell,Mid Yell,ZET,60.6,-1.0666666666666667
GBMYL,GB,MYL,Mylor,Mylor,CON,50.166666666666664,-5.05
GBMYN,GB,MYN,Maydown,Maydown,DRY,55.016666666666666,-7.25
GBMYS,GB,MYS,Maylandsea,Maylandsea,ESS,51.68333333333333,0.7666666666666667
GBMYW,GB,MYW,Maesycwmmer,Maesycwmmer,CAY,51.63333333333333,-3.2333333333333334
GBNAI,GB,NAI,Nairn,Nairn,HLD,57.583333333333336,-3.8833333333333333
GBNAR,GB,NAR,Arran,Arran,NAY,53.0,-1.1166666666666667
GBNBC,GB,NBC,Newbiggin by the Sea,Newbiggin by the Sea,NBL,55.166666666666664,-1.5166666666666666
GBNBI,GB,NBI,Nethy Bridge,Nethy Bridge,HLD,57.266666666666666,-3.6333333333333333
GBNBS,GB,NBS,Newton by the Sea,Newton by the Sea,NBL,55.5,-1.6666666666666665
GBNBW,GB,NBW,North Berwick,North Berwick,ELN,56.06666666666667,-2.716666666666667
GBNCL,GB,NCL,Newcastle upon Tyne,Newcastle upon Tyne,NET,54.96666666666667,-1.6
GBNCN,GB,NCN,Norton Canes,Norton Canes,STS,52.666666666666664,-1.9666666666666668
GBNCS,GB,NCS,Newcastle,Newcastle,DOW,54.21666666666667,-5.9
GBNCY,GB,NCY,Newcastle Emlyn,Newcastle Emlyn,CMN,52.03333333333333,-4.466666666666667
GBNEA,GB,NEA,Neath,Neath,NTL,51.65,-3.8
GBNEF,GB,NEF,Nefyn,Nefyn,GWN,52.93333333333333,-4.5
GBNFC,GB,NFC,North Finchley,North Finchley,BNE,51.61666666666667,-0.16666666666666666
GBNFK,GB,NFK,Hoverton,Hoverton,NFK,52.93333333333333,1.3
GBNGG,GB,NGG,Nigg,Nigg,HLD,57.71666666666667,-4.0
GBNGI,GB,NGI,Newbiggin,Newbiggin,NBL,54.63333333333333,-2.1333333333333333
GBNHC,GB,NHC,North Cove,North Cove,SFK,52.43333333333333,1.7333333333333334
GBNHO,GB,NHO,New Holland,New Holland,NLN,53.7,-0.36666666666666664
GBNHS,GB,NHS,North Harris,North Harris,ELS,57.88333333333333,-6.866666666666667
GBNLE,GB,NLE,Thornley,Thornley,DUR,54.75,-1.4333333333333333
GBNME,GB,NME,Northmavine,Northmavine,ZET,60.63333333333333,-1.3333333333333333
GBNMY,GB,NMY,Normans Bay,Normans Bay,WSX,50.81666666666667,0.38333333333333336
GBNNR,GB,NNR,Normanton le Heath,Normanton le Heath,LEC,52.7,-1.4333333333333333
GBNO2,GB,NO2,Gretton,Gretton,NTH,52.53333333333333,-0.6666666666666666
GBNOH,GB,NOH,"North Haven, Fair Isle","North Haven, Fair Isle",ZET,59.53333333333333,-1.6
GBNOQ,GB,NOQ,North Queensferry,North Queensferry,FIF,56.016666666666666,-3.4
GBNOT,GB,NOT,Norton,Norton,NYK,54.11666666666667,-0.7666666666666667
GBNPO,GB,NPO,Newport,Newport,IOW,50.7,-1.2833333333333332
GBNRB,GB,NRB,Northbay,Northbay,ELS,57.0,-7.4
GBNRF,GB,NRF,North Ferriby,North Ferriby,ERY,53.71666666666667,-0.5
GBNRO,GB,NRO,North Ronaldsay,North Ronaldsay,ORK,59.35,-2.4333333333333336
GBNRR,GB,NRR,North Roe to Hillswick,North Roe to Hillswick,ZET,60.583333333333336,-1.3333333333333333
GBNSA,GB,NSA,Ness,Ness,ELS,58.45,-6.333333333333333
GBNSD,GB,NSD,North Sunderland,North Sunderland,NBL,55.56666666666667,-1.6666666666666665
GBNSH,GB,NSH,North Shields,North Shields,NTY,55.0,-1.4666666666666668
GBNSN,GB,NSN,Neilston,Neilston,ERW,55.78333333333333,-4.416666666666667
GBNSS,GB,NSS,Thorpeness,Thorpeness,,52.166666666666664,1.6166666666666667
GBNTF,GB,NTF,Newton Ferrers,Newton Ferrers,DEV,50.31666666666667,-4.033333333333333
GBNTL,GB,NTL,North Lochs,North Lochs,ELS,58.1,-6.483333333333333
GBNTZ,GB,NTZ,North Tawton,North Tawton,DEV,50.8,-3.9
GBNUI,GB,NUI,North Uist,North Uist,ELS,57.6,-7.15
GBNWF,GB,NWF,Newhaven/Edinburgh,Newhaven/Edinburgh,EDH,55.983333333333334,-3.183333333333333
GBNWN,GB,NWN,Newtown,Newtown,IOW,50.7,-1.4
GBNY2,GB,NY2,Buckden,Buckden,NYK,54.18333333333333,-2.0833333333333335
GBNYD,GB,NYD,Neyland,Neyland,PEM,51.7,-4.933333333333334
GBOBA,GB,OBA,Oban,Oban,AGB,56.416666666666664,-5.466666666666667
GBOBR,GB,OBR,Oulton Broad,Oulton Broad,SFK,52.483333333333334,1.7333333333333334
GBOCH,GB,OCH,Lochs,Lochs,ELS,58.1,-6.483333333333333
GBODD,GB,ODD,"Oddsta, Fetlar","Oddsta, Fetlar",ZET,60.61666666666667,-0.9166666666666666
GBODH,GB,ODH,Oldham,Oldham,OLD,53.55,-2.1166666666666667
GBODO,GB,ODO,Old Dornie,Old Dornie,HLD,58.03333333333333,-5.416666666666667
GBOGH,GB,OGH,Brough,Brough,ERY,53.71666666666667,-0.5833333333333334
GBOHM,GB,OHM,Bosham,Bosham,WSX,50.81666666666667,-0.8666666666666667
GBOHT,GB,OHT,Shotts,Shotts,NLK,55.81666666666667,-3.783333333333333
GBOKK,GB,OKK,Old Kilpatrick,Old Kilpatrick,WDU,55.916666666666664,-4.45
GBOLL,GB,OLL,Coll,Coll,AGB,56.61666666666667,-6.516666666666667
GBOOT,GB,OOT,Hooton,Hooton,CHW,53.28333333333333,-2.95
GBORH,GB,ORH,Orford,Orford,SFK,52.1,1.5333333333333332
GBORK,GB,ORK,Orkney,Orkney,ORK,59.06666666666667,-2.8833333333333333
GBORR,GB,ORR,Corran,Corran,AGB,56.71666666666667,-5.233333333333333
GBOTC,GB,OTC,South Lochs,South Lochs,ELS,58.1,-6.483333333333333
GBOTR,GB,OTR,"Otternish, North Uist","Otternish, North Uist",ELS,57.68333333333333,-7.183333333333334
GBPAE,GB,PAE,Pentraeth,Pentraeth,AGY,53.266666666666666,-4.216666666666667
GBPAG,GB,PAG,Paglesham,Paglesham,ESS,51.63333333333333,0.6666666666666666
GBPAK,GB,PAK,Port Askaig,Port Askaig,AGB,55.85,-6.116666666666666
GBPAL,GB,PAL,Palnackie,Palnackie,DGY,57.416666666666664,-6.183333333333334
GBPAP,GB,PAP,Port Appin,Port Appin,AGB,56.55,-5.4
GBPAR,GB,PAR,Par,Par,CON,50.35,-4.716666666666667
GBPAT,GB,PAT,Paddington,Paddington,KEC,51.5,-0.18333333333333332
GBPBA,GB,PBA,Portballintrae,Portballintrae,MYL,55.21666666666667,-6.533333333333333
GBPBD,GB,PBD,Pembridge,Pembridge,HEF,52.21666666666667,-2.9
GBPBM,GB,PBM,Prenton/Birkenhead,Prenton/Birkenhead,WRL,53.36666666666667,-3.033333333333333
GBPCO,GB,PCO,Porth Colmon,Porth Colmon,,52.9,-4.633333333333333
GBPCW,GB,PCW,Porthcawl,Porthcawl,BGE,51.483333333333334,-3.7
GBPDD,GB,PDD,Pen-Clawdd,Pen-Clawdd,SWA,51.63333333333333,-4.083333333333333
GBPDL,GB,PDL,Pontardulais,Pontardulais,SWA,51.71666666666667,-4.083333333333333
GBPEG,GB,PEG,Port Edgar,Port Edgar,EDH,55.983333333333334,-3.4166666666666665
GBPEM,GB,PEM,Pembroke,Pembroke,PEM,51.666666666666664,-4.9
GBPER,GB,PER,Perth,Perth,PKN,56.4,-3.4333333333333336
GBPFY,GB,PFY,Portaferry,Portaferry,ARD,54.38333333333333,-5.55
GBPGD,GB,PGD,Portgordon,Portgordon,MRY,57.666666666666664,-3.0166666666666666
GBPGG,GB,PGG,Port Glasgow,Port Glasgow,IVC,55.93333333333333,-4.683333333333334
GBPGI,GB,PGI,Porthgain,Porthgain,PEM,51.93333333333333,-5.166666666666667
GBPGV,GB,PGV,Port Gaverne,Port Gaverne,CON,50.6,-4.816666666666666
GBPHD,GB,PHD,Peterhead,Peterhead,ABD,57.5,-1.7833333333333332
GBPHV,GB,PHV,Peacehaven,Peacehaven,ESX,50.8,0.0
GBPI7,GB,PI7,Pitney,Pitney,SOM,51.05,-2.783333333333333
GBPIE,GB,PIE,"Pierowall, Westray","Pierowall, Westray",ORK,59.31666666666667,-3.0
GBPKA,GB,PKA,Portskerra,Portskerra,HLD,58.56666666666667,-3.9166666666666665
GBPKD,GB,PKD,Penkridge,Penkridge,STS,52.733333333333334,-2.1166666666666667
GBPKL,GB,PKL,Pocklington,Pocklington,ERY,53.6,-0.75
GBPKN,GB,PKN,Portknockie,Portknockie,MRY,57.7,-2.8666666666666667
GBPKR,GB,PKR,Pickering,Pickering,NYK,54.25,-0.7833333333333333
GBPLN,GB,PLN,Port Ellen,Port Ellen,AGB,55.63333333333333,-6.183333333333334
GBPLO,GB,PLO,Plockton,Plockton,HLD,57.333333333333336,-5.65
GBPLP,GB,PLP,Polperro,Polperro,CON,50.333333333333336,-4.533333333333333
GBPLR,GB,PLR,Polruan,Polruan,,50.31666666666667,-4.616666666666667
GBPLV,GB,PLV,Porthleven,Porthleven,CON,50.083333333333336,-5.316666666666666
GBPLY,GB,PLY,Plymouth,Plymouth,,50.4,-4.116666666666666
GBPMK,GB,PMK,Portmahomack,Portmahomack,HLD,57.833333333333336,-3.8166666666666664
GBPMR,GB,PMR,"Port Mor, Muck","Port Mor, Muck",HLD,56.833333333333336,-6.233333333333333
GBPMY,GB,PMY,Pembrey,Pembrey,PEM,51.68333333333333,-4.266666666666667
GBPNA,GB,PNA,Patna,Patna,EAY,55.36666666666667,-4.5
GBPNB,GB,PNB,Penberth,Penberth,CON,50.05,-5.6
GBPNE,GB,PNE,Pendeen,Pendeen,,50.166666666666664,-5.666666666666667
GBPNG,GB,PNG,Portnalong,Portnalong,HLD,57.2,-6.25
GBPNH,GB,PNH,Penarth,Penarth,VGL,51.43333333333333,-3.1666666666666665
GBPNV,GB,PNV,Portnahaven,Portnahaven,AGB,55.666666666666664,-6.5
GBPOC,GB,POC,Port Clarence,Port Clarence,STT,54.583333333333336,-1.2333333333333334
GBPOG,GB,POG,Port Logan,Port Logan,DGY,54.7,-4.95
GBPOH,GB,POH,Porthoustock,Porthoustock,CON,50.05,-5.066666666666666
GBPOI,GB,POI,"Point, Island of Lismore","Point, Island of Lismore",AGB,56.55,-5.433333333333334
GBPOR,GB,POR,Porth,Porth,RCT,51.61666666666667,-3.4
GBPPG,GB,PPG,Pipe Gate,Pipe Gate,SHR,52.96666666666667,-2.3833333333333333
GBPPK,GB,PPK,Portpatrick,Portpatrick,DGY,54.85,-5.116666666666666
GBPPO,GB,PPO,Saint Peter Port,Saint Peter Port,,49.45,-2.533333333333333
GBPPW,GB,PPW,Papa Westray,Papa Westray,ORK,59.333333333333336,-2.8833333333333333
GBPQT,GB,PQT,Bishopsteignton,Bishopsteignton,DEV,50.55,-3.533333333333333
GBPRE,GB,PRE,Preston,Preston,LAN,53.75,-2.716666666666667
GBPRJ,GB,PRJ,Portreath,Portreath,CON,50.266666666666666,-5.3
GBPRL,GB,PRL,Portloe,Portloe,CON,50.21666666666667,-4.9
GBPRN,GB,PRN,Portnaguran and Ness,Portnaguran and Ness,ELS,58.483333333333334,-6.216666666666667
GBPRP,GB,PRP,Portincaple,Portincaple,AGB,56.1,-4.85
GBPRT,GB,PRT,Portree,Portree,HLD,57.416666666666664,-6.183333333333334
GBPRU,GB,PRU,Portbury,Portbury,NSM,51.46666666666667,-2.716666666666667
GBPRZ,GB,PRZ,Porlock,Porlock,SOM,51.2,-3.4166666666666665
GBPSB,GB,PSB,Sutton Bridge,Sutton Bridge,LIN,52.766666666666666,0.18333333333333332
GBPSC,GB,PSC,Portscatho,Portscatho,CON,50.18333333333333,-4.983333333333333
GBPSE,GB,PSE,Port Seton,Port Seton,ELN,55.96666666666667,-2.95
GBPSM,GB,PSM,Port Saint Mary,Port Saint Mary,,54.06666666666667,-4.733333333333333
GBPSU,GB,PSU,Port Sunlight,Port Sunlight,WRL,53.333333333333336,-2.9833333333333334
GBPSW,GB,PSW,Portstewart,Portstewart,CLR,55.18333333333333,-6.716666666666667
GBPSY,GB,PSY,Portsoy,Portsoy,ABD,57.68333333333333,-2.6833333333333336
GBPTB,GB,PTB,Port Talbot,Port Talbot,NTL,51.6,-3.783333333333333
GBPTC,GB,PTC,Pettycur,Pettycur,FIF,56.06666666666667,-3.183333333333333
GBPTD,GB,PTD,Porthmadog,Porthmadog,GWN,52.93333333333333,-4.116666666666666
GBPTG,GB,PTG,Porthgwarra,Porthgwarra,CON,50.03333333333333,-5.666666666666667
GBPTH,GB,PTH,Portishead,Portishead,NSM,51.483333333333334,-2.7666666666666666
GBPTT,GB,PTT,Partington,Partington,TRF,53.416666666666664,-2.4166666666666665
GBPVD,GB,PVD,Portavadie,Portavadie,AGB,55.86666666666667,-5.3
GBPVG,GB,PVG,Portavogie,Portavogie,ARD,54.45,-5.45
GBPWE,GB,PWE,Poolewe,Poolewe,HLD,57.75,-5.6
GBPWI,GB,PWI,Port William,Port William,DGY,54.766666666666666,-4.583333333333333
GBPWL,GB,PWL,Pwllheli,Pwllheli,GWN,52.88333333333333,-4.416666666666667
GBPWM,GB,PWM,Pittenweem,Pittenweem,FIF,56.21666666666667,-2.7333333333333334
GBQDL,GB,QDL,Quedgeley,Quedgeley,GLS,51.81666666666667,-2.283333333333333
GBQGT,GB,QGT,Wallesbourne Hastings,Wallesbourne Hastings,WAR,52.18333333333333,-1.5833333333333335
GBQWR,GB,QWR,Bishops Castle,Bishops Castle,SHR,52.5,-3.0
GBQZL,GB,QZL,Clevedon,Clevedon,NSM,51.43333333333333,-2.8333333333333335
GBRAP,GB,RAP,"Rapness, Westray","Rapness, Westray",ORK,59.266666666666666,-2.8666666666666667
GBRAS,GB,RAS,"Clachan, Raasay","Clachan, Raasay",HLD,57.333333333333336,-6.066666666666666
GBRAY,GB,RAY,"Rothesay, Isle of Bute","Rothesay, Isle of Bute",AGB,55.88333333333333,-5.15
GBRBB,GB,RBB,Robin Hoods Bay,Robin Hoods Bay,NYK,54.4,-0.48333333333333334
GBRBD,GB,RBD,Rawcliffe Bridge,Rawcliffe Bridge,ERY,53.666666666666664,-0.9333333333333333
GBRBL,GB,RBL,Erribol,Erribol,HLD,58.46666666666667,-4.233333333333333
GBRCB,GB,RCB,Rhu Coigach - Badluachrach,Rhu Coigach - Badluachrach,HLD,57.88333333333333,-5.383333333333334
GBRCD,GB,RCD,Bracadale,Bracadale,HLD,57.35,-6.4
GBRDA,GB,RDA,Rossendale,Rossendale,LAN,53.68333333333333,-2.25
GBRDH,GB,RDH,Rudh Re - Red Point,Rudh Re - Red Point,HLD,57.63333333333333,-5.816666666666666
GBRDN,GB,RDN,Reading,Reading,RDG,51.45,-0.9666666666666667
GBRDS,GB,RDS,Reddish,Reddish,SKP,53.43333333333333,-2.15
GBREA,GB,REA,Reay,Reay,HLD,58.55,-3.783333333333333
GBREB,GB,REB,Redcliff Bay,Redcliff Bay,NSM,51.46666666666667,-2.783333333333333
GBRED,GB,RED,Red Bay,Red Bay,ANT,55.06666666666667,-6.016666666666667
GBREJ,GB,REJ,Rejerrah,Rejerrah,CON,50.35,-5.083333333333333
GBREM,GB,REM,Reedham,Reedham,NFK,52.55,1.5666666666666667
GBREN,GB,REN,Renfrew,Renfrew,RFW,55.88333333333333,-4.4
GBRER,GB,RER,Redcar,Redcar,RCC,54.6,-1.05
GBREV,GB,REV,"Brevig, Barra","Brevig, Barra",ELS,56.95,-7.433333333333334
GBRFR,GB,RFR,Rock Ferry,Rock Ferry,WRL,53.36666666666667,-3.0
GBRGH,GB,RGH,Brough,Brough,HLD,58.65,-3.3333333333333335
GBRGL,GB,RGL,Ravenglass,Ravenglass,CMA,54.35,-3.4
GBRHB,GB,RHB,"Rhubodach, Isle of Bute","Rhubodach, Isle of Bute",AGB,55.916666666666664,-5.133333333333334
GBRHS,GB,RHS,Rhôs-on-Sea,Rhos-on-Sea,CWY,53.3,-3.75
GBRHU,GB,RHU,Rhu,Rhu,AGB,56.016666666666666,-4.766666666666667
GBRIC,GB,RIC,Richborough,Richborough,KEN,51.28333333333333,1.3333333333333333
GBRIE,GB,RIE,Scourie,Scourie,HLD,58.35,-5.15
GBRIG,GB,RIG,Tendring,Tendring,OXF,51.88333333333333,-1.1
GBRLG,GB,RLG,Bar Light,Bar Light,,53.53333333333333,-3.3166666666666664
GBRLW,GB,RLW,Carloway,Carloway,HLD,58.266666666666666,-6.766666666666667
GBRMB,GB,RMB,Ramsbottom,Ramsbottom,BUR,53.63333333333333,-2.3166666666666664
GBRME,GB,RME,Rosemarkie,Rosemarkie,HLD,57.6,-4.116666666666666
GBRNE,GB,RNE,Rhosneigr,Rhosneigr,AGY,53.233333333333334,-4.516666666666667
GBRNN,GB,RNN,Bernera (N Uist),Bernera (N Uist),ELS,57.6,-7.15
GBRNR,GB,RNR,Bernera (Lewis),Bernera (Lewis),ELS,58.18333333333333,-6.983333333333333
GBROC,GB,ROC,Rock,Rock,CON,50.53333333333333,-4.9
GBROR,GB,ROR,Rostrevor,Rostrevor,DOW,54.1,-6.2
GBROU,GB,ROU,Rousay,Rousay,ORK,59.13333333333333,-2.966666666666667
GBROY,GB,ROY,Rosyth,Rosyth,FIF,56.03333333333333,-3.4333333333333336
GBRPH,GB,RPH,Reepham,Reepham,,53.233333333333334,-3.0
GBRRB,GB,RRB,Garrabost,Garrabost,ELS,58.21666666666667,-6.233333333333333
GBRRD,GB,RRD,River Dart,River Dart,DEV,50.333333333333336,-3.55
GBRRO,GB,RRO,Carron,Carron,HLD,57.4,-5.6
GBRSB,GB,RSB,Birsay,Birsay,ORK,59.11666666666667,-3.283333333333333
GBRSH,GB,RSH,Rosneath,Rosneath,AGB,56.016666666666666,-4.816666666666666
GBRSL,GB,RSL,Thundersley,Thundersley,ESS,51.55,0.5833333333333334
GBRST,GB,RST,Breasclete,Breasclete,ELS,58.2,-6.75
GBRTH,GB,RTH,Rotherham,Rotherham,ROT,53.43333333333333,-1.35
GBRTL,GB,RTL,Port Erroll,Port Erroll,ABD,57.4,-1.8333333333333335
GBRTY,GB,RTY,Rosehearty,Rosehearty,ABD,57.7,-2.1
GBRUM,GB,RUM,Ruan Minor,Ruan Minor,CON,49.983333333333334,-5.183333333333334
GBRUN,GB,RUN,Runcorn,Runcorn,HAL,53.333333333333336,-2.75
GBRVF,GB,RVF,River Fowey,River Fowey,CON,50.4,-4.583333333333333
GBRWS,GB,RWS,Wetheringsett,Wetheringsett,SFK,52.25,1.1166666666666667
GBRYD,GB,RYD,Ryde,Ryde,IOW,50.733333333333334,-1.1666666666666667
GBRYL,GB,RYL,Reynoldston,Reynoldston,SWA,51.583333333333336,-4.183333333333334
GBSAA,GB,SAA,Southend-on-Sea,Southend-on-Sea,ESS,51.53333333333333,0.7
GBSAD,GB,SAD,Sandford,Sandford,DEV,50.81666666666667,-3.6666666666666665
GBSAG,GB,SAG,Saint Agnes,Saint Agnes,CON,49.88333333333333,-6.333333333333333
GBSAI,GB,SAI,Shanklin,Shanklin,IOW,50.61666666666667,-1.1833333333333333
GBSAU,GB,SAU,Saundersfoot,Saundersfoot,PEM,51.7,-4.716666666666667
GBSBA,GB,SBA,Stapleford Abbots,Stapleford Abbots,ESS,51.63333333333333,0.16666666666666666
GBSBI,GB,SBI,Stowbridge,Stowbridge,NFK,52.63333333333333,0.36666666666666664
GBSCB,GB,SCB,Salcombe,Salcombe,DEV,50.233333333333334,-3.783333333333333
GBSCC,GB,SCC,"Scalpay, Outer Hebridies","Scalpay, Outer Hebridies",ELS,57.86666666666667,-6.683333333333334
GBSCF,GB,SCF,Scapa,Scapa,ORK,58.96666666666667,-2.9833333333333334
GBSCG,GB,SCG,"Scalasaig, Colonsay","Scalasaig, Colonsay",AGB,56.06666666666667,-6.166666666666667
GBSCH,GB,SCH,Stockinish,Stockinish,ELS,57.8,-6.166666666666667
GBSCM,GB,SCM,Saint Combs and Charleston,Saint Combs and Charleston,ABD,57.666666666666664,-1.9166666666666665
GBSCN,GB,SCN,"Scarinish, Tiree","Scarinish, Tiree",AGB,56.516666666666666,-6.816666666666666
GBSCO,GB,SCO,"Sconser, Isle of Skye","Sconser, Isle of Skye",HLD,57.3,-6.116666666666666
GBSCP,GB,SCP,Scunthorpe,Scunthorpe,NLN,53.583333333333336,-0.65
GBSCR,GB,SCR,Scrabster,Scrabster,HLD,58.61666666666667,-3.55
GBSCT,GB,SCT,Stockton,Stockton,HEF,52.25,-2.7
GBSDM,GB,SDM,Sidmouth,Sidmouth,,50.68333333333333,-3.25
GBSDO,GB,SDO,Sandown,Sandown,IOW,50.65,-1.15
GBSDQ,GB,SDQ,Sheldon,Sheldon,BIR,52.45,-1.7666666666666666
GBSDS,GB,SDS,Sandside,Sandside,HLD,58.56666666666667,-3.783333333333333
GBSDT,GB,SDT,Bradstone,Bradstone,DEV,50.56666666666667,-4.266666666666667
GBSDW,GB,SDW,Sandwich,Sandwich,KEN,51.266666666666666,1.35
GBSEC,GB,SEC,Southend Argyll,Southend Argyll,AGB,55.31666666666667,-5.633333333333333
GBSED,GB,SED,Salt End,Salt End,ERY,53.733333333333334,-0.23333333333333334
GBSEF,GB,SEF,Seaforth,Seaforth,SFT,53.46666666666667,-3.0166666666666666
GBSES,GB,SES,Sidlesham,Sidlesham,WSX,50.78333333333333,-0.7833333333333333
GBSEZ,GB,SEZ,Sheen,Sheen,STS,53.15,-1.8333333333333335
GBSF5,GB,SF5,Scarcliffe,Scarcliffe,DBY,53.35,-1.4333333333333333
GBSFK,GB,SFK,Scarfskerry,Scarfskerry,HLD,58.65,-3.2666666666666666
GBSFR,GB,SFR,Seaford,Seaford,ESX,50.766666666666666,0.1
GBSFU,GB,SFU,Stuartfield,Stuartfield,ABD,57.5,-2.05
GBSFW,GB,SFW,Scapa Flow,Scapa Flow,ORK,58.88333333333333,-3.066666666666667
GBSFY,GB,SFY,Salford,Salford,SLF,53.483333333333334,-2.2666666666666666
GBSGC,GB,SGC,Badminton,Badminton,SGC,51.53333333333333,-2.283333333333333
GBSGM,GB,SGM,Sheringham,Sheringham,NFK,52.93333333333333,1.2
GBSGP,GB,SGP,Saint Margaret's Hope,Saint Margaret's Hope,,58.833333333333336,-2.95
GBSHE,GB,SHE,Sheffield,Sheffield,SHF,53.36666666666667,-1.5
GBSHG,GB,SHG,South Hayling,South Hayling,HAM,50.78333333333333,-0.9666666666666667
GBSHK,GB,SHK,Southwick,Southwick,WSX,50.833333333333336,-0.23333333333333334
GBSHN,GB,SHN,Shandon,Shandon,AGB,56.05,-4.8
GBSHO,GB,SHO,Shoreham,Shoreham,KEN,51.31666666666667,0.18333333333333332
GBSHU,GB,SHU,Seahouses,Seahouses,NBL,55.583333333333336,-1.6666666666666665
GBSHX,GB,SHX,Shieldaig,Shieldaig,HLD,57.516666666666666,-5.633333333333333
GBSHY,GB,SHY,Saint Helens,Saint Helens,SHN,53.45,-2.7333333333333334
GBSID,GB,SID,Snape Bridge,Snape Bridge,,52.15,1.5
GBSJJ,GB,SJJ,Small Heath,Small Heath,BIR,52.45,-1.8166666666666667
GBSJL,GB,SJL,Strangford,Strangford,DOW,54.36666666666667,-5.566666666666666
GBSJU,GB,SJU,Saint Just,Saint Just,CON,50.1,-5.683333333333334
GBSJY,GB,SJY,Studland,Studland,DOR,50.63333333333333,-1.9333333333333333
GBSKE,GB,SKE,Skegness,Skegness,LIN,53.15,0.3333333333333333
GBSKR,GB,SKR,Skerray,Skerray,HLD,58.53333333333333,-4.3
GBSKV,GB,SKV,Saint Keverne,Saint Keverne,CON,50.05,-5.1
GBSKZ,GB,SKZ,Skeld,Skeld,ZET,60.166666666666664,-1.4333333333333333
GBSLB,GB,SLB,Selby,Selby,NYK,53.78333333333333,-1.0666666666666667
GBSLC,GB,SLC,Saltcoats,Saltcoats,NAY,55.61666666666667,-4.8
GBSLV,GB,SLV,Solva (Solfach),Solva (Solfach),PEM,51.86666666666667,-5.183333333333334
GBSMA,GB,SMA,Saint Marys Bay,Saint Marys Bay,KEN,51.016666666666666,0.9666666666666667
GBSMC,GB,SMC,Saint Monance (Saint Monans),Saint Monance (Saint Monans),FIF,56.21666666666667,-2.7666666666666666
GBSMH,GB,SMH,"Saint Margaret's Hope, South Ronaldsay","Saint Margaret's Hope, South Ronaldsay",ORK,58.833333333333336,-2.966666666666667
GBSMM,GB,SMM,Saint Michael's Mount,Saint Michael's Mount,CON,50.11666666666667,-5.466666666666667
GBSMP,GB,SMP,Saint Sampson (Golant),Saint Sampson (Golant),CON,50.36666666666667,-4.65
GBSMU,GB,SMU,Summercourt,Summercourt,CON,50.35,-4.966666666666667
GBSMV,GB,SMV,Saint Mawes,Saint Mawes,CON,50.15,-5.016666666666667
GBSMW,GB,SMW,Simonswood,Simonswood,LAN,53.5,-2.8666666666666667
GBSNC,GB,SNC,Sennen Cove,Sennen Cove,CON,50.06666666666667,-5.7
GBSNJ,GB,SNJ,Sand,Sand,ZET,60.21666666666667,-1.3833333333333333
GBSNK,GB,SNK,Sandness,Sandness,ZET,60.3,-1.65
GBSNV,GB,SNV,Saint Minver,Saint Minver,CON,50.55,-4.866666666666667
GBSNW,GB,SNW,St Andrews,St Andrews,FIF,56.333333333333336,-2.783333333333333
GBSOA,GB,SOA,Stroma,Stroma,HLD,58.68333333333333,-3.1166666666666667
GBSOQ,GB,SOQ,South Queensferry,South Queensferry,EDH,55.983333333333334,-3.4
GBSOT,GB,SOT,Stoke on Trent,Stoke on Trent,STS,53.0,-2.183333333333333
GBSOW,GB,SOW,Stanlow,Stanlow,SHR,52.583333333333336,-2.3
GBSPI,GB,SPI,Sandhaven and Pitullie,Sandhaven and Pitullie,ABD,57.68333333333333,-2.033333333333333
GBSPQ,GB,SPQ,Stackpole Quay,Stackpole Quay,PEM,51.61666666666667,-4.9
GBSPT,GB,SPT,Sompting,Sompting,WSX,50.81666666666667,-0.35
GBSPY,GB,SPY,Shapinsay,Shapinsay,ORK,59.05,-2.85
GBSQK,GB,SQK,Saint Martins,Saint Martins,CON,49.95,-6.283333333333333
GBSRC,GB,SRC,Strathcarron,Strathcarron,HLD,57.43333333333333,-5.416666666666667
GBSRH,GB,SRH,Strathaird,Strathaird,HLD,57.166666666666664,-6.05
GBSRI,GB,SRI,Stalbridge,Stalbridge,DOR,50.95,-2.3666666666666667
GBSRQ,GB,SRQ,Southerness,Southerness,DGY,54.86666666666667,-3.6
GBSRT,GB,SRT,Southport,Southport,SFT,53.65,-3.0
GBSRX,GB,SRX,Sark,Sark,,49.43333333333333,-2.3666666666666667
GBSRY,GB,SRY,South Ronaldsay,South Ronaldsay,ORK,58.733333333333334,-2.966666666666667
GBSRZ,GB,SRZ,Strete,Strete,DEV,50.31666666666667,-3.6333333333333333
GBSSH,GB,SSH,South Shields,South Shields,STY,54.983333333333334,-1.4166666666666667
GBSSK,GB,SSK,Shiskine,Shiskine,NAY,55.516666666666666,-5.3
GBSSY,GB,SSY,Selsey,Selsey,WSX,50.733333333333334,-0.8
GBST2,GB,ST2,Stechford,Stechford,BIR,52.483333333333334,-1.8
GBSTH,GB,STH,Salthouse,Salthouse,NFK,52.93333333333333,1.1
GBSTO,GB,STO,Stornoway,Stornoway,ELS,58.21666666666667,-6.366666666666666
GBSTQ,GB,STQ,Saint Quivox,Saint Quivox,SAY,55.483333333333334,-4.566666666666666
GBSTR,GB,STR,Stranraer,Stranraer,DGY,54.9,-5.033333333333333
GBSTT,GB,STT,Stockton-on-Tees,Stockton-on-Tees,STT,54.56666666666667,-1.3166666666666667
GBSTZ,GB,STZ,Staithes,Staithes,NYK,54.55,-0.8
GBSUL,GB,SUL,Sullom Voe,Sullom Voe,ZET,60.46666666666667,-1.3
GBSUN,GB,SUN,Sunderland,Sunderland,SND,54.9,-1.3833333333333333
GBSUT,GB,SUT,South Arne,South Arne,,56.06666666666667,4.25
GBSVI,GB,SVI,Sevington,Sevington,KEN,51.11666666666667,0.9
GBSVN,GB,SVN,Stonehaven,Stonehaven,ABD,56.96666666666667,-2.216666666666667
GBSVS,GB,SVS,Saint David's,Saint David's,PEM,51.88333333333333,-5.266666666666667
GBSVT,GB,SVT,Silvertown,Silvertown,,51.5,0.03333333333333333
GBSVW,GB,SVW,Seaview,Seaview,IOW,50.68333333333333,-1.3
GBSVZ,GB,SVZ,Saint Mary's,Saint Mary's,CON,49.916666666666664,-6.3
GBSWA,GB,SWA,Swansea,Swansea,SWA,51.63333333333333,-3.966666666666667
GBSWC,GB,SWC,Sandwick,Sandwick,ZET,59.983333333333334,-1.25
GBSWE,GB,SWE,Swanage,Swanage,DOR,50.61666666666667,-1.9666666666666668
GBSWN,GB,SWN,Swinton,Swinton,SLF,53.5,-2.35
GBSWY,GB,SWY,Scalloway,Scalloway,ZET,60.13333333333333,-1.2833333333333332
GBSXE,GB,SXE,Staxigoe,Staxigoe,HLD,58.43333333333333,-3.033333333333333
GBSYL,GB,SYL,Shinness,Shinness,HLD,58.083333333333336,-4.466666666666667
GBSYM,GB,SYM,Symbister,Symbister,ZET,60.333333333333336,-1.0333333333333334
GBSYR,GB,SYR,Stourton/Leeds,Stourton/Leeds,LDS,53.78333333333333,-1.5333333333333332
GBSYY,GB,SYY,Steynton,Steynton,PEM,51.71666666666667,-5.016666666666667
GBSZB,GB,SZB,Sizewell Beach,Sizewell Beach,SFK,52.2,1.6166666666666667
GBSZC,GB,SZC,Saint Clement,Saint Clement,CON,50.25,-5.016666666666667
GBSZT,GB,SZT,Snizort,Snizort,HLD,57.483333333333334,-6.316666666666666
GBTAB,GB,TAB,"Tarbert,Harris","Tarbert,Harris",ELS,57.9,-6.8
GBTAD,GB,TAD,Taddiport,Taddiport,DEV,50.93333333333333,-4.15
GBTAI,GB,TAI,Tayinloan,Tayinloan,AGB,55.65,-5.65
GBTAM,GB,TAM,Tameside,Tameside,TAM,53.483333333333334,-2.0833333333333335
GBTAR,GB,TAR,"Tarbert, Loch Fyne","Tarbert, Loch Fyne",AGB,55.86666666666667,-5.416666666666667
GBTAY,GB,TAY,Tayport,Tayport,FIF,56.45,-2.8833333333333333
GBTBN,GB,TBN,Toberonochy,Toberonochy,AGB,56.2,-5.616666666666667
GBTBR,GB,TBR,Saint Brelade,Saint Brelade,,49.2,-2.2
GBTBY,GB,TBY,Torbay/Paignton,Torbay/Paignton,TOB,50.45,-3.5666666666666664
GBTDI,GB,TDI,Tudweiliog,Tudweiliog,,52.9,-4.6
GBTED,GB,TED,Stanstead,Stanstead,SFK,52.1,0.6833333333333333
GBTEE,GB,TEE,Teesport,Teesport,RCC,54.583333333333336,-1.15
GBTEN,GB,TEN,Tenby (Dinbych-y-pysgod),Tenby (Dinbych-y-pysgod),PEM,51.666666666666664,-4.716666666666667
GBTEZ,GB,TEZ,Talbot Green,Talbot Green,RCT,53.2,-3.783333333333333
GBTFO,GB,TFO,Tilford,Tilford,SRY,51.18333333333333,-0.75
GBTFR,GB,TFR,Trefforest,Trefforest,RCT,51.583333333333336,-3.3166666666666664
GBTFT,GB,TFT,Toft Shetland,Toft Shetland,ZET,60.46666666666667,-1.2166666666666668
GBTGU,GB,TGU,Tongue,Tongue,HLD,58.46666666666667,-4.416666666666667
GBTHM,GB,THM,Topsham,Topsham,,50.68333333333333,-3.45
GBTHR,GB,THR,Thurso,Thurso,HLD,58.583333333333336,-3.5166666666666666
GBTHT,GB,THT,South Uist and Eriskay,South Uist and Eriskay,ELS,57.06666666666667,-7.266666666666667
GBTIG,GB,TIG,Tighnabruaich,Tighnabruaich,AGB,55.9,-5.233333333333333
GBTLD,GB,TLD,Shetland,Shetland,ZET,60.53333333333333,-1.2166666666666668
GBTLE,GB,TLE,Saint Helens,Saint Helens,IOW,50.68333333333333,-1.1
GBTLI,GB,TLI,Tayvallich,Tayvallich,AGB,56.016666666666666,-5.616666666666667
GBTLN,GB,TLN,Talmine,Talmine,HLD,58.53333333333333,-4.416666666666667
GBTND,GB,TND,Standlake,Standlake,OXF,51.71666666666667,-1.4166666666666667
GBTNG,GB,TNG,Tingwall Orkney,Tingwall Orkney,ORK,59.083333333333336,-3.05
GBTNM,GB,TNM,Teignmouth,Teignmouth,,50.55,-3.466666666666667
GBTNR,GB,TNR,Saint Helier,Saint Helier,,49.18333333333333,-2.1
GBTOB,GB,TOB,Tobermory,Tobermory,AGB,56.63333333333333,-6.083333333333333
GBTOR,GB,TOR,Torquay,Torquay,,50.45,-3.5
GBTPB,GB,TPB,Thorpe Bay,Thorpe Bay,ESS,51.88333333333333,0.75
GBTPO,GB,TPO,Torpoint,Torpoint,CON,50.38333333333333,-4.216666666666667
GBTRA,GB,TRA,Tranmere,Tranmere,WRL,53.36666666666667,-3.0166666666666666
GBTRD,GB,TRD,Torridon,Torridon,HLD,57.53333333333333,-5.516666666666667
GBTRL,GB,TRL,Thornhill,Thornhill,DBY,53.35,-1.7
GBTRN,GB,TRN,Troon,Troon,SAY,55.55,-4.65
GBTRO,GB,TRO,Trefor,Trefor,,53.0,-4.4
GBTRR,GB,TRR,Trearddur,Trearddur,AGY,53.28333333333333,-4.616666666666667
GBTRS,GB,TRS,South Harris,South Harris,ELS,58.016666666666666,-6.35
GBTSO,GB,TSO,Tresco,Tresco,CON,49.95,-6.333333333333333
GBTTL,GB,TTL,Tetney Terminal,Tetney Terminal,LIN,53.483333333333334,0.016666666666666666
GBTVD,GB,TVD,Tividale,Tividale,DUD,52.516666666666666,-2.066666666666667
GBTWL,GB,TWL,Tingwall,Tingwall,ZET,60.166666666666664,-1.2166666666666668
GBTYD,GB,TYD,Tyddewi (St David's),Tyddewi (St David's),PEM,51.88333333333333,-5.25
GBTYM,GB,TYM,Tynemouth,Tynemouth,NTY,55.016666666666666,-1.4333333333333333
GBTYN,GB,TYN,Tyne,Tyne,NET,55.0,-1.4333333333333333
GBUCN,GB,UCN,Buchan,Buchan,,57.9,0.03333333333333333
GBUEN,GB,UEN,Saint Ouen,Saint Ouen,,49.21666666666667,-2.2
GBUFY,GB,UFY,Upper Froyle,Upper Froyle,HAM,51.18333333333333,-0.9166666666666666
GBUGH,GB,UGH,Billingborough,Billingborough,LIN,52.88333333333333,-20.0
GBUIG,GB,UIG,Uig,Uig,HLD,57.583333333333336,-6.366666666666666
GBULF,GB,ULF,Ulva Ferry,Ulva Ferry,AGB,56.483333333333334,-6.133333333333334
GBULL,GB,ULL,Ullapool,Ullapool,HLD,57.9,-5.166666666666667
GBULS,GB,ULS,"Ulsta, Yell","Ulsta, Yell",ZET,60.5,-1.1666666666666667
GBUNS,GB,UNS,Bunessan,Bunessan,AGB,56.31666666666667,-6.233333333333333
GBUPH,GB,UPH,Upholland,Upholland,LAN,53.53333333333333,-2.716666666666667
GBUPI,GB,UPI,Uppingham,Uppingham,RUT,52.583333333333336,-0.7166666666666667
GBUPR,GB,UPR,Upnor,Upnor,KEN,51.4,0.5166666666666667
GBURT,GB,URT,Sturton by Stow,Sturton by Stow,LIN,53.3,-0.65
GBUTS,GB,UTS,Stromeferry,Stromeferry,HLD,57.35,-5.533333333333333
GBUYE,GB,UYE,"Uyeasound, Unst","Uyeasound, Unst",ZET,60.7,-0.9166666666666666
GBVEN,GB,VEN,Ventnor,Ventnor,IOW,50.6,-1.2
GBVID,GB,VID,Vidlin,Vidlin,ZET,60.36666666666667,-1.1333333333333333
GBVOE,GB,VOE,Voe,Voe,ZET,60.35,-1.25
GBVVE,GB,VVE,Belgrave,Belgrave,LCE,52.65,-2.166666666666667
GBWAB,GB,WAB,Wadebridge,Wadebridge,CON,50.516666666666666,-4.833333333333333
GBWAX,GB,WAX,West Auckland,West Auckland,DUR,54.63333333333333,-1.7333333333333334
GBWBF,GB,WBF,West Burrafirth,West Burrafirth,ZET,60.3,-1.5333333333333332
GBWBY,GB,WBY,Wembley,Wembley,BEN,51.55,-0.2833333333333333
GBWCB,GB,WCB,Whitcombe,Whitcombe,DOR,50.68333333333333,-2.4
GBWDN,GB,WDN,Widnes,Widnes,HAL,53.35,-2.7333333333333334
GBWEX,GB,WEX,Withernsea,Withernsea,ERY,53.733333333333334,0.3333333333333333
GBWFD,GB,WFD,Wakefield,Wakefield,WKF,53.7,-1.4833333333333334
GBWFT,GB,WFT,Waterfoot,Waterfoot,MYL,55.06666666666667,-6.066666666666666
GBWGD,GB,WGD,West Grinstead,West Grinstead,WSX,50.96666666666667,-0.3333333333333333
GBWGN,GB,WGN,Wigan,Wigan,WGN,53.53333333333333,-2.6166666666666667
GBWGW,GB,WGW,Walsgrave on Sowe,Walsgrave on Sowe,COV,52.416666666666664,-1.4333333333333333
GBWHE,GB,WHE,Whitehead,Whitehead,CKF,54.75,-5.7
GBWHH,GB,WHH,Isle of Whithorn,Isle of Whithorn,DGY,54.7,-4.366666666666666
GBWHL,GB,WHL,"Whitehall Village, Stronsay","Whitehall Village, Stronsay",ORK,59.13333333333333,-2.6166666666666667
GBWIC,GB,WIC,Wick Caithness,Wick Caithness,HLD,58.43333333333333,-3.0833333333333335
GBWIG,GB,WIG,Wigtown,Wigtown,DGY,54.86666666666667,-4.433333333333334
GBWJH,GB,WJH,Blewbury,Blewbury,OXF,51.55,-1.2333333333333334
GBWKM,GB,WKM,Wickham,Wickham,HAM,50.9,-1.1833333333333333
GBWKO,GB,WKO,Warkworth,Warkworth,NBL,55.35,-1.6
GBWL2,GB,WL2,Willingham,Willingham,CAM,52.31666666666667,0.6666666666666666
GBWLG,GB,WLG,Whaligoe,Whaligoe,HLD,58.333333333333336,-3.183333333333333
GBWLK,GB,WLK,Walker,Walker,NET,54.983333333333334,-1.55
GBWLZ,GB,WLZ,Walls Shetland,Walls Shetland,ZET,60.21666666666667,-1.5666666666666667
GBWMB,GB,WMB,Wemyss Bay,Wemyss Bay,IVC,55.88333333333333,-4.9
GBWMD,GB,WMD,West Mainland,West Mainland,ZET,60.21666666666667,-1.3833333333333333
GBWMS,GB,WMS,West Mersea,West Mersea,ESS,51.78333333333333,0.9166666666666666
GBWND,GB,WND,Warndon,Warndon,WOR,52.2,-2.1666666666666665
GBWNL,GB,WNL,Whinnyfold,Whinnyfold,ABD,57.38333333333333,-1.8666666666666667
GBWNS,GB,WNS,Wells-next-the-Sea,Wells-next-the-Sea,NFK,52.95,-0.8333333333333334
GBWNZ,GB,WNZ,Walton-on-the-Naze,Walton-on-the-Naze,ESS,51.86666666666667,1.2666666666666666
GBWOL,GB,WOL,North Woolwich,North Woolwich,NWM,51.5,0.6666666666666666
GBWOT,GB,WOT,Worthing,Worthing,WSX,50.81666666666667,-0.38333333333333336
GBWRB,GB,WRB,West Loch Tarbert,West Loch Tarbert,AGB,55.85,-5.433333333333334
GBWRE,GB,WRE,Wardle,Wardle,RCH,53.11666666666667,-2.5833333333333335
GBWRH,GB,WRH,Wareham,Wareham,DOR,50.68333333333333,-2.1166666666666667
GBWRN,GB,WRN,Warrington,Warrington,WRT,53.38333333333333,-2.6
GBWSM,GB,WSM,Weston-Super-Mare,Weston-Super-Mare,NSM,51.35,-2.966666666666667
GBWSP,GB,WSP,Weston Point,Weston Point,HAL,53.31666666666667,-2.75
GBWTB,GB,WTB,Whitby,Whitby,NYK,54.483333333333334,-0.6166666666666667
GBWTE,GB,WTE,Westerleigh,Westerleigh,GLS,51.5,-2.4166666666666665
GBWTW,GB,WTW,Wallsend,Wallsend,NTY,54.983333333333334,-1.5333333333333332
GBWWE,GB,WWE,West Wemyss,West Wemyss,FIF,56.13333333333333,-3.0833333333333335
GBWXW,GB,WXW,Westgate,Westgate,DUR,54.733333333333334,-2.1333333333333333
GBWYC,GB,WYC,Wychbold,Wychbold,WOR,52.28333333333333,-2.1
GBWYK,GB,WYK,Wyke Regis,Wyke Regis,DEV,50.583333333333336,-2.4833333333333334
GBWYR,GB,WYR,Wyre,Wyre,ORK,59.13333333333333,-2.966666666666667
GBWYS,GB,WYS,Westbury on Severn,Westbury on Severn,GLS,51.81666666666667,-2.4166666666666665
GBWYX,GB,WYX,West Bay,West Bay,,50.7,-2.75
GBXSS,GB,XSS,Seal Sands,Seal Sands,DUR,54.63333333333333,-1.1333333333333333
GBYAP,GB,YAP,Yapton,Yapton,WSX,50.8,-0.6
GBYFR,GB,YFR,Yell and Fetlar,Yell and Fetlar,ZET,60.7,-0.9666666666666667
GBYLW,GB,YLW,Holywood,Holywood,DOW,54.63333333333333,-5.816666666666666
GBYMO,GB,YMO,Yarmouth,Yarmouth,IOW,50.7,-1.5
GBYNT,GB,YNT,Whitney,Whitney,HEF,52.11666666666667,-3.0833333333333335
GBYOS,GB,YOS,Lydd on Sea,Lydd on Sea,KEN,50.93333333333333,0.95
GBYTH,GB,YTH,Blyth,Blyth,NTT,53.36666666666667,-1.0666666666666667
GBZOY,GB,ZOY,Westonzoyland,Westonzoyland,SOM,51.1,-2.9166666666666665
GEABK,GE,ABK,Sukhumi,Sukhumi,AB,43.0,41.0
GEANA,GE,ANA,Anaklia,Anaklia,SZ,42.4,41.583333333333336
GEIES,GE,IES,Khashmi,Khashmi,TB,41.75,45.166666666666664
GEKUL,GE,KUL,Kulevi,Kulevi,,42.266666666666666,41.63333333333333
GESPS,GE,SPS,Sup'sa,Sup'sa,,42.03333333333333,41.8
GFCAY,GF,CAY,Cayenne,Cayenne,,4.933333333333334,-52.333333333333336
GFCCY,GF,CCY,Awala-Yalimapo,Awala-Yalimapo,,5.683333333333334,-53.93333333333333
GFDDC,GF,DDC,Dégrad des Cannes,Degrad des Cannes,,4.866666666666667,-52.266666666666666
GFLCY,GF,LCY,Ouanary,Ouanary,,4.216666666666667,-51.666666666666664
GFOYP,GF,OYP,Saint-Georges,Saint-Georges,,3.9,-51.8
GFQKR,GF,QKR,Kourou,Kourou,,5.15,-52.63333333333333
GFREM,GF,REM,Dégrad des Cannes-Pariacabo Pt/Remire,Degrad des Cannes-Pariacabo Pt/Remire,,4.883333333333333,-52.28333333333333
GFSLM,GF,SLM,Saint-Laurent-du-Maroni,Saint-Laurent-du-Maroni,,5.5,-54.03333333333333
GGACI,GG,ACI,Alderney,Alderney,,49.68333333333333,-2.2
GGGCI,GG,GCI,Guernsey,Guernsey,,49.43333333333333,-2.5833333333333335
GGSPT,GG,SPT,Saint Peter Port,Saint Peter Port,,49.45,-2.55
GLAGM,GL,AGM,Tasiilaq,Tasiilaq,,65.6,-37.63333333333333
GLGOH,GL,GOH,Nuuk (Godthaab),Nuuk (Godthaab),,64.18333333333334,-51.75
GLKAN,GL,KAN,Kangerlussuaq Havn,Kangerlussuaq Havn,,66.96666666666667,-50.93333333333333
GLKUL,GL,KUL,Kullorsuaq,Kullorsuaq,,74.58333333333333,-57.2
GLKUN,GL,KUN,Kuummiut,Kuummiut,,65.86666666666666,-37.016666666666666
GLMML,GL,MML,Maarmorliik,Maarmorliik,,71.13333333333334,-51.28333333333333
GLNAL,GL,NAL,Nalunaq Gold Mine,Nalunaq Gold Mine,,60.31666666666667,-44.93333333333333
GLSEQ,GL,SEQ,Seqi Olivine Mine,Seqi Olivine Mine,,64.96666666666667,-51.56666666666667
GLTNT,GL,TNT,Tiniteqilaaq,Tiniteqilaaq,,65.9,-37.81666666666667
GLTOV,GL,TOV,Toqqusaq,Toqqusaq,,64.86666666666666,-52.2
GMSUK,GM,SUK,Sukuta,Sukuta,W,13.4,-16.7
GNBEL,GN,BEL,Bel-Air,Bel-Air,BF,10.233333333333333,-14.466666666666667
GNBFA,GN,BFA,Boffa,Boffa,BF,10.183333333333334,-14.033333333333333
GNBRP,GN,BRP,Port de Boké,Port de Boke,BK,10.516666666666667,-14.716666666666667
GNDKA,GN,DKA,Dubreka,Dubreka,DU,9.783333333333333,-13.5
GNDPL,GN,DPL,Dapilon,Dapilon,BK,10.85,-14.5
GNKMC,GN,KMC,Kamsar,Kamsar,BK,10.666666666666666,-14.583333333333334
GNKMR,GN,KMR,Port-Kamsar,Port-Kamsar,,10.65,-14.616666666666667
GNKTG,GN,KTG,Katougouma,Katougouma,BK,0.05,-14.45
GNPMT,GN,PMT,Dougoula,Dougoula,BK,10.75,-14.55
GPAIF,GP,AIF,Baillif,Baillif,,16.033333333333335,-61.733333333333334
GPBBR,GP,BBR,Basse-Terre,Basse-Terre,,16.0,-61.71666666666667
GPBMH,GP,BMH,Baie-Mahault,Baie-Mahault,,16.266666666666666,-61.583333333333336
GPBOU,GP,BOU,Bouillante,Bouillante,,16.133333333333333,-61.766666666666666
GPCBE,GP,CBE,Capesterre-Belle-Eau,Capesterre-Belle-Eau,,16.05,-61.55
GPDHR,GP,DHR,Deshaies,Deshaies,,16.3,-61.78333333333333
GPFAE,GP,FAE,Folle-Anse,Folle-Anse,,15.95,-61.333333333333336
GPFPI,GP,FPI,Anse-Bertrand,Anse-Bertrand,,16.466666666666665,-61.516666666666666
GPGOS,GP,GOS,Le Gosier,Le Gosier,,16.2,-61.483333333333334
GPGRB,GP,GRB,Grand-Bourg,Grand-Bourg,,15.883333333333333,-61.3
GPMSB,GP,MSB,Marigot,Marigot,,18.066666666666666,-63.083333333333336
GPPBG,GP,PBG,Petit-Bourg,Petit-Bourg,,16.183333333333334,-61.583333333333336
GPPTL,GP,PTL,Port-Louis,Port-Louis,,16.416666666666668,-61.53333333333333
GPPTP,GP,PTP,Point-à-Pitre Apt,Point-a-Pitre Apt,,16.233333333333334,-61.53333333333333
GPSFC,GP,SFC,Saint-François,Saint-Francois,,16.25,-61.266666666666666
GQPET,GQ,PET,Punta Europa Terminal,Punta Europa Terminal,,3.783333333333333,8.716666666666667
GQSER,GQ,SER,Serpentina Terminal,Serpentina Terminal,AN,3.8,8.083333333333334
GQZAF,GQ,ZAF,Zafiro Terminal,Zafiro Terminal,AN,3.85,8.166666666666666
GRACL,GR,ACL,Achladi,Achladi,,38.88333333333333,22.816666666666666
GRADL,GR,ADL,Adamas Milos,Adamas Milos,L,36.71666666666667,24.433333333333334
GRAEF,GR,AEF,Agia Efimia,Agia Efimia,,38.3,20.6
GRAEG,GR,AEG,Aegina,Aegina,,37.733333333333334,23.416666666666668
GRAEN,GR,AEN,Aígion,Aigion,13,38.25,22.083333333333332
GRAGA,GR,AGA,Agriá,Agria,,39.333333333333336,23.0
GRAGE,GR,AGE,Agios Georgios,Agios Georgios,04,38.833333333333336,22.883333333333333
GRAGF,GR,AGF,Agios Nikolaos Fokidas,Agios Nikolaos Fokidas,,38.333333333333336,22.15
GRAGG,GR,AGG,Agistri Aiginas,Agistri Aiginas,A1,37.71666666666667,23.35
GRAGK,GR,AGK,Agiokampos Larissas,Agiokampos Larissas,,39.68333333333333,22.883333333333333
GRAGM,GR,AGM,Agia Marina Fthiotidas,Agia Marina Fthiotidas,,38.9,22.583333333333332
GRAGN,GR,AGN,Agathonisi,Agathonisi,81,37.45,26.966666666666665
GRAGO,GR,AGO,Ágios Efstrátios,Agios Efstratios,83,39.53333333333333,24.983333333333334
GRAGT,GR,AGT,Agio Theodoroi,Agio Theodoroi,,37.916666666666664,23.116666666666667
GRAID,GR,AID,Aidipsou,Aidipsou,04,38.85,23.033333333333335
GRAIG,GR,AIG,Aigiali Amorgou,Aigiali Amorgou,82,36.9,25.966666666666665
GRAIO,GR,AIO,Alimos,Alimos,A1,37.916666666666664,23.716666666666665
GRAKH,GR,AKH,Akhillion,Akhillion,43,39.0,22.966666666666665
GRAKI,GR,AKI,Agios Kírykos,Agios Kirykos,84,37.61666666666667,26.3
GRAKM,GR,AKM,Agia Kyriaki (Trikeri Magnisia),Agia Kyriaki (Trikeri Magnisia),43,39.083333333333336,23.066666666666666
GRAKO,GR,AKO,Agios Konstantínos,Agios Konstantinos,,38.75,22.866666666666667
GRAKT,GR,AKT,Aktio Vonitsas,Aktio Vonitsas,A1,38.95,20.75
GRALG,GR,ALG,Plakias,Plakias,M,35.18333333333333,24.383333333333333
GRALO,GR,ALO,Alónnisos,Alonnisos,,39.15,23.866666666666667
GRAMF,GR,AMF,Amfilochía,Amfilochia,,38.86666666666667,21.166666666666668
GRAMI,GR,AMI,Amolianí,Amoliani,,40.333333333333336,23.916666666666668
GRAML,GR,AML,Agia Marina Lerou,Agia Marina Lerou,81,37.15,26.85
GRAMR,GR,AMR,Agia Marina Aiginas,Agia Marina Aiginas,,37.733333333333334,23.533333333333335
GRANA,GR,ANA,Anáfi,Anafi,82,36.35,25.766666666666666
GRAND,GR,AND,Andros,Andros,,37.833333333333336,24.933333333333334
GRANI,GR,ANI,"Agios Nikólaos, Kríti","Agios Nikolaos, Kriti",92,35.18333333333333,25.716666666666665
GRANL,GR,ANL,Agnontas Skopelos,Agnontas Skopelos,43,39.083333333333336,23.7
GRANP,GR,ANP,Antiparos,Antiparos,,37.03333333333333,25.083333333333332
GRANT,GR,ANT,Andírrion,Andirrion,,38.333333333333336,21.766666666666666
GRAOK,GR,AOK,Kárpathos,Karpathos,,35.5,27.233333333333334
GRAON,GR,AON,Kounoupidiana,Kounoupidiana,M,35.53333333333333,24.083333333333332
GRAOR,GR,AOR,Agiokampos Oreon,Agiokampos Oreon,H,38.93333333333333,23.033333333333335
GRAPE,GR,APE,Agía Pelagía,Agia Pelagia,,36.333333333333336,22.983333333333334
GRAPL,GR,APL,Amaliápolis,Amaliapolis,,39.166666666666664,22.883333333333333
GRAPV,GR,APV,Asproválta,Asprovalta,,40.71666666666667,23.7
GRARD,GR,ARD,Arkioi Dodekanissou,Arkioi Dodekanissou,81,37.38333333333333,26.733333333333334
GRARK,GR,ARK,Arkítsa,Arkitsa,06,38.75,23.033333333333335
GRARM,GR,ARM,Argostólion,Argostolion,,38.18333333333333,20.483333333333334
GRARS,GR,ARS,Ástros,Astros,12,37.4,22.716666666666665
GRARX,GR,ARX,Araxos,Araxos,,38.2,21.383333333333333
GRASF,GR,ASF,Agios Stefanos Corfu,Agios Stefanos Corfu,22,39.766666666666666,19.95
GRASS,GR,ASS,Asprópirgos,Aspropirgos,A1,38.06666666666667,23.583333333333332
GRAST,GR,AST,Astakós,Astakos,,38.53333333333333,21.083333333333332
GRATA,GR,ATA,Atalándi,Atalandi,06,38.65,23.0
GRATK,GR,ATK,Antikyra,Antikyra,,38.38333333333333,22.633333333333333
GRATL,GR,ATL,Atherinolakos Ierapetras,Atherinolakos Ierapetras,M,35.0,26.133333333333333
GRATN,GR,ATN,Athinios Thira Santorini,Athinios Thira Santorini,82,36.38333333333333,25.416666666666668
GRATS,GR,ATS,Altsi,Altsi,,35.166666666666664,25.883333333333333
GRAVA,GR,AVA,Avlida,Avlida,64,38.4,23.6
GRAXD,GR,AXD,Alexandroúpolis,Alexandroupolis,,40.85,25.866666666666667
GRCFU,GR,CFU,Kérkira (Corfu),Kerkira (Corfu),22,39.61666666666667,19.916666666666668
GRCHQ,GR,CHQ,Chania,Chania,,35.516666666666666,24.016666666666666
GRCLK,GR,CLK,Chalkida,Chalkida,04,38.46666666666667,23.583333333333332
GRCSF,GR,CSF,Khóra Sfakíon,Khora Sfakion,,35.2,24.133333333333333
GRDAF,GR,DAF,Dáfni,Dafni,64,40.21666666666667,24.216666666666665
GRDIA,GR,DIA,Diafánion,Diafanion,81,35.75,27.216666666666665
GRDIK,GR,DIK,Diakofti Kythiron,Diakofti Kythiron,,36.266666666666666,23.083333333333332
GRDMB,GR,DMB,Dombraina Boiotias,Dombraina Boiotias,,38.21666666666667,22.95
GRDON,GR,DON,Donousa Kykladon,Donousa Kykladon,,37.1,25.8
GRDOS,GR,DOS,Delos,Delos,,37.4,25.266666666666666
GRDPA,GR,DPA,Drapetzona,Drapetzona,,37.95,23.616666666666667
GRDRE,GR,DRE,Drepano Riou,Drepano Riou,,38.333333333333336,21.85
GRDSD,GR,DSD,Prosotsáni,Prosotsani,52,41.18333333333333,23.966666666666665
GREDI,GR,EDI,Edipsos,Edipsos,,38.86666666666667,23.033333333333335
GREEU,GR,EEU,Eleusina,Eleusina,A1,38.03333333333333,23.533333333333335
GREGI,GR,EGI,Eginion,Eginion,,40.483333333333334,22.583333333333332
GRELN,GR,ELN,Elafonissos Lakonias,Elafonissos Lakonias,,36.516666666666666,22.983333333333334
GRELT,GR,ELT,Eleftheres,Eleftheres,,40.85,24.316666666666666
GREPI,GR,EPI,Epidavros,Epidavros,,37.63333333333333,23.15
GRERE,GR,ERE,Erétria,Eretria,04,38.4,23.8
GRERK,GR,ERK,Ereikousses Diapontioi Islands,Ereikousses Diapontioi Islands,,39.86666666666667,19.566666666666666
GRERM,GR,ERM,Ermióni,Ermioni,,37.38333333333333,23.25
GRERY,GR,ERY,Erythres,Erythres,A1,38.21666666666667,23.316666666666666
GRETK,GR,ETK,Eratini,Eratini,07,38.36666666666667,22.233333333333334
GREYD,GR,EYD,Eydilos,Eydilos,,37.63333333333333,26.183333333333334
GRFAM,GR,FAM,Farmakonissi Dodekanissos,Farmakonissi Dodekanissos,81,37.28333333333333,27.083333333333332
GRFIS,GR,FIS,Fiskárdo,Fiskardo,23,38.45,20.566666666666666
GRFLS,GR,FLS,Eleusis,Eleusis,A1,38.03333333333333,23.533333333333335
GRFNR,GR,FNR,Faneromeni Salaminas,Faneromeni Salaminas,,37.983333333333334,23.416666666666668
GRFOL,GR,FOL,Folégandros,Folegandros,82,36.61666666666667,24.95
GRFOU,GR,FOU,Foúrnoi,Fournoi,84,37.5,26.5
GRGAD,GR,GAD,Gavdos Chanea,Gavdos Chanea,,34.85,24.116666666666667
GRGAL,GR,GAL,Galatas Troizinas,Galatas Troizinas,A1,37.5,23.45
GRGAV,GR,GAV,Gávrion,Gavrion,,37.88333333333333,24.733333333333334
GRGFD,GR,GFD,Glyfada,Glyfada,A1,37.86666666666667,23.75
GRGLO,GR,GLO,Glossa,Glossa,,39.166666666666664,23.616666666666667
GRGLX,GR,GLX,Galaxidi,Galaxidi,07,38.38333333333333,22.383333333333333
GRGLY,GR,GLY,Glyfa Fthiotidas,Glyfa Fthiotidas,06,38.95,22.966666666666665
GRGMA,GR,GMA,Agia Marina Grammatikou Attikis,Agia Marina Grammatikou Attikis,,38.18333333333333,24.066666666666666
GRGOV,GR,GOV,Gouvion,Gouvion,F,39.65,19.85
GRGPA,GR,GPA,Patras,Patras,,38.233333333333334,21.716666666666665
GRGYT,GR,GYT,Gythion,Gythion,,36.766666666666666,22.566666666666666
GRHAL,GR,HAL,Halki Dodekanison,Halki Dodekanison,81,36.21666666666667,27.6
GRHER,GR,HER,Heraklion (Iraklion),Heraklion (Iraklion),91,35.333333333333336,25.166666666666668
GRHER,GR,HER,Iraklion (Heraklion),Iraklion (Heraklion),91,35.333333333333336,25.166666666666668
GRHRK,GR,HRK,Herakleia Kykladon,Herakleia Kykladon,,36.86666666666667,25.466666666666665
GRHYD,GR,HYD,Hydra (Idhra),Hydra (Idhra),,37.35,23.466666666666665
GRHYD,GR,HYD,Idhra (Hydra),Idhra (Hydra),,37.35,23.466666666666665
GRIER,GR,IER,Ierápetra,Ierapetra,92,35.0,25.733333333333334
GRIES,GR,IES,Ierissos,Ierissos,,40.38333333333333,23.883333333333333
GRIGO,GR,IGO,Igoumenítsa,Igoumenitsa,,39.5,20.266666666666666
GRINO,GR,INO,Inousses,Inousses,,38.516666666666666,26.216666666666665
GRIOS,GR,IOS,Ios,Ios,,36.71666666666667,25.266666666666666
GRITA,GR,ITA,Itea,Itea,,38.43333333333333,22.416666666666668
GRITH,GR,ITH,Ithaki (Ithaca),Ithaki (Ithaca),,38.36666666666667,20.716666666666665
GRITM,GR,ITM,Isthmía,Isthmia,,37.916666666666664,23.0
GRJKH,GR,JKH,Chíos,Chios,,38.36666666666667,26.133333333333333
GRJMK,GR,JMK,Mykonos,Mykonos,82,37.45,25.333333333333332
GRJNX,GR,JNX,Náxos,Naxos,,37.1,25.383333333333333
GRJSH,GR,JSH,Siteía,Siteia,,35.2,26.116666666666667
GRJSI,GR,JSI,Skíathos,Skiathos,,39.166666666666664,23.483333333333334
GRJTR,GR,JTR,Thíra,Thira,,36.416666666666664,25.433333333333334
GRJTY,GR,JTY,Astypálaia,Astypalaia,81,36.55,26.35
GRKAG,GR,KAG,Karkinagri Ikarias,Karkinagri Ikarias,84,37.516666666666666,26.016666666666666
GRKAH,GR,KAH,Káto Achaïa,Kato Achaia,,38.15,21.55
GRKAI,GR,KAI,Kalamos Island (Lefkada),Kalamos Island (Lefkada),23,38.61666666666667,20.916666666666668
GRKAK,GR,KAK,Katakolon,Katakolon,,37.65,21.316666666666666
GRKAP,GR,KAP,Kapsalion (Kythira),Kapsalion (Kythira),,36.15,23.0
GRKAR,GR,KAR,Néon Karlovásion,Neon Karlovasion,,37.8,26.683333333333334
GRKAS,GR,KAS,Kastellorizou (ex Megísti),Kastellorizou (ex Megisti),81,36.15,29.6
GRKDM,GR,KDM,Kardámyla,Kardamyla,85,38.53333333333333,26.1
GRKEA,GR,KEA,Kéa (Tzia),Kea (Tzia),,37.65,24.316666666666666
GRKEF,GR,KEF,Kefalos Ko,Kefalos Ko,,36.733333333333334,26.966666666666665
GRKEI,GR,KEI,Kateríni,Katerini,,40.266666666666666,22.5
GRKEM,GR,KEM,Kosta Ermionidas,Kosta Ermionidas,,37.3,23.166666666666668
GRKER,GR,KER,Keramoti,Keramoti,,40.86666666666667,24.7
GRKGS,GR,KGS,Kos,Kos,,36.86666666666667,27.25
GRKIM,GR,KIM,Kými (Kimi),Kymi (Kimi),,38.63333333333333,24.1
GRKIM,GR,KIM,Kimi (Kými),Kimi (Kymi),,38.63333333333333,24.1
GRKIN,GR,KIN,Koilas Ermionidos,Koilas Ermionidos,11,37.416666666666664,23.133333333333333
GRKIO,GR,KIO,Kiato,Kiato,,38.0,22.75
GRKIP,GR,KIP,Kiparissia,Kiparissia,17,37.25,21.666666666666668
GRKIS,GR,KIS,Kastelli Kissamou,Kastelli Kissamou,,35.516666666666666,23.633333333333333
GRKLD,GR,KLD,Kalathos Rodou,Kalathos Rodou,81,36.11666666666667,28.066666666666666
GRKLI,GR,KLI,Klima,Klima,43,39.13333333333333,23.65
GRKLL,GR,KLL,Kalilimenes,Kalilimenes,,34.93333333333333,24.8
GRKLM,GR,KLM,Kalamaki,Kalamaki,,37.916666666666664,23.016666666666666
GRKLX,GR,KLX,Kalamáta,Kalamata,,37.03333333333333,22.116666666666667
GRKMI,GR,KMI,Kálymnos,Kalymnos,81,36.95,26.983333333333334
GRKMS,GR,KMS,Kímolos,Kimolos,,36.78333333333333,24.583333333333332
GRKNS,GR,KNS,Kontias Limnou,Kontias Limnou,83,39.833333333333336,25.15
GRKOF,GR,KOF,Koufonissia Kykladon,Koufonissia Kykladon,,36.93333333333333,25.6
GRKPS,GR,KPS,Kopanós,Kopanos,53,40.63333333333333,22.116666666666667
GRKRE,GR,KRE,Kamares Sifnos,Kamares Sifnos,82,36.983333333333334,24.666666666666668
GRKRM,GR,KRM,Kardamaina Kos,Kardamaina Kos,81,36.78333333333333,27.15
GRKRT,GR,KRT,Kórinthos,Korinthos,15,37.93333333333333,22.916666666666668
GRKSA,GR,KSA,Kassiopis,Kassiopis,F,39.78333333333333,19.916666666666668
GRKSI,GR,KSI,Kastos Island,Kastos Island,23,38.56666666666667,20.916666666666668
GRKSJ,GR,KSJ,Kassos,Kassos,,35.416666666666664,26.916666666666668
GRKSK,GR,KSK,Kamiros Skala,Kamiros Skala,81,36.266666666666666,27.816666666666666
GRKSP,GR,KSP,Kassiopi Corfu,Kassiopi Corfu,22,39.78333333333333,19.916666666666668
GRKST,GR,KST,Karystos,Karystos,,38.016666666666666,24.416666666666668
GRKTP,GR,KTP,Katápola,Katapola,82,36.833333333333336,25.866666666666667
GRKTS,GR,KTS,Keratsínion,Keratsinion,,37.96666666666667,23.6
GRKVA,GR,KVA,Kavála,Kavala,55,40.93333333333333,24.4
GRKYL,GR,KYL,Kyllíni,Kyllini,,37.93333333333333,21.15
GRKYM,GR,KYM,Kimási,Kimasi,,38.8,23.516666666666666
GRKYT,GR,KYT,Kythnos,Kythnos,,37.38333333333333,24.4
GRLAR,GR,LAR,Lardos Rhodes,Lardos Rhodes,81,36.06666666666667,28.033333333333335
GRLAV,GR,LAV,Laurium (Lavrion),Laurium (Lavrion),,37.71666666666667,24.066666666666666
GRLAV,GR,LAV,Lavrion (Laurium),Lavrion (Laurium),,37.71666666666667,24.066666666666666
GRLDR,GR,LDR,Lindos Rodou,Lindos Rodou,81,36.1,28.083333333333332
GRLEF,GR,LEF,Lefkandi,Lefkandi,,38.416666666666664,23.683333333333334
GRLEV,GR,LEV,Lefkáda (Lefkás),Lefkada (Lefkas),,38.833333333333336,20.7
GRLEV,GR,LEV,Lefkás (Lefkáda),Lefkas (Lefkada),,38.833333333333336,20.7
GRLFK,GR,LFK,Lefkímmi,Lefkimmi,22,39.416666666666664,20.1
GRLIA,GR,LIA,Linaria,Linaria,04,38.85,24.533333333333335
GRLII,GR,LII,Limni,Limni,,38.766666666666666,23.316666666666666
GRLIN,GR,LIN,Linoperamata Hrakliou,Linoperamata Hrakliou,,35.35,25.05
GRLIP,GR,LIP,Lipsoí,Lipsoi,81,37.28333333333333,26.766666666666666
GRLIX,GR,LIX,Lixuri,Lixuri,,38.2,20.433333333333334
GRLND,GR,LND,Leonídion,Leonidion,,37.15,22.9
GRLRS,GR,LRS,Leros,Leros,,37.18333333333333,26.8
GRLRY,GR,LRY,Larymna,Larymna,,38.56666666666667,23.283333333333335
GRLTR,GR,LTR,Loutro Chanion,Loutro Chanion,,35.2,24.083333333333332
GRLVR,GR,LVR,Aliverio,Aliverio,,38.4,24.05
GRM8L,GR,M8L,Magoúla,Magoula,42,39.81666666666667,22.083333333333332
GRMDR,GR,MDR,Moúdhros,Moudhros,,39.86666666666667,25.266666666666666
GRMEA,GR,MEA,Methana,Methana,A1,37.583333333333336,23.55
GRMEG,GR,MEG,Megálon Livádion,Megalon Livadion,82,37.15,24.416666666666668
GRMEL,GR,MEL,Mesolóngion,Mesolongion,,38.36666666666667,21.433333333333334
GRMEN,GR,MEN,Menidi,Menidi,,39.03333333333333,21.116666666666667
GRMET,GR,MET,Methoni,Methoni,,36.81666666666667,21.716666666666665
GRMGL,GR,MGL,Magoúla,Magoula,A1,38.083333333333336,23.516666666666666
GRMGN,GR,MGN,Meganísi,Meganisi,24,38.666666666666664,20.75
GRMHI,GR,MHI,Mesta Hiou,Mesta Hiou,,38.28333333333333,25.933333333333334
GRMJT,GR,MJT,Mytilene,Mytilene,,39.1,26.55
GRMKP,GR,MKP,Marathokampos Samou,Marathokampos Samou,84,37.7,26.7
GRMOL,GR,MOL,Molyvos,Molyvos,83,39.36666666666667,26.15
GRMON,GR,MON,Monemvasía,Monemvasia,16,36.68333333333333,23.05
GRMOU,GR,MOU,Moutsoúna,Moutsouna,,37.083333333333336,25.583333333333332
GRMPO,GR,MPO,Mpoukaris,Mpoukaris,F,39.45,19.983333333333334
GRMRM,GR,MRM,Marmari,Marmari,,38.05,24.316666666666666
GRMRS,GR,MRS,Myrties Kalymnou,Myrties Kalymnou,L,36.983333333333334,26.916666666666668
GRMSA,GR,MSA,Malessina,Malessina,,38.65,23.233333333333334
GRMSS,GR,MSS,Messongis,Messongis,F,39.46666666666667,19.933333333333334
GRMTR,GR,MTR,Mathraki Diapontioi Island,Mathraki Diapontioi Island,,39.78333333333333,19.516666666666666
GRMVO,GR,MVO,Moní Vatopedíou,Moni Vatopediou,69,40.3,24.2
GRMXK,GR,MXK,Mastichari Kos,Mastichari Kos,81,36.85,27.066666666666666
GRMYB,GR,MYB,Myrtos Beach,Myrtos Beach,23,38.35,20.533333333333335
GRMYL,GR,MYL,Mylaki,Mylaki,,38.38333333333333,24.066666666666666
GRMYR,GR,MYR,Mírina,Mirina,,39.86666666666667,25.066666666666666
GRNAF,GR,NAF,Náfplion,Nafplion,11,37.56666666666667,22.8
GRNAR,GR,NAR,Néa Artáki,Nea Artaki,,38.516666666666666,23.633333333333333
GRNAS,GR,NAS,Naoussa Parou,Naoussa Parou,,37.11666666666667,25.233333333333334
GRNEA,GR,NEA,Neapolis,Neapolis,,36.5,23.066666666666666
GRNID,GR,NID,Nidhríon,Nidhrion,,38.7,20.716666666666665
GRNIS,GR,NIS,Nisiros,Nisiros,,36.61666666666667,27.133333333333333
GRNKA,GR,NKA,Néa Kallikrátia,Nea Kallikratia,64,40.31666666666667,23.066666666666666
GRNKV,GR,NKV,Néa Karváli,Nea Karvali,,40.96666666666667,24.516666666666666
GRNMA,GR,NMA,Néa Moudhaniá,Nea Moudhania,,40.233333333333334,23.283333333333335
GRNPK,GR,NPK,Návpaktos,Navpaktos,,38.4,21.833333333333332
GRNPY,GR,NPY,Néa Pláyia,Nea Playia,,40.266666666666666,23.2
GRNST,GR,NST,Néa Stíra,Nea Stira,,38.18333333333333,24.2
GROIK,GR,OIK,Oia Kyklades,Oia Kyklades,82,36.46666666666667,25.383333333333333
GRORE,GR,ORE,Orei,Orei,,38.95,23.083333333333332
GRORO,GR,ORO,Oropos,Oropos,,38.31666666666667,23.783333333333335
GROTH,GR,OTH,Othonoí,Othonoi,22,39.85,19.4
GROTO,GR,OTO,Agios Stefanos Avliotes,Agios Stefanos Avliotes,F,39.75,19.65
GROUR,GR,OUR,Ouranópolis,Ouranopolis,64,40.31666666666667,23.983333333333334
GRP5T,GR,P5T,Platy,Platy,53,40.63333333333333,22.533333333333335
GRPAA,GR,PAA,Psará,Psara,85,38.53333333333333,25.566666666666666
GRPAO,GR,PAO,Paloúkia,Paloukia,A1,37.96666666666667,23.533333333333335
GRPAR,GR,PAR,Párga,Parga,,39.28333333333333,20.4
GRPAS,GR,PAS,Páros,Paros,,37.083333333333336,25.15
GRPAX,GR,PAX,Paxi,Paxi,,39.2,20.183333333333334
GRPCH,GR,PCH,Paleochora,Paleochora,94,35.21666666666667,23.666666666666668
GRPEB,GR,PEB,Petani Beach,Petani Beach,23,38.266666666666666,20.366666666666667
GRPEL,GR,PEL,Pelasyía,Pelasyia,06,38.95,22.833333333333332
GRPEP,GR,PEP,Palaiá Epídavros,Palaia Epidavros,,37.63333333333333,23.15
GRPER,GR,PER,Perama,Perama,,37.96666666666667,23.55
GRPFA,GR,PFA,Palaiá Fókaia,Palaia Fokaia,,37.71666666666667,23.95
GRPGM,GR,PGM,Perama Geras Mytilinis,Perama Geras Mytilinis,83,39.03333333333333,26.5
GRPIA,GR,PIA,Platania,Platania,43,39.13333333333333,23.266666666666666
GRPIL,GR,PIL,Agia Galini,Agia Galini,M,35.083333333333336,24.683333333333334
GRPIR,GR,PIR,Piraeus,Piraeus,I,37.93333333333333,23.616666666666667
GRPIS,GR,PIS,Pissaetos Ithakis,Pissaetos Ithakis,,38.35,20.683333333333334
GRPIT,GR,PIT,Pitra,Pitra,16,36.68333333333333,22.833333333333332
GRPKI,GR,PKI,Prassa Kimolos,Prassa Kimolos,L,36.81666666666667,24.583333333333332
GRPKK,GR,PKK,Lakkion,Lakkion,,37.13333333333333,26.85
GRPLC,GR,PLC,Polychnitos Lesvou,Polychnitos Lesvou,,34.1,26.166666666666668
GRPLG,GR,PLG,Platygiali Etoloakarnanias,Platygiali Etoloakarnanias,,38.46666666666667,21.1
GRPLI,GR,PLI,Pyli,Pyli,,40.766666666666666,21.033333333333335
GRPLM,GR,PLM,Plomárion,Plomarion,83,38.983333333333334,26.366666666666667
GRPLV,GR,PLV,Petra,Petra,83,39.333333333333336,26.183333333333334
GRPME,GR,PME,Pachi,Pachi,,37.96666666666667,23.35
GRPMS,GR,PMS,Pátmos,Patmos,,37.31666666666667,26.55
GRPNT,GR,PNT,Órmos Panórmou,Ormos Panormou,82,37.65,25.05
GRPOA,GR,POA,Potamos Antikithera,Potamos Antikithera,A1,35.88333333333333,23.283333333333335
GRPPI,GR,PPI,Prinos Thassou,Prinos Thassou,,40.75,24.566666666666666
GRPRE,GR,PRE,Petries Evvoias,Petries Evvoias,04,38.4,24.183333333333334
GRPRN,GR,PRN,Prasonisi Rhodes,Prasonisi Rhodes,L,35.88333333333333,27.766666666666666
GRPRO,GR,PRO,Próti,Proti,62,40.95,24.0
GRPRR,GR,PRR,Perea,Perea,54,40.5,22.9
GRPSA,GR,PSA,Psakhná,Psakhna,,38.583333333333336,23.633333333333333
GRPSE,GR,PSE,Phserimos Dodekanisou,Phserimos Dodekanisou,81,36.93333333333333,27.133333333333333
GRPSF,GR,PSF,Paleohora Sfakion,Paleohora Sfakion,,35.2,24.133333333333333
GRPSK,GR,PSK,Pessada Kefallinnias,Pessada Kefallinnias,,38.1,20.583333333333332
GRPTC,GR,PTC,Petrití,Petriti,22,39.45,20.0
GRPTE,GR,PTE,Pteleos,Pteleos,43,39.03333333333333,22.983333333333334
GRPTI,GR,PTI,Plataria,Plataria,32,39.45,20.283333333333335
GRPTK,GR,PTK,Politiká,Politika,,38.583333333333336,23.55
GRPTL,GR,PTL,Lágos (Pórto-Lágo),Lagos (Porto-Lago),72,41.016666666666666,25.116666666666667
GRPXO,GR,PXO,Antipaxoi,Antipaxoi,F,39.15,20.233333333333334
GRPYL,GR,PYL,Pýlos,Pylos,17,36.9,21.683333333333334
GRPYT,GR,PYT,Pythagóreion,Pythagoreion,84,37.7,26.95
GRPYV,GR,PYV,Peyki Evvoias,Peyki Evvoias,04,39.0,23.216666666666665
GRRET,GR,RET,Réthymnon,Rethymnon,,35.36666666666667,24.466666666666665
GRREV,GR,REV,Revithoussa,Revithoussa,,37.95,23.383333333333333
GRRIZ,GR,RIZ,Rízes,Rizes,A1,36.233333333333334,22.95
GRROU,GR,ROU,Agia Roumeli,Agia Roumeli,,35.233333333333334,23.966666666666665
GRSAI,GR,SAI,Sámi,Sami,23,38.25,20.65
GRSAL,GR,SAL,Salamís,Salamis,,37.96666666666667,23.483333333333334
GRSAM,GR,SAM,Samothráki,Samothraki,,40.483333333333334,25.516666666666666
GRSAT,GR,SAT,Frikes Ithakis,Frikes Ithakis,,38.46666666666667,20.666666666666668
GRSDH,GR,SDH,Soúda,Souda,94,35.516666666666666,24.133333333333333
GRSER,GR,SER,Sériphos,Seriphos,82,37.15,24.5
GRSFN,GR,SFN,Souflíon,Souflion,,41.2,26.316666666666666
GRSGI,GR,SGI,Sigrion,Sigrion,,39.21666666666667,25.85
GRSGR,GR,SGR,Sigri Lesvou,Sigri Lesvou,,39.21666666666667,25.833333333333332
GRSGT,GR,SGT,Sagiada Thesprotias,Sagiada Thesprotias,32,39.63333333333333,20.183333333333334
GRSHC,GR,SHC,Schinousa Kykladon,Schinousa Kykladon,,36.86666666666667,25.5
GRSHI,GR,SHI,Shinari Zakynthou,Shinari Zakynthou,,37.9,20.7
GRSII,GR,SII,Sikinos,Sikinos,82,36.7,25.116666666666667
GRSKA,GR,SKA,Skaramangás,Skaramangas,,38.0,23.583333333333332
GRSKD,GR,SKD,Skafidia,Skafidia,,37.7,21.333333333333332
GRSKG,GR,SKG,Thessaloníki,Thessaloniki,,40.63333333333333,22.95
GRSKM,GR,SKM,Skáloma,Skaloma,32,39.61666666666667,20.183333333333334
GRSKU,GR,SKU,Skíros,Skiros,,38.9,24.566666666666666
GRSLA,GR,SLA,Souvala,Souvala,A1,37.766666666666666,23.483333333333334
GRSOG,GR,SOG,Sougia Chanion,Sougia Chanion,,35.2,23.8
GRSOI,GR,SOI,Soroni,Soroni,L,36.36666666666667,28.0
GRSOS,GR,SOS,Assos,Assos,23,38.38333333333333,20.533333333333335
GRSOU,GR,SOU,Soussaki,Soussaki,,37.916666666666664,23.05
GRSPE,GR,SPE,Spétsai,Spetsai,,37.266666666666666,23.15
GRSTN,GR,STN,Saint Nicolas,Saint Nicolas,03,38.35,22.683333333333334
GRSYM,GR,SYM,Symi,Symi,,36.6,27.833333333333332
GRSYS,GR,SYS,Stylis (Stylída),Stylis (Stylida),06,38.916666666666664,22.616666666666667
GRSYS,GR,SYS,Stylída (Stylis),Stylida (Stylis),06,38.916666666666664,22.616666666666667
GRSYV,GR,SYV,Syvota,Syvota,32,39.4,20.233333333333334
GRTEM,GR,TEM,Artemis,Artemis,,37.96666666666667,24.0
GRTHM,GR,THM,Thymaina Island,Thymaina Island,84,37.583333333333336,26.45
GRTHP,GR,THP,Thisvi Port,Thisvi Port,07,38.21666666666667,22.95
GRTIL,GR,TIL,Tilos,Tilos,81,36.416666666666664,27.366666666666667
GRTIN,GR,TIN,Tínos,Tinos,,37.53333333333333,25.166666666666668
GRTLA,GR,TLA,Tolo Argolidos,Tolo Argolidos,11,37.516666666666666,22.85
GRTRK,GR,TRK,Trikeri,Trikeri,43,39.083333333333336,23.066666666666666
GRTRS,GR,TRS,Thirasía,Thirasia,,36.43333333333333,25.35
GRTRY,GR,TRY,Trypiti Chalkidikis,Trypiti Chalkidikis,,40.36666666666667,23.916666666666668
GRTSA,GR,TSA,Benitsa,Benitsa,F,39.55,19.9
GRTSI,GR,TSI,Tsingéli,Tsingeli,,39.166666666666664,22.85
GRTVR,GR,TVR,Távros,Tavros,A1,37.96666666666667,23.683333333333334
GRVAB,GR,VAB,Vatika Bay,Vatika Bay,16,36.5,23.033333333333335
GRVLC,GR,VLC,Volissos (Limnia) Chios,Volissos (Limnia) Chios,85,38.46666666666667,25.916666666666668
GRVLM,GR,VLM,Vouliagméni,Vouliagmeni,A1,37.81666666666667,23.783333333333335
GRVOL,GR,VOL,Vólos,Volos,,39.36666666666667,22.95
GRVOM,GR,VOM,Voudia Milos,Voudia Milos,L,36.75,24.533333333333335
GRVRI,GR,VRI,Vrisákia,Vrisakia,,38.56666666666667,23.6
GRVSS,GR,VSS,Vassiliki Leykadas,Vassiliki Leykadas,,38.61666666666667,20.583333333333332
GRVTH,GR,VTH,Port Vathý (Vathý),Port Vathy (Vathy),84,37.75,26.983333333333334
GRVTH,GR,VTH,Vathý (Port Vathý),Vathy (Port Vathy),84,37.75,26.983333333333334
GRXIR,GR,XIR,Xirokampos Leros,Xirokampos Leros,L,37.11666666666667,26.866666666666667
GRXKB,GR,XKB,Xirokámbion,Xirokambion,16,36.96666666666667,22.45
GRXYT,GR,XYT,Xylokeratia Milos,Xylokeratia Milos,L,36.666666666666664,24.366666666666667
GRXZX,GR,XZX,Elaiokhória,Elaiokhoria,64,40.333333333333336,23.166666666666668
GRYAL,GR,YAL,Yaltra,Yaltra,04,38.85,22.983333333333334
GRYER,GR,YER,Yerakiní,Yerakini,64,40.28333333333333,23.45
GRYPS,GR,YPS,Ypsos,Ypsos,F,39.7,19.833333333333332
GRZAQ,GR,ZAQ,Sérifos,Serifos,82,37.15,-24.5
GRZTH,GR,ZTH,Zákynthos,Zakynthos,21,37.78333333333333,20.9
GSGRV,GS,GRV,Grytviken,Grytviken,,-54.266666666666666,-36.5
GTCHR,GT,CHR,Champerico,Champerico,11,14.3,-91.91666666666667
GTE8C,GT,E8C,El Carmen,El Carmen,15,15.15,-90.23333333333333
GTLIV,GT,LIV,Lívingston,Livingston,18,15.833333333333334,-88.75
GTRIO,GT,RIO,Río Bravo,Rio Bravo,10,14.4,-91.31666666666666
GTSTC,GT,STC,Puerto Santo Tomás de Castilla,Puerto Santo Tomas de Castilla,18,15.7,-88.61666666666666
GUBRR,GU,BRR,Barrigada,Barrigada,,13.466666666666667,144.78333333333333
GWBNT,GW,BNT,Binta,Binta,,12.416666666666666,-15.316666666666666
GWBOL,GW,BOL,Bolama,Bolama,,11.583333333333334,-15.466666666666667
GWBQE,GW,BQE,Bubaque,Bubaque,,11.283333333333333,-15.833333333333334
GWCAC,GW,CAC,Cacheu,Cacheu,CA,12.266666666666667,-16.15
GWCJA,GW,CJA,Canjaja,Canjaja,,12.383333333333333,-15.35
GWFAR,GW,FAR,Farim,Farim,,12.483333333333333,-15.216666666666667
GWOXB,GW,OXB,Bissau,Bissau,BS,11.85,-15.583333333333334
GYANT,GY,ANT,Adventure,Adventure,,7.083333333333333,-58.483333333333334
GYEVR,GY,EVR,Everton,Everton,DE,6.916666666666667,-58.333333333333336
GYLDN,GY,LDN,Linden,Linden,,6.0,-58.28333333333333
HK9YM,HK,9YM,Yau Ma Tei,Yau Ma Tei,,22.316666666666666,114.16666666666667
HKABD,HK,ABD,Aberdeen,Aberdeen,,22.25,114.15
HKCWB,HK,CWB,Causeway Bay,Causeway Bay,,22.283333333333335,114.18333333333334
HKHKC,HK,HKC,Ha Kwai Chung,Ha Kwai Chung,,22.366666666666667,114.11666666666666
HKHKG,HK,HKG,Hong Kong,Hong Kong,,22.316666666666666,114.16666666666667
HKKWN,HK,KWN,Kowloon,Kowloon,,22.3,114.16666666666667
HKTST,HK,TST,Tsim Sha Tsui,Tsim Sha Tsui,,22.3,114.16666666666667
HKWNI,HK,WNI,Wan Chai,Wan Chai,,22.283333333333335,114.16666666666667
HMHEA,HM,HEA,Heard Island,Heard Island,,-53.083333333333336,73.71666666666667
HMMCD,HM,MCD,McDonald Island,McDonald Island,,-53.03333333333333,72.58333333333333
HNOMO,HN,OMO,Omoa,Omoa,CR,15.766666666666667,-88.03333333333333
HNRTB,HN,RTB,Roatán,Roatan,,16.3,-86.55
HNRTM,HN,RTM,Mahogany Bay,Mahogany Bay,IB,16.333333333333332,-86.5
HR9SA,HR,9SA,Velika Mlaka,Velika Mlaka,21,45.733333333333334,16.016666666666666
HRALJ,HR,ALJ,Aljmas,Aljmas,,45.53333333333333,18.95
HRATL,HR,ATL,Antenal,Antenal,,45.31666666666667,13.55
HRBAK,HR,BAK,Bakar,Bakar,08,45.3,14.516666666666667
HRBAS,HR,BAS,Baska,Baska,08,44.96666666666667,14.75
HRBAT,HR,BAT,Batina,Batina,14,45.86666666666667,18.866666666666667
HRBLC,HR,BLC,Belisce,Belisce,,45.7,18.416666666666668
HRBLE,HR,BLE,Blace,Blace,,43.016666666666666,17.483333333333334
HRBNM,HR,BNM,Biograd na Moru,Biograd na Moru,,43.93333333333333,15.45
HRBOL,HR,BOL,Bol,Bol,,43.266666666666666,16.65
HRBOR,HR,BOR,Borovo,Borovo,,45.36666666666667,18.966666666666665
HRBRB,HR,BRB,Brbinj/Lucina,Brbinj/Lucina,,44.083333333333336,15.0
HRBRI,HR,BRI,Brioni,Brioni,,44.9,13.75
HRBRV,HR,BRV,Borovo Selo,Borovo Selo,,45.416666666666664,18.983333333333334
HRBZA,HR,BZA,Bozava,Bozava,,44.13333333333333,14.9
HRCRA,HR,CRA,Crikvenica,Crikvenica,,45.18333333333333,14.7
HRCRS,HR,CRS,Cres,Cres,,44.95,14.4
HRCVT,HR,CVT,Cavtat,Cavtat,19,42.56666666666667,18.216666666666665
HRDAL,HR,DAL,Dalmacia,Dalmacia,13,44.05,15.3
HRDBV,HR,DBV,Dubrovnik,Dubrovnik,19,42.65,18.083333333333332
HRDLJ,HR,DLJ,Dalj,Dalj,,45.483333333333334,18.983333333333334
HRDNC,HR,DNC,Donje Celo,Donje Celo,,42.68333333333333,18.0
HRDRK,HR,DRK,Drvenik,Drvenik,,43.15,16.25
HRDUR,HR,DUR,Dugi Rat,Dugi Rat,17,43.43333333333333,16.633333333333333
HRERD,HR,ERD,Erdut,Erdut,,45.53333333333333,19.066666666666666
HRFIL,HR,FIL,Filipjakov,Filipjakov,13,43.96666666666667,15.416666666666666
HRFNA,HR,FNA,Fazana,Fazana,,44.93333333333333,13.733333333333333
HRGNA,HR,GNA,Gazenica,Gazenica,,44.1,15.266666666666667
HRHVA,HR,HVA,Hvar,Hvar,17,43.166666666666664,16.433333333333334
HRILO,HR,ILO,Ilok,Ilok,,45.21666666666667,19.366666666666667
HRIST,HR,IST,Ist,Ist,,44.266666666666666,14.766666666666667
HRJAB,HR,JAB,Jablanac,Jablanac,,44.71666666666667,14.9
HRJDR,HR,JDR,Jadrija,Jadrija,,43.71666666666667,15.85
HRJSA,HR,JSA,Jelsa,Jelsa,,43.166666666666664,16.7
HRKAB,HR,KAB,Karlobag,Karlobag,,44.516666666666666,15.066666666666666
HRKAL,HR,KAL,Kali,Kali,13,44.06666666666667,15.2
HRKJV,HR,KJV,Kijevo,Kijevo,,44.0,16.35
HRKLK,HR,KLK,Klek,Klek,,42.95,17.566666666666666
HRKMN,HR,KMN,Klimno,Klimno,,45.15,14.633333333333333
HRKMZ,HR,KMZ,Komiza,Komiza,,43.03333333333333,16.083333333333332
HRKOR,HR,KOR,Korcula,Korcula,,42.95,17.116666666666667
HRKOS,HR,KOS,Kostrena,Kostrena,08,45.3,14.5
HRKPR,HR,KPR,Kaprije,Kaprije,,43.68333333333333,15.716666666666667
HRKRA,HR,KRA,Kraljevica,Kraljevica,,45.266666666666666,14.566666666666666
HRKRK,HR,KRK,Krk,Krk,,45.03333333333333,14.583333333333334
HRKRM,HR,KRM,Koromacno,Koromacno,,44.96666666666667,14.116666666666667
HRKUK,HR,KUK,Kukljica,Kukljica,13,44.03333333333333,15.25
HRKZA,HR,KZA,Kneza,Kneza,17,42.96666666666667,17.05
HRLAM,HR,LAM,Lamjane,Lamjane,,44.03333333333333,15.2
HRLKR,HR,LKR,Lokrum,Lokrum,,42.61666666666667,18.133333333333333
HRLPD,HR,LPD,Lopud,Lopud,,42.68333333333333,17.95
HRLPR,HR,LPR,Lopar,Lopar,,44.833333333333336,14.8
HRLST,HR,LST,Lastovo,Lastovo,,42.766666666666666,16.9
HRLSZ,HR,LSZ,Mali Losinj,Mali Losinj,,44.53333333333333,14.466666666666667
HRMAK,HR,MAK,Makarska,Makarska,17,43.3,17.016666666666666
HRMAL,HR,MAL,Malinska,Malinska,,45.11666666666667,14.533333333333333
HRMAS,HR,MAS,Maslenica,Maslenica,17,44.21666666666667,15.533333333333333
HRMET,HR,MET,Metkovic,Metkovic,,43.05,17.633333333333333
HRMHV,HR,MHV,Mohovo,Mohovo,,45.25,19.216666666666665
HRMIL,HR,MIL,Milna,Milna,,43.31666666666667,16.45
HRMIZ,HR,MIZ,Mali Iz,Mali Iz,13,44.03333333333333,15.133333333333333
HRMNK,HR,MNK,Misnjak,Misnjak,,44.7,14.866666666666667
HRMOD,HR,MOD,Moscenicka Draga,Moscenicka Draga,,45.233333333333334,14.25
HRMOM,HR,MOM,Momjan,Momjan,18,45.43333333333333,13.7
HRMRG,HR,MRG,Merag,Merag,,44.983333333333334,14.45
HRMRJ,HR,MRJ,Muna na Zirju,Muna na Zirju,,43.666666666666664,15.666666666666666
HRMTA,HR,MTA,Martinscica,Martinscica,,44.81666666666667,14.416666666666666
HRMUR,HR,MUR,Murter,Murter,,43.81666666666667,15.6
HRN9F,HR,N9F,Fericanci,Fericanci,11,45.516666666666666,17.966666666666665
HRNDD,HR,NDD,Novigrad (Dalmacija),Novigrad (Dalmacija),13,44.18333333333333,15.55
HRNOV,HR,NOV,Novaglia,Novaglia,13,44.55,14.883333333333333
HRNRZ,HR,NRZ,Nerezine,Nerezine,,44.666666666666664,14.4
HRNVD,HR,NVD,Novi Vinodolski,Novi Vinodolski,,45.13333333333333,14.783333333333333
HRNVG,HR,NVG,Novigrad,Novigrad,18,45.3,13.55
HRNVL,HR,NVL,Novalja,Novalja,,44.55,14.883333333333333
HROMI,HR,OMI,Omisalj,Omisalj,08,45.21666666666667,14.55
HROMS,HR,OMS,Omis,Omis,,43.45,16.7
HRONJ,HR,ONJ,Obonjan,Obonjan,,43.68333333333333,15.783333333333333
HROPA,HR,OPA,Opatija,Opatija,18,45.333333333333336,14.3
HROPT,HR,OPT,Opatovac,Opatovac,,45.266666666666666,19.166666666666668
HRORB,HR,ORB,Orebic,Orebic,,42.96666666666667,17.183333333333334
HROSI,HR,OSI,Osijek,Osijek,14,45.55,18.683333333333334
HRPAG,HR,PAG,Pag,Pag,,44.43333333333333,15.05
HRPAS,HR,PAS,Pasman,Pasman,13,43.95,15.383333333333333
HRPCA,HR,PCA,Pucisca,Pucisca,,43.36666666666667,16.75
HRPLA,HR,PLA,Polace,Polace,,42.78333333333333,17.383333333333333
HRPLE,HR,PLE,Ploce,Ploce,,43.05,17.433333333333334
HRPLM,HR,PLM,Plomin,Plomin,18,45.13333333333333,14.166666666666666
HRPMN,HR,PMN,Pomena,Pomena,,42.78333333333333,17.35
HRPNT,HR,PNT,Punat,Punat,,45.016666666666666,14.633333333333333
HRPOR,HR,POR,Porec,Porec,18,45.21666666666667,13.583333333333334
HRPRE,HR,PRE,Preko,Preko,,44.083333333333336,15.2
HRPRI,HR,PRI,Primosten,Primosten,,43.583333333333336,15.933333333333334
HRPRN,HR,PRN,Prizna,Prizna,,44.6,14.966666666666667
HRPRP,HR,PRP,Prapratno,Prapratno,,42.81666666666667,17.683333333333334
HRPRS,HR,PRS,Prvic Sepurine,Prvic Sepurine,,43.733333333333334,15.783333333333333
HRPRV,HR,PRV,Prvic,Prvic,,43.71666666666667,15.8
HRPRZ,HR,PRZ,Porozina,Porozina,,45.13333333333333,14.133333333333333
HRPUY,HR,PUY,Pula,Pula,18,44.86666666666667,13.833333333333334
HRPVK,HR,PVK,Privlaka,Privlaka,13,44.266666666666666,15.116666666666667
HRRAB,HR,RAB,Rab,Rab,,44.75,14.75
HRRAS,HR,RAS,Rasa,Rasa,18,45.06666666666667,14.066666666666666
HRRBC,HR,RBC,Rabac,Rabac,,45.083333333333336,14.166666666666666
HRRES,HR,RES,Duga Resa,Duga Resa,04,45.416666666666664,15.483333333333333
HRRGC,HR,RGC,Rogac,Rogac,,43.4,16.3
HRRGN,HR,RGN,Rogoznica,Rogoznica,,43.53333333333333,15.966666666666667
HRRJK,HR,RJK,Rijeka,Rijeka,08,45.333333333333336,14.4
HRROV,HR,ROV,Rovinj,Rovinj,18,45.083333333333336,13.633333333333333
HRRVC,HR,RVC,Rugvica,Rugvica,,45.733333333333334,16.233333333333334
HRSAL,HR,SAL,Sali,Sali,,43.93333333333333,15.166666666666666
HRSBD,HR,SBD,Slavonski Brod,Slavonski Brod,12,45.15,18.0
HRSBR,HR,SBR,Sobra,Sobra,,42.75,17.616666666666667
HRSDR,HR,SDR,Sudurad,Sudurad,,42.71666666666667,17.916666666666668
HRSEN,HR,SEN,Senj,Senj,08,44.983333333333334,14.9
HRSGD,HR,SGD,Stari Grad,Stari Grad,,43.18333333333333,16.6
HRSGR,HR,SGR,Starigrad,Starigrad,,44.3,15.433333333333334
HRSIB,HR,SIB,Sibenik,Sibenik,15,43.733333333333334,15.883333333333333
HRSIL,HR,SIL,Silba,Silba,,44.36666666666667,14.7
HRSIS,HR,SIS,Sisak,Sisak,03,45.46666666666667,16.366666666666667
HRSLA,HR,SLA,Slano,Slano,,42.78333333333333,17.9
HRSLC,HR,SLC,Selce,Selce,,45.15,14.716666666666667
HRSLO,HR,SLO,Silo,Silo,,45.15,14.666666666666666
HRSLT,HR,SLT,Slatine,Slatine,,43.5,16.35
HRSMN,HR,SMN,Sumartin,Sumartin,,43.28333333333333,16.883333333333333
HRSPL,HR,SPL,Splitska,Splitska,17,43.36666666666667,16.6
HRSPU,HR,SPU,Split,Split,17,43.5,16.45
HRSRD,HR,SRD,Skradin,Skradin,,43.81666666666667,15.916666666666666
HRSRG,HR,SRG,Sarengrad,Sarengrad,,45.233333333333334,19.283333333333335
HRSSK,HR,SSK,Susak,Susak,,44.516666666666666,14.3
HRSTM,HR,STM,Stomorska,Stomorska,,43.36666666666667,16.35
HRSTO,HR,STO,Ston,Ston,19,42.833333333333336,17.7
HRSTP,HR,STP,Sustjepan,Sustjepan,,42.666666666666664,18.1
HRSUC,HR,SUC,Sucuraj,Sucuraj,,43.11666666666667,17.183333333333334
HRSUP,HR,SUP,Supetar,Supetar,,43.38333333333333,16.55
HRSUR,HR,SUR,Sucurac,Sucurac,,43.55,16.416666666666668
HRSUS,HR,SUS,Susak,Susak,08,45.483333333333334,14.316666666666666
HRSUT,HR,SUT,Sutivan,Sutivan,17,43.38333333333333,16.483333333333334
HRSVJ,HR,SVJ,Sveti Juraj,Sveti Juraj,,44.93333333333333,14.916666666666666
HRSVK,HR,SVK,Sveti Kajo,Sveti Kajo,17,43.53333333333333,16.45
HRTKN,HR,TKN,Tkon,Tkon,,43.916666666666664,15.45
HRTNO,HR,TNO,Tisno,Tisno,,43.8,15.65
HRTNR,HR,TNR,Tunarica,Tunarica,,44.96666666666667,14.1
HRTRI,HR,TRI,Tribunj,Tribunj,15,43.75,15.75
HRTRJ,HR,TRJ,Trpanj,Trpanj,,43.016666666666666,17.266666666666666
HRTRK,HR,TRK,Trstenik,Trstenik,,42.916666666666664,17.416666666666668
HRTRO,HR,TRO,Trogir,Trogir,,43.5,16.25
HRTUR,HR,TUR,Turanj,Turanj,13,43.96666666666667,15.4
HRUBL,HR,UBL,Ubli,Ubli,,42.75,16.833333333333332
HRUMG,HR,UMG,Umag,Umag,18,45.416666666666664,13.516666666666667
HRUNJ,HR,UNJ,Unije,Unije,,44.63333333333333,14.233333333333333
HRUVM,HR,UVM,Uvala Mir,Uvala Mir,13,43.88333333333333,15.15
HRVDC,HR,VDC,Vodice,Vodice,,43.766666666666666,15.766666666666667
HRVGN,HR,VGN,Viganj,Viganj,,42.983333333333334,17.1
HRVIS,HR,VIS,Vis,Vis,,43.05,16.166666666666668
HRVIZ,HR,VIZ,Veli Iz,Veli Iz,13,44.05,15.116666666666667
HRVLB,HR,VLB,Valbiska,Valbiska,,45.03333333333333,14.5
HRVLK,HR,VLK,Vela Luka,Vela Luka,,42.95,16.716666666666665
HRVLN,HR,VLN,Veli Losinj,Veli Losinj,,44.516666666666666,14.5
HRVRA,HR,VRA,Vranjic,Vranjic,17,43.53333333333333,16.466666666666665
HRVRG,HR,VRG,Vrgada,Vrgada,,43.86666666666667,15.5
HRVRK,HR,VRK,Vrbnik,Vrbnik,,45.083333333333336,14.683333333333334
HRVRR,HR,VRR,Vrsar,Vrsar,,45.15,13.6
HRVRS,HR,VRS,Vrboska,Vrboska,,43.18333333333333,16.683333333333334
HRVUK,HR,VUK,Vukovar,Vukovar,16,45.35,19.0
HRZAD,HR,ZAD,Zadar,Zadar,01,44.11666666666667,15.233333333333333
HRZGL,HR,ZGL,Zigljen,Zigljen,,44.583333333333336,14.95
HRZLR,HR,ZLR,Zlarin,Zlarin,,43.7,15.833333333333334
HRZUT,HR,ZUT,Zut Marina,Zut Marina,13,43.88333333333333,15.283333333333333
HTCAP,HT,CAP,Cap-Haïtien,Cap-Haitien,,19.75,-72.2
HTCRC,HT,CRC,Caracol,Caracol,,19.683333333333334,-72.01666666666667
HTLFF,HT,LFF,Lafiteau,Lafiteau,OU,18.683333333333334,-72.35
HTPEG,HT,PEG,Petit Goâve,Petit Goave,OU,18.433333333333334,-72.86666666666666
HTPLH,HT,PLH,Lafito Port,Lafito Port,OU,18.683333333333334,-72.35
HTSMC,HT,SMC,Baie de Saint-Marc,Baie de Saint-Marc,AR,19.116666666666667,-72.7
HUADY,HU,ADY,Adony,Adony,FE,47.11666666666667,18.866666666666667
HUAFU,HU,AFU,Almásfüzitó,Almasfuzito,KE,47.7,18.266666666666666
HUAKT,HU,AKT,Andornaktálya,Andornaktalya,,47.833333333333336,20.416666666666668
HUALS,HU,ALS,Alsóörs,Alsoors,,46.983333333333334,17.983333333333334
HUASZ,HU,ASZ,Alsozsolca,Alsozsolca,BZ,48.06666666666667,20.883333333333333
HUBDA,HU,BDA,Berhida,Berhida,VE,48.166666666666664,18.133333333333333
HUBRS,HU,BRS,Badacsonyörs,Badacsonyors,VE,46.8,17.533333333333335
HUBUD,HU,BUD,Budapest,Budapest,BU,47.5,19.083333333333332
HUBZE,HU,BZE,Berzence,Berzence,,46.2,17.15
HUBZO,HU,BZO,Balatonszárszó,Balatonszarszo,SO,46.833333333333336,17.833333333333332
HUCMR,HU,CMR,Csömör,Csomor,PE,47.55,19.233333333333334
HUCPE,HU,CPE,Csepel,Csepel,PE,47.416666666666664,19.066666666666666
HUDPA,HU,DPA,Dunapataj,Dunapataj,BK,46.61666666666667,18.983333333333334
HUDRE,HU,DRE,Dunaremete,Dunaremete,GS,47.88333333333333,17.433333333333334
HUDUU,HU,DUU,Dunaújváros,Dunaujvaros,FE,46.96666666666667,18.933333333333334
HUDVE,HU,DVE,Dunavecse,Dunavecse,BK,46.916666666666664,18.966666666666665
HUEBS,HU,EBS,Ebes,Ebes,HB,47.46666666666667,21.5
HUERD,HU,ERD,Erdobenye,Erdobenye,BZ,48.266666666666666,21.366666666666667
HUFVS,HU,FVS,Ferencvaros,Ferencvaros,PE,47.46666666666667,19.083333333333332
HUGNY,HU,GNY,Gónyú,Gonyu,GS,47.733333333333334,17.833333333333332
HUGYO,HU,GYO,Gyor,Gyor,GS,47.68333333333333,17.633333333333333
HUHAL,HU,HAL,Halásztelek,Halasztelek,PE,47.36666666666667,18.983333333333334
HUHRT,HU,HRT,Harta,Harta,BK,46.68333333333333,19.016666666666666
HUHYF,HU,HYF,Hegyfalu,Hegyfalu,VA,47.35,16.883333333333333
HUJKZ,HU,JKZ,Jászárokszállás,Jaszarokszallas,,47.63333333333333,19.966666666666665
HUKAR,HU,KAR,Karcag,Karcag,JN,47.3,20.916666666666668
HUKCO,HU,KCO,Kalocsa,Kalocsa,BK,46.516666666666666,19.0
HUKIA,HU,KIA,Kisvárda,Kisvarda,SZ,48.21666666666667,22.066666666666666
HUKKU,HU,KKU,Kekkut,Kekkut,VE,46.85,17.566666666666666
HUKOM,HU,KOM,Komárom,Komarom,,47.733333333333334,18.116666666666667
HUKOR,HU,KOR,Körmend,Kormend,VA,47.016666666666666,16.6
HULAB,HU,LAB,Lábatlan,Labatlan,,47.75,18.516666666666666
HULMY,HU,LMY,Lágymányos,Lagymanyos,,47.46666666666667,19.05
HUMKN,HU,MKN,Mecseknádasd,Mecseknadasd,,46.21666666666667,18.466666666666665
HUMOH,HU,MOH,Mohács,Mohacs,,46.0,18.683333333333334
HUMTY,HU,MTY,Mártély,Martely,CS,46.483333333333334,20.216666666666665
HUNGB,HU,NGB,Nagybajom,Nagybajom,SO,46.38333333333333,173.16666666666666
HUNSZ,HU,NSZ,Neszmély,Neszmely,,47.71666666666667,18.35
HUNZA,HU,NZA,Nagyrada,Nagyrada,ZA,46.61666666666667,17.116666666666667
HUOOD,HU,OOD,Göd,God,PE,47.7,19.133333333333333
HUPAL,HU,PAL,Pálmonostora,Palmonostora,BK,46.63333333333333,19.933333333333334
HUPES,HU,PES,Szigetcsép,Szigetcsep,PE,47.266666666666666,18.983333333333334
HURSP,HU,RSP,Sárospatak,Sarospatak,,48.31666666666667,21.566666666666666
HUSZD,HU,SZD,Szentendre,Szentendre,PE,47.7,19.05
HUSZM,HU,SZM,Szigetszentmiklós,Szigetszentmiklos,PE,47.35,19.05
HUTAC,HU,TAC,Tác,Tac,FE,47.083333333333336,18.4
HUTHT,HU,THT,Tahitotfalu,Tahitotfalu,PE,47.75,19.1
HUTOJ,HU,TOJ,Tokaj,Tokaj,SZ,48.11666666666667,21.416666666666668
HUUPS,HU,UPS,Újpest,Ujpest,,47.56666666666667,19.083333333333332
HUVIG,HU,VIG,Visegrád,Visegrad,PE,47.8,18.966666666666665
HUZSI,HU,ZSI,Zsira,Zsira,GS,47.43333333333333,16.666666666666668
HUZTK,HU,ZTK,Zlate Klasy,Zlate Klasy,,48.11666666666667,17.416666666666668
IDAGR,ID,AGR,Anggrek,Anggrek,SA,0.85,122.78333333333333
IDAKE,ID,AKE,Akeselaka,Akeselaka,MA,1.05,127.96666666666667
IDANG,ID,ANG,Angar,Angar,MA,-3.65,130.83333333333334
IDANO,ID,ANO,Anoa Natuna Pt.,Anoa Natuna Pt.,,5.233333333333333,105.6
IDANR,ID,ANR,Anyer Kidul,Anyer Kidul,JB,-6.066666666666666,105.88333333333334
IDAPN,ID,APN,Ampana,Ampana,ST,-0.8666666666666667,121.58333333333333
IDASI,ID,ASI,Asike,Asike,PA,-6.65,140.41666666666666
IDBAL,ID,BAL,Balongan Terminal,Balongan Terminal,,-6.383333333333334,108.4
IDBAM,ID,BAM,Batuampar,Batuampar,RI,-0.9666666666666667,102.73333333333333
IDBAP,ID,BAP,Batu Ampar,Batu Ampar,KB,-0.75,109.53333333333333
IDBEN,ID,BEN,Benete,Benete,NB,-8.866666666666667,116.71666666666667
IDBET,ID,BET,Belida Terminal,Belida Terminal,RI,4.133333333333334,105.13333333333334
IDBGD,ID,BGD,Bagendang,Bagendang,KT,-2.7333333333333334,112.55
IDBIR,ID,BIR,Biringkassi,Biringkassi,,-4.816666666666666,119.48333333333333
IDBLH,ID,BLH,Balohan,Balohan,AC,5.816666666666666,95.33333333333333
IDBLT,ID,BLT,Belitung,Belitung,SS,-2.8333333333333335,107.91666666666667
IDBNT,ID,BNT,Belanak Terminal,Belanak Terminal,RI,4.166666666666667,106.23333333333333
IDBOA,ID,BOA,Benoa,Benoa,BA,-8.766666666666667,115.21666666666667
IDBPN,ID,BPN,Balikpapan,Balikpapan,KI,-1.2833333333333332,116.83333333333333
IDBTM,ID,BTM,Batam Island,Batam Island,KR,1.0833333333333333,104.03333333333333
IDBTW,ID,BTW,Batulicin,Batulicin,KS,-3.45,115.98333333333333
IDBUR,ID,BUR,Batu Ampar,Batu Ampar,KR,1.1666666666666667,104.01666666666667
IDBYQ,ID,BYQ,Bunyu,Bunyu,KI,3.5,117.8
IDCBN,ID,CBN,Cirebon (Tjeribon),Cirebon (Tjeribon),,-6.733333333333333,108.56666666666666
IDCER,ID,CER,Cereweh,Cereweh,NB,-8.816666666666666,116.81666666666666
IDCIW,ID,CIW,Ciwandan,Ciwandan,BT,-6.016666666666667,105.95
IDCTO,ID,CTO,New Priok Port,New Priok Port,JK,-6.083333333333333,106.91666666666667
IDCXP,ID,CXP,Cilacap (Tjilatjap),Cilacap (Tjilatjap),JT,-7.733333333333333,109.0
IDDAS,ID,DAS,"Dabo, Singkep Isl","Dabo, Singkep Isl",,-0.5,104.55
IDDJJ,ID,DJJ,"Jayapura, Irian Jaya","Jayapura, Irian Jaya",PA,-2.533333333333333,140.7
IDDMA,ID,DMA,Demta,Demta,PA,-2.3333333333333335,140.13333333333333
IDDOB,ID,DOB,Dobo,Dobo,MA,-5.75,134.21666666666667
IDDOG,ID,DOG,Donggi,Donggi,SN,-1.5333333333333332,122.25
IDELA,ID,ELA,Elat,Elat,MA,-5.65,133.11666666666667
IDENO,ID,ENO,Kuala Enok,Kuala Enok,,-0.5333333333333333,103.4
IDEXS,ID,EXS,Exspan,Exspan,,-1.8,105.13333333333334
IDFTG,ID,FTG,Pelabuhan Futong Terminal,Pelabuhan Futong Terminal,RI,0.8166666666666667,102.4
IDGEE,ID,GEE,Gee Island,Gee Island,MA,0.8333333333333334,128.31666666666666
IDGRE,ID,GRE,"Gresik, Java","Gresik, Java",JI,-7.15,112.65
IDGTS,ID,GTS,Gatot Subroto Permai,Gatot Subroto Permai,BA,-8.633333333333333,115.2
IDINA,ID,INA,Inanwatan,Inanwatan,PB,-2.1333333333333333,132.16666666666666
IDJBK,ID,JBK,Jababeka,Jababeka,,-6.25,107.15
IDJBT,ID,JBT,Jabung Terminal,Jabung Terminal,RI,-0.8833333333333333,104.06666666666666
IDJEP,ID,JEP,Jepara,Jepara,JT,-6.583333333333333,110.65
IDJIP,ID,JIP,Jogja Inland Port,Jogja Inland Port,YO,-7.9,110.38333333333334
IDJKT,ID,JKT,"Jakarta, Java","Jakarta, Java",JK,-6.133333333333334,106.83333333333333
IDJOR,ID,JOR,Jorong Anchorage,Jorong Anchorage,,-4.183333333333334,115.1
IDJPU,ID,JPU,Jakarta Pusat,Jakarta Pusat,JK,-6.183333333333334,106.83333333333333
IDJWA,ID,JWA,Jawa Timur,Jawa Timur,JI,-7.733333333333333,112.5
IDKAU,ID,KAU,Kau,Kau,MU,1.1833333333333333,127.9
IDKBH,ID,KBH,Kalabahi,Kalabahi,NT,-8.216666666666667,124.51666666666667
IDKDW,ID,KDW,Kendawangan,Kendawangan,KB,-2.533333333333333,110.2
IDKGH,ID,KGH,Krueng Geukueh,Krueng Geukueh,AC,5.25,97.03333333333333
IDKHY,ID,KHY,Kahyangan,Kahyangan,NB,-8.483333333333333,116.66666666666667
IDKMD,ID,KMD,Komodo,Komodo,NT,-8.583333333333334,119.5
IDKNL,ID,KNL,Kolonodale,Kolonodale,ST,-1.9666666666666668,121.33333333333333
IDKNT,ID,KNT,Kakap Natuna Terminal,Kakap Natuna Terminal,,5.016666666666667,105.95
IDKOJ,ID,KOJ,Koja,Koja,JB,-6.3,106.38333333333334
IDKOK,ID,KOK,Kokas,Kokas,PB,-2.7,132.43333333333334
IDKOL,ID,KOL,Kolaka,Kolaka,SG,-4.05,121.56666666666666
IDKPL,ID,KPL,Kampung Laut,Kampung Laut,JA,-0.9,103.8
IDKRG,ID,KRG,Kariangau,Kariangau,,-1.1666666666666667,116.78333333333333
IDKSE,ID,KSE,Kassue,Kassue,PA,-6.983333333333333,139.21666666666667
IDKSO,ID,KSO,Kalbut Situbondo,Kalbut Situbondo,JI,-7.616666666666667,113.88333333333334
IDKTJ,ID,KTJ,Kualatanjung,Kualatanjung,SU,3.35,99.48333333333333
IDKUA,ID,KUA,Kualalangsa,Kualalangsa,AC,4.533333333333333,98.01666666666667
IDKUM,ID,KUM,Kumai,Kumai,KT,-2.7333333333333334,111.71666666666667
IDLAH,ID,LAH,"Labuha, Molucas","Labuha, Molucas",,-0.6166666666666667,127.48333333333333
IDLBM,ID,LBM,Lobam,Lobam,,1.0,104.26666666666667
IDLBO,ID,LBO,Labuan Bajo,Labuan Bajo,NT,-8.5,119.88333333333334
IDLBR,ID,LBR,Lembar,Lembar,NB,-8.733333333333333,116.06666666666666
IDLKI,ID,LKI,Loki,Loki,MA,-3.3,128.05
IDLOM,ID,LOM,Lombok,Lombok,NB,-8.5,116.66666666666667
IDLSW,ID,LSW,Lhokseumawe,Lhokseumawe,AC,5.166666666666667,97.13333333333334
IDLTT,ID,LTT,Lubuk Tutung,Lubuk Tutung,KI,0.7666666666666667,117.73333333333333
IDMAI,ID,MAI,Mapia Island,Mapia Island,PA,0.8833333333333333,134.31666666666666
IDMAK,ID,MAK,Makassar,Makassar,SN,-5.116666666666666,119.4
IDMAR,ID,MAR,Marabahan,Marabahan,KS,-2.9833333333333334,114.76666666666667
IDMBK,ID,MBK,Muara Bangkong,Muara Bangkong,RI,0.4,103.78333333333333
IDMDR,ID,MDR,Madura Terminal,Madura Terminal,,-6.85,112.95
IDMGB,ID,MGB,Manggis,Manggis,BA,-8.483333333333333,115.51666666666667
IDMIT,ID,MIT,Misool Terminal,Misool Terminal,PA,-1.5666666666666667,130.51666666666668
IDMKJ,ID,MKJ,Mangkajang,Mangkajang,KI,2.1333333333333333,117.73333333333333
IDMOR,ID,MOR,Mornopo,Mornopo,MA,0.7833333333333333,128.21666666666667
IDMOW,ID,MOW,Morowali,Morowali,ST,-1.8666666666666667,121.5
IDMSB,ID,MSB,Muara Siberut,Muara Siberut,SB,-1.5833333333333335,99.2
IDMSK,ID,MSK,Muara Sabak,Muara Sabak,RI,-0.8,103.91666666666667
IDMUW,ID,MUW,Muara Teweh,Muara Teweh,KT,-56.96666666666667,114.9
IDNIP,ID,NIP,Nipah,Nipah,RI,1.1166666666666667,103.55
IDNPL,ID,NPL,North Pulau Laut,North Pulau Laut,,-3.216666666666667,116.26666666666667
IDPAC,ID,PAC,Paciran,Paciran,JI,-6.866666666666667,112.33333333333333
IDPAL,ID,PAL,Palu,Palu,,-0.8833333333333333,119.85
IDPAZ,ID,PAZ,"Pasuruan, Java","Pasuruan, Java",,-7.633333333333333,112.9
IDPBB,ID,PBB,Pelabuhan Badas,Pelabuhan Badas,NB,-8.45,117.36666666666666
IDPBJ,ID,PBJ,Pulau Bunyu,Pulau Bunyu,,-0.3,115.86666666666666
IDPDG,ID,PDG,Padang,Padang,SB,-0.95,100.35
IDPER,ID,PER,Perawang,Perawang,RI,1.0666666666666667,102.86666666666666
IDPGA,ID,PGA,Pagerungan,Pagerungan,,-6.916666666666667,115.91666666666667
IDPGM,ID,PGM,Pagimana,Pagimana,ST,-0.8,122.61666666666666
IDPIR,ID,PIR,Piru,Piru,MA,-3.066666666666667,128.18333333333334
IDPLA,ID,PLA,"Plaju, Sumatra","Plaju, Sumatra",,-2.9833333333333334,104.8
IDPMK,ID,PMK,Pomako,Pomako,PA,-4.8,136.76666666666668
IDPOT,ID,POT,Poto Tano,Poto Tano,NB,-8.516666666666667,116.83333333333333
IDPPO,ID,PPO,"Palapo, Sulawesi","Palapo, Sulawesi",,-3.0833333333333335,120.23333333333333
IDPTK,ID,PTK,Padang Tikar,Padang Tikar,KB,-0.6666666666666666,109.26666666666667
IDPUM,ID,PUM,"Pomalaa, Sulawesi","Pomalaa, Sulawesi",,-4.033333333333333,121.58333333333333
IDPUT,ID,PUT,Pulau Laut,Pulau Laut,,-3.283333333333333,116.15
IDPWG,ID,PWG,Perawang,Perawang,RI,0.6333333333333333,101.61666666666666
IDREO,ID,REO,Reo,Reo,NT,-8.316666666666666,120.5
IDRNI,ID,RNI,Ranai,Ranai,RI,3.9166666666666665,108.38333333333334
IDSAP,ID,SAP,Sape,Sape,NB,-8.566666666666666,118.98333333333333
IDSBM,ID,SBM,Subaim,Subaim,MA,1.1166666666666667,128.16666666666666
IDSDA,ID,SDA,Durian,Durian,KR,1.0166666666666666,103.56666666666666
IDSEP,ID,SEP,Sepanjang Terminal,Sepanjang Terminal,,-7.183333333333334,115.78333333333333
IDSGG,ID,SGG,Senggigi,Senggigi,NB,-8.5,116.05
IDSGU,ID,SGU,Sanggau,Sanggau,KB,0.11666666666666667,110.6
IDSID,ID,SID,Sidangoli,Sidangoli,MU,0.9,127.48333333333333
IDSKP,ID,SKP,Sekupang,Sekupang,RI,1.1333333333333333,103.93333333333334
IDSRG,ID,SRG,Semarang,Semarang,JT,-6.966666666666667,110.48333333333333
IDSTN,ID,STN,Setagin,Setagin,,-3.283333333333333,116.16666666666667
IDSUA,ID,SUA,Suaran,Suaran,KI,2.05,117.7
IDSUB,ID,SUB,Surabaya,Surabaya,JI,-7.233333333333333,112.75
IDSUK,ID,SUK,Sukabumi,Sukabumi,,-65.85,106.91666666666667
IDSUM,ID,SUM,Sumenep,Sumenep,JI,-7.05,113.95
IDSUN,ID,SUN,Sunut,Sunut,NB,-8.866666666666667,116.55
IDSWT,ID,SWT,Salawati Terminal,Salawati Terminal,PB,-1.35,131.0
IDSZA,ID,SZA,Cikande,Cikande,JB,-6.2,106.35
IDSZH,ID,SZH,Senipah,Senipah,KI,-0.95,117.15
IDTAB,ID,TAB,Taboneo,Taboneo,KS,-3.6833333333333336,114.41666666666667
IDTAN,ID,TAN,Tanjunguban,Tanjunguban,,1.05,104.23333333333333
IDTAR,ID,TAR,Tarjun,Tarjun,KS,-3.2666666666666666,116.08333333333333
IDTBL,ID,TBL,Toboali,Toboali,SS,-3.0,106.5
IDTBR,ID,TBR,Telukbayur,Telukbayur,SB,-1.0,100.36666666666666
IDTBU,ID,TBU,Tanjung Buli,Tanjung Buli,MA,0.8333333333333334,128.25
IDTER,ID,TER,Terempa,Terempa,RI,3.216666666666667,106.21666666666667
IDTJB,ID,TJB,Tanjungbalai,Tanjungbalai,KR,1.0,103.43333333333334
IDTJQ,ID,TJQ,Tanjung Pandan,Tanjung Pandan,SS,-2.75,107.65
IDTME,ID,TME,Tanjung Merangas,Tanjung Merangas,KI,0.03333333333333333,117.51666666666667
IDTMK,ID,TMK,Timika,Timika,PA,-4.75,136.55
IDTNJ,ID,TNJ,Tanjungpinang,Tanjungpinang,KR,0.9166666666666666,104.45
IDTPN,ID,TPN,Tanjung Pemancingan,Tanjung Pemancingan,KS,-3.183333333333333,116.26666666666667
IDTRH,ID,TRH,Tarahan,Tarahan,LA,-5.566666666666666,105.36666666666666
IDTUA,ID,TUA,Tual,Tual,MA,-5.633333333333333,132.73333333333332
IDTZD,ID,TZD,Amurang,Amurang,SA,1.1666666666666667,-124.56666666666666
IDUDG,ID,UDG,Udang Natuna Terminal,Udang Natuna Terminal,,4.016666666666667,106.46666666666667
IDWAI,ID,WAI,Wainibe,Wainibe,MA,-3.066666666666667,126.53333333333333
IDWAN,ID,WAN,Wanam,Wanam,PB,-7.55,139.1
IDWED,ID,WED,Weda,Weda,MA,0.3333333333333333,127.88333333333334
IDWGP,ID,WGP,"Waingapu, Sumba","Waingapu, Sumba",NT,-9.65,120.26666666666667
IDWSS,ID,WSS,Wamsasi,Wamsasi,MA,-3.5666666666666664,126.16666666666667
IEARD,IE,ARD,Ardmore,Ardmore,WD,51.95,-7.716666666666667
IEATN,IE,ATN,Annacotty,Annacotty,LK,52.4,-8.3
IEBBG,IE,BBG,Balbriggan,Balbriggan,D,53.61666666666667,-6.183333333333334
IEBGY,IE,BGY,Ballynacargy,Ballynacargy,,53.56666666666667,-7.533333333333333
IEBHT,IE,BHT,Blanchardstown,Blanchardstown,,53.38333333333333,-6.366666666666666
IEBLL,IE,BLL,Ballina,Ballina,MO,54.11666666666667,-9.166666666666666
IEBNA,IE,BNA,Ballina,Ballina,TA,52.8,-8.433333333333334
IEBNG,IE,BNG,Bangor,Bangor,,54.13333333333333,-9.733333333333333
IEBTH,IE,BTH,Bantry Harbour,Bantry Harbour,CO,51.68333333333333,-9.45
IEBUR,IE,BUR,Burtonport,Burtonport,,54.983333333333334,-8.433333333333334
IEBVD,IE,BVD,Ballydavid,Ballydavid,KY,52.21666666666667,-10.35
IEBYT,IE,BYT,Bantry,Bantry,CO,51.68333333333333,-9.45
IECFI,IE,CFI,Castlefinn,Castlefinn,,54.8,-7.6
IECHE,IE,CHE,Cahirciveen,Cahirciveen,,51.95,-10.216666666666667
IECLC,IE,CLC,Clarecastle,Clarecastle,CE,52.81666666666667,-8.95
IECLD,IE,CLD,Clare Island,Clare Island,MO,53.8,-9.95
IECLG,IE,CLG,Clogherhead,Clogherhead,LH,53.78333333333333,-6.233333333333333
IECRS,IE,CRS,Carrick-on-Suir,Carrick-on-Suir,TA,52.333333333333336,-7.4
IECTB,IE,CTB,Castletown Bearhaven,Castletown Bearhaven,CO,51.65,-9.916666666666666
IEDCN,IE,DCN,Duncannon/Saint Helens,Duncannon/Saint Helens,WX,52.21666666666667,-6.983333333333333
IEDFA,IE,DFA,Dublin-Ferryport Terminal 1,Dublin-Ferryport Terminal 1,D,53.31666666666667,-6.183333333333334
IEDFB,IE,DFB,Dublin-Ferryport Terminal 2,Dublin-Ferryport Terminal 2,D,53.31666666666667,-6.2
IEDFC,IE,DFC,Dublin-Ferryport Terminal 3,Dublin-Ferryport Terminal 3,D,53.31666666666667,-6.233333333333333
IEDFT,IE,DFT,Dublin-Dublin Ferryport Terminals,Dublin-Dublin Ferryport Terminals,D,53.31666666666667,-6.233333333333333
IEDFY,IE,DFY,Dunfanaghy,Dunfanaghy,DL,55.18333333333333,-7.966666666666667
IEDGV,IE,DGV,Dungarvan,Dungarvan,KK,52.583333333333336,-7.083333333333333
IEDLG,IE,DLG,Dun Laoghaire,Dun Laoghaire,,53.3,-6.133333333333334
IEDMF,IE,DMF,Drogheda Maxol Facility,Drogheda Maxol Facility,LH,53.71666666666667,-6.333333333333333
IEDPP,IE,DPP,Drogheda Premiere Periclase,Drogheda Premiere Periclase,LH,53.71666666666667,-62.516666666666666
IEDWE,IE,DWE,Ennistymon,Ennistymon,CE,52.93333333333333,-9.283333333333333
IEEKY,IE,EKY,Easkey/Rathlee,Easkey/Rathlee,SO,54.28333333333333,-8.966666666666667
IEESB,IE,ESB,ESB Poolbeg-Dublin,ESB Poolbeg-Dublin,D,53.333333333333336,-6.183333333333334
IEFEN,IE,FEN,Fenit,Fenit,KY,52.266666666666666,-9.866666666666667
IEFGY,IE,FGY,Coolock,Coolock,D,53.38333333333333,-6.183333333333334
IEFIN,IE,FIN,Fintona,Fintona,,54.5,-7.316666666666666
IEFPD,IE,FPD,Flogas Products Drogheda,Flogas Products Drogheda,LH,53.71666666666667,-6.35
IEFRW,IE,FRW,Ford's Wharf (Topaz Energy Terminal),Ford's Wharf (Topaz Energy Terminal),CO,51.88333333333333,-8.433333333333334
IEFTD,IE,FTD,Fethard/Slade,Fethard/Slade,TA,52.2,-6.833333333333333
IEGGA,IE,GGA,Glengarriff,Glengarriff,CO,51.75,-9.55
IEGOW,IE,GOW,Gowran,Gowran,,57.61666666666667,-7.4
IEGRE,IE,GRE,Greencastle,Greencastle,DL,55.2,-6.983333333333333
IEGRT,IE,GRT,Gortahork,Gortahork,DL,55.11666666666667,-8.133333333333333
IEKIN,IE,KIN,Kilronan,Kilronan,G,53.11666666666667,-9.666666666666666
IEMAR,IE,MAR,Marshmeadows/New Ross,Marshmeadows/New Ross,WX,52.38333333333333,-6.95
IEMOV,IE,MOV,Moville,Moville,DL,55.18333333333333,-7.033333333333333
IEMRT,IE,MRT,Magheraroarty,Magheraroarty,DL,55.13333333333333,-8.166666666666666
IEMTL,IE,MTL,Dublin-Marine Terminal,Dublin-Marine Terminal,D,53.333333333333336,-6.233333333333333
IENAY,IE,NAY,Newtonabbey,Newtonabbey,,54.65,-5.933333333333334
IENET,IE,NET,Newport,Newport,MO,53.88333333333333,-9.533333333333333
IENRR,IE,NRR,New Ross-Raheen/Roberscon,New Ross-Raheen/Roberscon,WX,52.38333333333333,-6.95
IENRS,IE,NRS,New Ross,New Ross,WX,52.38333333333333,-6.933333333333334
IEPAW,IE,PAW,Passage West,Passage West,CO,51.86666666666667,-8.35
IERAT,IE,RAT,Rathmullan,Rathmullan,DL,55.1,-7.533333333333333
IERDM,IE,RDM,Rathdrum,Rathdrum,WW,52.916666666666664,-6.233333333333333
IERDT,IE,RDT,Ringaskiddy Deepwater Terminal,Ringaskiddy Deepwater Terminal,CO,51.833333333333336,-8.316666666666666
IERIN,IE,RIN,Ringaskiddy,Ringaskiddy,CO,51.833333333333336,-8.316666666666666
IERPT,IE,RPT,Ringaskiddy Passenger Terminal,Ringaskiddy Passenger Terminal,CO,51.833333333333336,-8.316666666666666
IERRR,IE,RRR,Kildorrery,Kildorrery,CO,52.233333333333334,-8.416666666666666
IERSM,IE,RSM,Rossaveel,Rossaveel,G,53.266666666666666,-9.55
IERTN,IE,RTN,Ramelton,Ramelton,DL,55.03333333333333,-7.633333333333333
IERUS,IE,RUS,Rushbrooke,Rushbrooke,,51.85,-8.316666666666666
IESKL,IE,SKL,Skull,Skull,CO,51.516666666666666,-9.533333333333333
IESNN,IE,SNN,Shannon,Shannon,CE,52.7,-8.85
IESNR,IE,SNR,Stokestown/New Ross,Stokestown/New Ross,WX,52.35,-6.983333333333333
IETOB,IE,TOB,Tober,Tober,OY,53.36666666666667,-7.65
IETQY,IE,TQY,Town Quays/Drogheda,Town Quays/Drogheda,LH,53.71666666666667,-6.333333333333333
IETRP,IE,TRP,Tom Roes Point Terminal/Drogheda,Tom Roes Point Terminal/Drogheda,LH,53.71666666666667,-6.3
IEUHL,IE,UHL,Unionhall,Unionhall,CO,51.55,-9.15
IEWAT,IE,WAT,Waterford,Waterford,WD,52.25,-7.1
IEWCQ,IE,WCQ,Waterford City Quays,Waterford City Quays,WD,52.25,-7.1
IEWGI,IE,WGI,Waterford Great Island (ESB),Waterford Great Island (ESB),WD,52.266666666666666,-6.983333333333333
IL8UH,IL,8UH,Gush Halav,Gush Halav,Z,33.166666666666664,35.43333333333333
ILAKK,IL,AKK,Akko,Akko,Z,32.916666666666664,35.06666666666667
ILAS2,IL,AS2,Mishor Adumim,Mishor Adumim,M,31.783333333333335,35.31666666666667
ILAST,IL,AST,Ashdod Southport,Ashdod Southport,D,31.816666666666666,34.65
ILBGV,IL,BGV,Binyamina-Giv'at Ada,Binyamina-Giv'at Ada,,32.516666666666666,34.93333333333333
ILHBT,IL,HBT,Haifa Bayport,Haifa Bayport,HA,32.8,34.983333333333334
ILHFA,IL,HFA,Haifa,Haifa,HA,32.8,34.983333333333334
ILJUL,IL,JUL,Julis,Julis,,31.683333333333334,34.65
ILKFV,IL,KFV,Kfar Vitkin,Kfar Vitkin,M,32.36666666666667,34.86666666666667
ILKY7,IL,KY7,Karmei Yosef,Karmei Yosef,M,31.833333333333332,34.916666666666664
ILM8A,IL,M8A,Magshimim,Magshimim,M,32.03333333333333,34.9
ILMSP,IL,MSP,Haifa Israel Shipyards Port,Haifa Israel Shipyards Port,Z,32.8,34.983333333333334
ILNAB,IL,NAB,Nabulus,Nabulus,JM,32.21666666666667,35.25
ILNAT,IL,NAT,Netanya,Netanya,,32.333333333333336,34.86666666666667
ILOFR,IL,OFR,Ofra,Ofra,,31.95,35.25
ILTIB,IL,TIB,Tiberias,Tiberias,,32.8,35.53333333333333
ILTLV,IL,TLV,Tel Aviv-Yafo,Tel Aviv-Yafo,TA,32.05,34.75
IMCTN,IM,CTN,Castletown,Castletown,,54.083333333333336,-4.65
IMDGS,IM,DGS,Douglas,Douglas,,54.166666666666664,-4.483333333333333
IMPEL,IM,PEL,Peel,Peel,,54.21666666666667,-4.766666666666667
IMPER,IM,PER,Port Erin,Port Erin,,54.083333333333336,-4.766666666666667
IMPSM,IM,PSM,Port Saint Mary,Port Saint Mary,,54.06666666666667,-4.733333333333333
IMRAM,IM,RAM,Ramsey,Ramsey,,54.31666666666667,-4.383333333333334
IMSAN,IM,SAN,Santon,Santon,,54.11666666666667,-4.583333333333333
INAIS,IN,AIS,Amini Island,Amini Island,LD,11.116666666666667,72.73333333333333
INALF,IN,ALF,Alleppey,Alleppey,KL,9.483333333333333,76.31666666666666
INATU,IN,ATU,Attur,Attur,TN,12.733333333333333,79.95
INBDH,IN,BDH,Bhadohi,Bhadohi,UP,25.416666666666668,82.56666666666666
INBDQ,IN,BDQ,Vadodara,Vadodara,GJ,22.3,73.2
INBHU,IN,BHU,Bhavnagar,Bhavnagar,GJ,21.766666666666666,72.13333333333334
INBOM,IN,BOM,Mumbai (ex Bombay),Mumbai (ex Bombay),MH,18.966666666666665,72.81666666666666
INBPQ,IN,BPQ,Pratapganj,Pratapganj,BR,26.3,86.96666666666667
INBPT,IN,BPT,Bangarapet,Bangarapet,KA,12.983333333333333,78.18333333333334
INBRU,IN,BRU,Bharuch,Bharuch,GJ,21.7,72.96666666666667
INCCJ,IN,CCJ,Kozhikode (ex Calicut),Kozhikode (ex Calicut),KL,11.25,75.76666666666667
INCCU,IN,CCU,Kolkata (ex Calcutta),Kolkata (ex Calcutta),WB,22.566666666666666,88.35
INCOK,IN,COK,Kochi,Kochi,KL,9.966666666666667,76.26666666666667
INDIG,IN,DIG,Dighi (Pune),Dighi (Pune),MH,18.25,72.96666666666667
INDMA,IN,DMA,Dhamara,Dhamara,OR,20.8,86.9
INDMQ,IN,DMQ,Dhamra Port,Dhamra Port,OR,20.816666666666666,86.95
INEKM,IN,EKM,Ernakulam,Ernakulam,KL,9.983333333333333,76.28333333333333
INERO,IN,ERO,Erode,Erode,TN,11.35,77.73333333333333
INGAN,IN,GAN,Gandhar,Gandhar,,21.083333333333332,72.63333333333334
INGGA,IN,GGA,Gogha,Gogha,GJ,21.683333333333334,72.26666666666667
INGGV,IN,GGV,Gangavaram,Gangavaram,AP,17.65,83.25
INGND,IN,GND,Greater Nodia,Greater Nodia,UP,28.816666666666666,77.88333333333334
INGNO,IN,GNO,Greater Noida,Greater Noida,UP,28.466666666666665,77.51666666666667
INGRR,IN,GRR,Garden Reach,Garden Reach,WB,22.516666666666666,88.3
INHZA,IN,HZA,Hazira Port/Surat,Hazira Port/Surat,GJ,21.083333333333332,72.61666666666666
INICD,IN,ICD,New Delhi,New Delhi,DL,28.6,77.2
INIXJ,IN,IXJ,Jammu,Jammu,JK,32.7,74.85
INIXM,IN,IXM,Madurai,Madurai,TN,9.933333333333334,78.11666666666666
INIXY,IN,IXY,Kandla,Kandla,GJ,23.033333333333335,70.21666666666667
INJBD,IN,JBD,Jafarabad,Jafarabad,GJ,20.85,71.36666666666666
INJDG,IN,JDG,Jodhpur,Jodhpur,GJ,21.883333333333333,70.03333333333333
INKAR,IN,KAR,Karur,Karur,TN,10.95,78.08333333333333
INKAT,IN,KAT,Kattupalli,Kattupalli,TN,13.3,80.35
INKHO,IN,KHO,Khodiyar,Khodiyar,GJ,23.05,72.93333333333334
INKPI,IN,KPI,Kalpeni Island,Kalpeni Island,LD,10.066666666666666,73.63333333333334
INKTK,IN,KTK,Toranagallu,Toranagallu,KA,15.2,76.68333333333334
INKTP,IN,KTP,Kattupalli Port,Kattupalli Port,TN,13.3,80.38333333333334
INLNG,IN,LNG,Lapanga,Lapanga,OR,21.733333333333334,84.01666666666667
INMAA,IN,MAA,Chennai (ex Madras),Chennai (ex Madras),TN,13.083333333333334,80.28333333333333
INMAC,IN,MAC,Machilipatnam,Machilipatnam,AP,16.183333333333334,81.13333333333334
INMAH,IN,MAH,Mahe,Mahe,PY,11.7,75.53333333333333
INMDK,IN,MDK,Mul Dwårka,Mul Dwarka,GJ,20.75,70.66666666666667
INMDV,IN,MDV,Måndvi,Mandvi,GJ,22.833333333333332,69.36666666666666
INMOB,IN,MOB,Morbi,Morbi,GJ,22.816666666666666,70.83333333333333
INMRI,IN,MRI,Mithivirdi,Mithivirdi,GJ,21.466666666666665,72.23333333333333
INMRM,IN,MRM,Marmugao (Marmagao),Marmugao (Marmagao),GA,15.4,73.78333333333333
INMRM,IN,MRM,Marmagao (Marmugao),Marmagao (Marmugao),GA,15.4,73.78333333333333
INMUG,IN,MUG,Munger,Munger,BR,25.383333333333333,86.46666666666667
INNEE,IN,NEE,Nindakara,Nindakara,KL,8.933333333333334,76.53333333333333
INNGC,IN,NGC,Nagercoil,Nagercoil,TN,8.166666666666666,77.43333333333334
INNHV,IN,NHV,Nhave,Nhave,MH,18.95,72.96666666666667
INNPT,IN,NPT,Nagappattinam,Nagappattinam,TN,10.783333333333333,79.81666666666666
INNTU,IN,NTU,New Tuticorin,New Tuticorin,TN,8.75,78.21666666666667
INORS,IN,ORS,Orissa,Orissa,,20.233333333333334,84.26666666666667
INPAV,IN,PAV,Pipavav (Victor) Port,Pipavav (Victor) Port,GJ,20.966666666666665,71.55
INPNY,IN,PNY,Pondicherry,Pondicherry,PY,11.916666666666666,79.81666666666666
INPPT,IN,PPT,Paradip Port,Paradip Port,OR,20.25,86.58333333333333
INPPV,IN,PPV,Port Pipavav,Port Pipavav,GJ,20.933333333333334,71.51666666666667
INPRT,IN,PRT,Paradip Garh,Paradip Garh,OR,20.316666666666666,86.61666666666666
INPST,IN,PST,Positra,Positra,GJ,22.4,69.16666666666667
INROZ,IN,ROZ,Rozi,Rozi,GJ,22.566666666666666,70.03333333333333
INSAM,IN,SAM,Samalkot,Samalkot,AP,17.05,82.18333333333334
INSIK,IN,SIK,Sika,Sika,GJ,22.433333333333334,69.83333333333333
INSIL,IN,SIL,Siliguri,Siliguri,WB,26.716666666666665,88.41666666666667
INSKK,IN,SKK,Sikkim,Sikkim,AN,27.316666666666666,88.61666666666666
INSTV,IN,STV,Surat,Surat,GJ,21.166666666666668,72.83333333333333
INSWA,IN,SWA,Sahnewal,Sahnewal,PB,30.85,75.95
INTAD,IN,TAD,Tadri,Tadri,KA,14.516666666666667,74.35
INTHN,IN,THN,Thane,Thane,MH,19.2,72.96666666666667
INTRV,IN,TRV,Thiruvananthapuram (ex Trivandrum),Thiruvananthapuram (ex Trivandrum),KL,8.483333333333333,76.91666666666667
INTUT,IN,TUT,Tuticorin,Tuticorin,TN,8.783333333333333,78.13333333333334
INURA,IN,URA,Uran,Uran,MH,18.883333333333333,72.93333333333334
INVTZ,IN,VTZ,Visakhapatnam,Visakhapatnam,AP,17.7,83.3
INVZJ,IN,VZJ,Vazhinjam,Vazhinjam,KL,8.383333333333333,77.0
INWAD,IN,WAD,Wada,Wada,MH,18.983333333333334,73.75
INZUM,IN,ZUM,Tumkur,Tumkur,KA,16.5,77.08333333333333
IQASD,IQ,ASD,Al Asad,Al Asad,,33.78333333333333,42.43333333333333
IQBGW,IQ,BGW,Baghdåd,Baghdad,BG,33.333333333333336,44.38333333333333
IQHIL,IQ,HIL,Al Hillah,Al Hillah,BB,32.483333333333334,44.43333333333333
IQMAB,IQ,MAB,Basrah Oil Terminal,Basrah Oil Terminal,BA,29.75,48.833333333333336
IQNJF,IQ,NJF,Najaf,Najaf,NA,31.983333333333334,44.3
IQNSR,IQ,NSR,Nasiriyah,Nasiriyah,,31.05,46.25
IQOSM,IQ,OSM,Mosul (Ak Mawsil),Mosul (Ak Mawsil),NI,36.166666666666664,42.583333333333336
IQSAM,IQ,SAM,Samarra',Samarra',SD,34.2,43.86666666666667
IQTJI,IQ,TJI,Taji,Taji,,33.516666666666666,44.266666666666666
IQTQD,IQ,TQD,Al Taqaddum,Al Taqaddum,,33.333333333333336,43.583333333333336
IQUQR,IQ,UQR,Umm Qasr Port,Umm Qasr Port,BA,30.033333333333335,47.93333333333333
IQZAO,IQ,ZAO,Zakho,Zakho,,37.13333333333333,42.7
IRAMD,IR,AMD,Bandar Amirabad,Bandar Amirabad,21,36.78333333333333,53.35
IRAMP,IR,AMP,Amir Abad Pt,Amir Abad Pt,21,36.083333333333336,52.36666666666667
IRASA,IR,ASA,Asaluyeh,Asaluyeh,18,27.466666666666665,52.6
IRBAM,IR,BAM,Amirabad,Amirabad,06,26.85,54.36666666666667
IRBAZ,IR,BAZ,Bandar-e Anzali,Bandar-e Anzali,01,37.46666666666667,49.46666666666667
IRBIK,IR,BIK,Imam Khomeini Pt/ Mahshahr City,Imam Khomeini Pt/ Mahshahr City,10,30.416666666666668,49.06666666666667
IRBKK,IR,BKK,Bandar-e Emam Khomeyni,Bandar-e Emam Khomeyni,,30.433333333333334,49.1
IRBKM,IR,BKM,Bandar Khomeini,Bandar Khomeini,06,30.433333333333334,49.1
IRBMR,IR,BMR,Bandar Mashur,Bandar Mashur,06,30.55,49.18333333333333
IRBND,IR,BND,Bandar Abbas,Bandar Abbas,22,27.183333333333334,56.266666666666666
IRBPA,IR,BPA,Bandare Parsian,Bandare Parsian,22,27.166666666666668,52.9
IRBRG,IR,BRG,Bandar-e Gaz,Bandar-e Gaz,,36.78333333333333,53.95
IRBUZ,IR,BUZ,Bushehr,Bushehr,18,28.966666666666665,50.833333333333336
IRCYT,IR,CYT,Soroosh (Cyrus) Terminal,Soroosh (Cyrus) Terminal,,29.033333333333335,49.46666666666667
IRDAY,IR,DAY,Dayyer,Dayyer,18,27.833333333333332,51.93333333333333
IRFKR,IR,FKR,Freidoon Kenar,Freidoon Kenar,21,36.7,52.55
IRKAV,IR,KAV,Kuvei,Kuvei,22,26.95,56.0
IRKSH,IR,KSH,Kermanshah (Bakhtaran),Kermanshah (Bakhtaran),05,34.3,47.05
IRMRX,IR,MRX,Bandar-e Måh Shahr,Bandar-e Mah Shahr,06,30.533333333333335,49.166666666666664
IRNEK,IR,NEK,Bandar Neka,Bandar Neka,,36.86666666666667,53.53333333333333
IRNKA,IR,NKA,Neka,Neka,21,36.833333333333336,53.266666666666666
IRSBR,IR,SBR,Shahid Bahonar,Shahid Bahonar,23,27.133333333333333,56.2
IRSRA,IR,SRA,Sarooj Anchorage,Sarooj Anchorage,,27.733333333333334,52.15
IRSRP,IR,SRP,Shahid Rajaee Pt/Bandar Abbas,Shahid Rajaee Pt/Bandar Abbas,23,27.116666666666667,56.06666666666667
IRTMB,IR,TMB,Tombak,Tombak,18,27.716666666666665,52.166666666666664
ISASS,IS,ASS,Arskogssandur,Arskogssandur,,65.93333333333334,-18.366666666666667
ISBAK,IS,BAK,Bakkafjördur,Bakkafjordur,,66.03333333333333,-14.8
ISBOL,IS,BOL,Bolungarvik,Bolungarvik,,66.13333333333334,-23.25
ISBRJ,IS,BRJ,Brjánslækur,Brjanslakur,3,65.53333333333333,-23.2
ISBUD,IS,BUD,Budardalur,Budardalur,3,65.11666666666666,-21.766666666666666
ISDAL,IS,DAL,Dalvík,Dalvik,,65.96666666666667,-18.533333333333335
ISDJU,IS,DJU,Djúpivogur,Djupivogur,,64.65,-14.283333333333333
ISFEY,IS,FEY,Flatey,Flatey,3,65.36666666666666,-22.933333333333334
ISGRB,IS,GRB,Gardabaer,Gardabaer,,64.08333333333333,-12.933333333333334
ISGRE,IS,GRE,Grenivík,Grenivik,,65.95,-18.183333333333334
ISGRI,IS,GRI,Grindavík,Grindavik,,63.833333333333336,-22.433333333333334
ISHEL,IS,HEL,Helguvik,Helguvik,,64.03333333333333,-22.55
ISHFN,IS,HFN,"Höfn, Hornafjørdur","Hofn, Hornafjordur",,64.25,-15.216666666666667
ISHNR,IS,HNR,Hafnir,Hafnir,,63.916666666666664,-22.683333333333334
ISHOF,IS,HOF,Hofsós,Hofsos,,65.9,-19.433333333333334
ISKOV,IS,KOV,Kópavogur,Kopavogur,,64.1,-21.916666666666668
ISLAN,IS,LAN,Landeyjahöfn,Landeyjahofn,8,61.516666666666666,-20.116666666666667
ISLSA,IS,LSA,Litli Sandur,Litli Sandur,,64.4,-21.45
ISMJH,IS,MJH,Mjoeyrarhofn,Mjoeyrarhofn,7,64.91666666666667,-13.95
ISMOS,IS,MOS,Mosfellsbaer,Mosfellsbaer,,64.16666666666667,-21.716666666666665
ISOLV,IS,OLV,Olafsvík,Olafsvik,,64.88333333333334,-23.716666666666665
ISOSP,IS,OSP,Ospakseyri,Ospakseyri,,65.45,-21.433333333333334
ISRAU,IS,RAU,Raufarhöfn,Raufarhofn,,66.45,-15.95
ISREY,IS,REY,Reykjavík,Reykjavik,,64.15,-21.95
ISRHA,IS,RHA,Reykhólar,Reykholar,,65.45,-22.2
ISSKA,IS,SKA,Skagaströnd,Skagastrond,,65.83333333333333,-20.316666666666666
ISVOG,IS,VOG,Vogar,Vogar,,63.983333333333334,-22.383333333333333
ISVPN,IS,VPN,Vopnafjördur,Vopnafjordur,,65.75,-14.833333333333334
ITAAS,IT,AAS,Marina di Davoli,Marina di Davoli,CZ,38.666666666666664,16.55
ITACL,IT,ACL,Aci Castello,Aci Castello,,37.55,15.133333333333333
ITACT,IT,ACT,Aci Trezza,Aci Trezza,CT,37.56666666666667,15.166666666666666
ITADA,IT,ADA,Andora,Andora,SV,43.95,8.15
ITAEL,IT,AEL,Castel Volturno,Castel Volturno,,41.333333333333336,13.933333333333334
ITAGP,IT,AGP,Agropoli,Agropoli,SA,40.35,14.983333333333333
ITAHO,IT,AHO,Alghero,Alghero,SS,40.55,8.316666666666666
ITALS,IT,ALS,Alassio,Alassio,SV,44.0,8.166666666666666
ITAMA,IT,AMA,Amalfi,Amalfi,SA,40.63333333333333,14.6
ITAMN,IT,AMN,Santa Maria Navarrese,Santa Maria Navarrese,OG,39.983333333333334,9.683333333333334
ITAMT,IT,AMT,Amantea,Amantea,CS,39.13333333333333,16.066666666666666
ITANZ,IT,ANZ,Anzio,Anzio,RM,41.45,12.616666666666667
ITAOA,IT,AOA,Paola,Paola,,39.35,16.033333333333335
ITAOI,IT,AOI,Ancona,Ancona,AN,43.63333333333333,13.5
ITAOL,IT,AOL,Acciaroli,Acciaroli,,40.18333333333333,15.016666666666667
ITAOR,IT,AOR,Caorle,Caorle,,45.6,12.883333333333333
ITATA,IT,ATA,Arma di Taggia,Arma di Taggia,,43.81666666666667,7.85
ITATI,IT,ATI,Castiglioncello,Castiglioncello,LI,43.4,10.4
ITATX,IT,ATX,Arbatax,Arbatax,NU,39.93333333333333,9.7
ITAUG,IT,AUG,Augusta,Augusta,,37.21666666666667,15.216666666666667
ITAVO,IT,AVO,Avola,Avola,SR,36.9,15.133333333333333
ITAZA,IT,AZA,Arenzano,Arenzano,GE,44.4,8.683333333333334
ITB8D,IT,B8D,Bardello,Bardello,VA,45.833333333333336,8.7
ITBAI,IT,BAI,Baia,Baia,NA,40.81666666666667,14.066666666666666
ITBCB,IT,BCB,Bagnara Calabra,Bagnara Calabra,RC,38.28333333333333,15.8
ITBCE,IT,BCE,Bisceglie,Bisceglie,BT,41.233333333333334,16.5
ITBDS,IT,BDS,Brindisi,Brindisi,BR,40.63333333333333,17.933333333333334
ITBGH,IT,BGH,Bordighera,Bordighera,IM,43.766666666666666,7.666666666666667
ITBLA,IT,BLA,Bellaria,Bellaria,RN,44.15,12.466666666666667
ITBLN,IT,BLN,Bagnoli,Bagnoli,NA,40.8,14.166666666666666
ITBLT,IT,BLT,Barletta,Barletta,BT,41.31666666666667,16.283333333333335
ITBMA,IT,BMA,Bovalino Marina,Bovalino Marina,RC,38.15,16.166666666666668
ITBMT,IT,BMT,Belvedere Marittimo,Belvedere Marittimo,CS,39.61666666666667,15.85
ITBNC,IT,BNC,Bianco,Bianco,RC,38.083333333333336,16.15
ITBOA,IT,BOA,Bosa,Bosa,OR,40.3,8.5
ITBRI,IT,BRI,Bari,Bari,BA,41.13333333333333,16.85
ITBVM,IT,BVM,Bova Marina,Bova Marina,RC,37.93333333333333,15.916666666666666
ITCAG,IT,CAG,Cagliari,Cagliari,CA,39.21666666666667,9.116666666666667
ITCAS,IT,CAS,Castellammare di Stabia,Castellammare di Stabia,NA,40.7,14.483333333333333
ITCCB,IT,CCB,Cape Carbonara,Cape Carbonara,,39.1,9.516666666666667
ITCCL,IT,CCL,Cattolica,Cattolica,RN,43.96666666666667,12.733333333333333
ITCCQ,IT,CCQ,Cetraro,Cetraro,CS,39.516666666666666,15.933333333333334
ITCEC,IT,CEC,Cecina,Cecina,LI,43.31666666666667,10.516666666666667
ITCEQ,IT,CEQ,Castiglione della Pescaia,Castiglione della Pescaia,,42.766666666666666,10.883333333333333
ITCEV,IT,CEV,Cervia,Cervia,RA,44.266666666666666,12.366666666666667
ITCFU,IT,CFU,Cefalù,Cefalu,,38.03333333333333,14.016666666666667
ITCGC,IT,CGC,Corigliano Calabro,Corigliano Calabro,CS,39.6,16.516666666666666
ITCHI,IT,CHI,Chioggia,Chioggia,,45.233333333333334,12.283333333333333
ITCHX,IT,CHX,Chiavari,Chiavari,GE,44.31666666666667,9.316666666666666
ITCLF,IT,CLF,Carloforte,Carloforte,,39.15,8.3
ITCLS,IT,CLS,Calasetta,Calasetta,,39.05,8.366666666666667
ITCML,IT,CML,Casamicciola Terme,Casamicciola Terme,NA,40.75,13.883333333333333
ITCNT,IT,CNT,Cesenatico,Cesenatico,,44.2,12.416666666666666
ITCOQ,IT,COQ,Capo d'Orlando,Capo d'Orlando,,38.166666666666664,14.75
ITCPA,IT,CPA,Capraia,Capraia,,43.05,9.833333333333334
ITCPM,IT,CPM,Cupra Marittima,Cupra Marittima,AP,43.016666666666666,13.85
ITCPN,IT,CPN,Copanello,Copanello,CZ,38.766666666666666,16.55
ITCRQ,IT,CRQ,Castro Marina,Castro Marina,,39.983333333333334,18.4
ITCRT,IT,CRT,Cariati,Cariati,,39.5,16.95
ITCRV,IT,CRV,Crotone,Crotone,,39.083333333333336,17.133333333333333
ITCTA,IT,CTA,Catania,Catania,CT,37.5,15.1
ITCTK,IT,CTK,Castelsardo,Castelsardo,SS,40.916666666666664,8.716666666666667
ITCTR,IT,CTR,Castellammare del Golfo,Castellammare del Golfo,TP,38.016666666666666,12.883333333333333
ITCVV,IT,CVV,Civitavecchia,Civitavecchia,RM,42.1,11.8
ITCVX,IT,CVX,Cavo,Cavo,,42.85,10.416666666666666
ITDIA,IT,DIA,Diamante,Diamante,,39.68333333333333,15.816666666666666
ITDNO,IT,DNO,Duino,Duino,,45.766666666666666,13.583333333333334
ITFAO,IT,FAO,Fano,Fano,,43.833333333333336,13.016666666666667
ITFAV,IT,FAV,Favignana,Favignana,,37.93333333333333,12.333333333333334
ITFCO,IT,FCO,Fiumicino,Fiumicino,RM,41.766666666666666,12.233333333333333
ITFCO,IT,FCO,Fiumicino Apt/Roma,Fiumicino Apt/Roma,RM,41.766666666666666,12.233333333333333
ITFCV,IT,FCV,Foce Varano,Foce Varano,,41.916666666666664,15.8
ITFGE,IT,FGE,Fregene,Fregene,,41.85,12.2
ITFME,IT,FME,Francavilla al Mare,Francavilla al Mare,,42.416666666666664,14.283333333333333
ITFNL,IT,FNL,Finale Ligure,Finale Ligure,SV,44.166666666666664,8.333333333333334
ITFOL,IT,FOL,Follonica,Follonica,GR,42.916666666666664,10.75
ITFOM,IT,FOM,Formia,Formia,,41.25,13.616666666666667
ITFOR,IT,FOR,Isolotto Formica,Isolotto Formica,,37.983333333333334,12.416666666666666
ITFRD,IT,FRD,Forio,Forio,,40.733333333333334,13.85
ITFSA,IT,FSA,Fusina,Fusina,VE,45.416666666666664,12.233333333333333
ITGAE,IT,GAE,Gaeta,Gaeta,,41.2,13.583333333333334
ITGAI,IT,GAI,Golfo Aranci,Golfo Aranci,SS,41.0,9.616666666666667
ITGAL,IT,GAL,Gallipoli,Gallipoli,,40.05,17.983333333333334
ITGEA,IT,GEA,Gela,Gela,,37.06666666666667,14.25
ITGIA,IT,GIA,Giardini Naxos,Giardini Naxos,ME,37.81666666666667,15.266666666666667
ITGIT,IT,GIT,Gioia Tauro,Gioia Tauro,,38.416666666666664,15.9
ITGLJ,IT,GLJ,Camogli,Camogli,GE,44.35,9.15
ITGMA,IT,GMA,Gabicce Mare,Gabicce Mare,,43.96666666666667,12.766666666666667
ITGOA,IT,GOA,Genova,Genova,GE,44.416666666666664,8.95
ITGOO,IT,GOO,Goro,Goro,,44.85,12.3
ITGRD,IT,GRD,Grado,Grado,,45.68333333333333,13.383333333333333
ITGSV,IT,GSV,Rosignano Solvay,Rosignano Solvay,LI,43.38333333333333,10.433333333333334
ITGUI,IT,GUI,Giulianova,Giulianova,TE,42.75,13.966666666666667
ITGVZ,IT,GVZ,Giovinazzo,Giovinazzo,,41.18333333333333,16.666666666666668
ITGZS,IT,GZS,Anguillara Sabazia,Anguillara Sabazia,RM,42.083333333333336,12.266666666666667
ITICA,IT,ICA,Torvaianica,Torvaianica,RM,41.63333333333333,12.466666666666667
ITIDF,IT,IDF,Isola delle Femmine,Isola delle Femmine,,38.2,13.25
ITIDG,IT,IDG,Isola del Giglio,Isola del Giglio,,42.36666666666667,10.9
ITIMP,IT,IMP,Imperia,Imperia,IM,43.88333333333333,8.05
ITIOA,IT,IOA,Civitanova Marche,Civitanova Marche,MC,43.3,13.733333333333333
ITIOI,IT,IOI,Maiori,Maiori,,40.65,14.633333333333333
ITISB,IT,ISB,Pier Isab,Pier Isab,SR,37.11666666666667,15.25
ITISH,IT,ISH,Ischia,Ischia,NA,40.733333333333334,13.95
ITISN,IT,ISN,Isola Asinara,Isola Asinara,,41.05,8.266666666666667
ITITI,IT,ITI,Sistiana,Sistiana,TS,45.75,13.633333333333333
ITJLO,IT,JLO,Iesolo,Iesolo,VE,45.53333333333333,12.65
ITLAD,IT,LAD,Ladispoli,Ladispoli,RM,41.93333333333333,12.083333333333334
ITLAE,IT,LAE,Lacco Ameno,Lacco Ameno,,40.75,13.9
ITLAW,IT,LAW,Lavagna,Lavagna,GE,44.3,9.333333333333334
ITLEA,IT,LEA,Scalea,Scalea,,39.81666666666667,15.783333333333333
ITLEC,IT,LEC,Leuca,Leuca,,39.8,18.35
ITLEN,IT,LEN,Levanto,Levanto,SP,44.166666666666664,9.633333333333333
ITLER,IT,LER,Lerici,Lerici,SP,44.06666666666667,9.916666666666666
ITLES,IT,LES,Lesina,Lesina,,41.86666666666667,15.35
ITLEV,IT,LEV,Levanzo,Levanzo,,37.983333333333334,12.333333333333334
ITLIC,IT,LIC,Licata,Licata,,37.1,13.933333333333334
ITLIP,IT,LIP,Lipari,Lipari,ME,38.45,14.95
ITLIV,IT,LIV,Livorno,Livorno,,43.55,10.316666666666666
ITLLT,IT,LLT,Savelletri,Savelletri,BR,40.86666666666667,17.416666666666668
ITLMP,IT,LMP,Lampedusa,Lampedusa,,35.5,12.6
ITLOA,IT,LOA,Loano,Loano,SV,44.13333333333333,8.25
ITLSD,IT,LSD,Lignano Sabbiadoro,Lignano Sabbiadoro,,45.7,13.15
ITM2R,IT,M2R,Marina di Ragusa,Marina di Ragusa,RG,36.78333333333333,14.55
ITMAH,IT,MAH,Marina di Ginosa,Marina di Ginosa,,40.416666666666664,16.883333333333333
ITMAJ,IT,MAJ,Marano Lagunare,Marano Lagunare,,45.766666666666666,13.166666666666666
ITMAM,IT,MAM,Marciana Marina,Marciana Marina,,42.8,10.2
ITMAZ,IT,MAZ,Mazara del Vallo,Mazara del Vallo,TP,37.65,12.583333333333334
ITMDA,IT,MDA,La Maddalena,La Maddalena,SS,41.21666666666667,9.4
ITMDW,IT,MDW,Margherita di Savoia,Margherita di Savoia,,41.36666666666667,16.15
ITMFR,IT,MFR,Manfredonia,Manfredonia,,41.63333333333333,15.916666666666666
ITMGE,IT,MGE,Marina Grande,Marina Grande,,40.55,14.25
ITMIM,IT,MIM,Mili Marina,Mili Marina,ME,38.11666666666667,15.516666666666667
ITMIS,IT,MIS,Misano Adriatico,Misano Adriatico,RN,43.96666666666667,12.7
ITMIT,IT,MIT,Marina di Camerota,Marina di Camerota,,40.0,15.366666666666667
ITMLB,IT,MLB,Marina della Lobra,Marina della Lobra,,40.6,14.333333333333334
ITMLS,IT,MLS,Montalto di Castro,Montalto di Castro,VT,42.35,11.616666666666667
ITMLU,IT,MLU,Massa Lubrense,Massa Lubrense,,40.6,14.333333333333334
ITMND,IT,MND,"Mondello, Palermo","Mondello, Palermo",,38.2,13.333333333333334
ITMNU,IT,MNU,Marinella di Selinunte,Marinella di Selinunte,,37.583333333333336,12.783333333333333
ITMPA,IT,MPA,Marina di Pisa,Marina di Pisa,,43.666666666666664,10.266666666666667
ITMPS,IT,MPS,Melito di Porto Salvo,Melito di Porto Salvo,RC,37.916666666666664,15.783333333333333
ITMRA,IT,MRA,Marsala,Marsala,TP,37.8,12.433333333333334
ITMRM,IT,MRM,Cirò Marina,Ciro Marina,KR,39.36666666666667,17.133333333333333
ITMRP,IT,MRP,Marina di Campo,Marina di Campo,LI,42.733333333333334,10.233333333333333
ITMSB,IT,MSB,Marina di Pisciotta,Marina di Pisciotta,,40.1,15.233333333333333
ITMSD,IT,MSD,Marina di Grosseto,Marina di Grosseto,,42.71666666666667,10.983333333333333
ITMTH,IT,MTH,Meta,Meta,NA,40.65,14.4
ITNAP,IT,NAP,Napoli,Napoli,NA,40.833333333333336,14.25
ITNCT,IT,NCT,San Cataldo,San Cataldo,LE,40.38333333333333,18.3
ITNGA,IT,NGA,Sperlonga,Sperlonga,,41.25,13.433333333333334
ITNLI,IT,NLI,Noli,Noli,SV,44.2,8.433333333333334
ITNNE,IT,NNE,Cala Gonone,Cala Gonone,,40.3,9.633333333333333
ITNSR,IT,NSR,Nova Siri,Nova Siri,MT,40.15,16.533333333333335
ITNTA,IT,NTA,Sant'Antioco,Sant'Antioco,,39.06666666666667,8.45
ITNTE,IT,NTE,Sestri Levante,Sestri Levante,GE,44.266666666666666,9.4
ITNTT,IT,NTT,Nettuno,Nettuno,,41.46666666666667,12.683333333333334
ITNUM,IT,NUM,Numana,Numana,,43.516666666666666,13.616666666666667
ITOBT,IT,OBT,Orbetello,Orbetello,,42.45,11.216666666666667
ITODB,IT,ODB,Mola di Bari,Mola di Bari,,41.06666666666667,17.083333333333332
ITODG,IT,ODG,Mondragone,Mondragone,,41.11666666666667,13.883333333333333
ITOGN,IT,OGN,Ognina,Ognina,,36.983333333333334,15.25
ITOLB,IT,OLB,Olbia,Olbia,SS,40.916666666666664,9.516666666666667
ITORL,IT,ORL,Porticello,Porticello,,38.083333333333336,13.533333333333333
ITOZI,IT,OZI,Pozzillo,Pozzillo,CT,37.65,15.183333333333334
ITPCN,IT,PCN,Porto Conte Torre Nuova,Porto Conte Torre Nuova,CA,40.6,8.2
ITPED,IT,PED,Pedaso,Pedaso,,43.1,13.833333333333334
ITPES,IT,PES,Pesaro,Pesaro,PU,43.9,12.916666666666666
ITPFX,IT,PFX,Porto Foxi (Sarroch),Porto Foxi (Sarroch),,39.05,9.0
ITPFX,IT,PFX,Sarroch (Porto Foxi),Sarroch (Porto Foxi),,39.05,9.0
ITPGL,IT,PGL,Portigliola,Portigliola,RC,38.233333333333334,16.216666666666665
ITPIA,IT,PIA,Pianosa,Pianosa,,42.56666666666667,10.066666666666666
ITPIM,IT,PIM,Praia a Mare,Praia a Mare,CS,39.9,15.783333333333333
ITPIZ,IT,PIZ,Pizzo,Pizzo,,38.733333333333334,16.166666666666668
ITPLN,IT,PLN,Palinuro,Palinuro,,40.03333333333333,15.283333333333333
ITPMA,IT,PMA,Marghera,Marghera,VE,45.45,12.216666666666667
ITPMM,IT,PMM,Palmi,Palmi,,38.35,15.85
ITPMO,IT,PMO,Palermo,Palermo,PA,38.11666666666667,13.366666666666667
ITPNZ,IT,PNZ,Ponza,Ponza,LT,40.9,12.966666666666667
ITPOM,IT,POM,Pomezia,Pomezia,RM,41.666666666666664,12.5
ITPOQ,IT,POQ,Porto Viro,Porto Viro,RO,45.05,12.25
ITPPF,IT,PPF,Porto Palo,Porto Palo,CT,37.56666666666667,12.9
ITPPL,IT,PPL,Portopalo,Portopalo,SR,36.68333333333333,15.133333333333333
ITPPT,IT,PPT,Porto Tolle,Porto Tolle,,44.93333333333333,12.366666666666667
ITPRF,IT,PRF,Porto Recanati,Porto Recanati,,43.43333333333333,13.666666666666666
ITPRH,IT,PRH,Sapri,Sapri,,40.06666666666667,15.633333333333333
ITPRJ,IT,PRJ,Capri,Capri,NA,40.55,14.233333333333333
ITPRL,IT,PRL,Priolo Gargallo,Priolo Gargallo,SR,37.15,15.183333333333334
ITPRR,IT,PRR,Piano di Sorrento,Piano di Sorrento,NA,40.63333333333333,14.383333333333333
ITPRW,IT,PRW,Portovenere,Portovenere,SP,44.05,9.85
ITPSR,IT,PSR,Pescara,Pescara,PE,42.46666666666667,14.233333333333333
ITPTC,IT,PTC,Portici,Portici,NA,40.81666666666667,14.333333333333334
ITPTH,IT,PTH,Porto Ercole,Porto Ercole,,42.38333333333333,11.2
ITPTI,IT,PTI,Patti,Patti,ME,38.13333333333333,14.966666666666667
ITPUC,IT,PUC,Punta Cugno,Punta Cugno,SR,37.21666666666667,15.2
ITPVE,IT,PVE,Portoscuso (Porto Vesme),Portoscuso (Porto Vesme),,39.2,8.383333333333333
ITPVT,IT,PVT,Porto Levante,Porto Levante,,45.05,12.366666666666667
ITPZL,IT,PZL,Pozzallo,Pozzallo,RG,36.71666666666667,14.85
ITQMM,IT,QMM,Marina di Massa,Marina di Massa,,44.0,10.1
ITQOS,IT,QOS,Oristano,Oristano,OR,39.9,8.6
ITRCE,IT,RCE,Riccione,Riccione,RN,43.983333333333334,12.65
ITREC,IT,REC,Recco,Recco,GE,44.36666666666667,9.15
ITREG,IT,REG,Reggio di Calabria,Reggio di Calabria,RC,38.1,15.65
ITRIN,IT,RIN,Rinella,Rinella,,38.53333333333333,14.833333333333334
ITRMG,IT,RMG,Rio Maggiore,Rio Maggiore,SP,44.1,9.733333333333333
ITRMI,IT,RMI,Rimini,Rimini,RN,44.06666666666667,12.583333333333334
ITRNS,IT,RNS,Spotorno,Spotorno,,44.233333333333334,8.416666666666666
ITROC,IT,ROC,Roccella Ionica,Roccella Ionica,,38.31666666666667,16.4
ITRPO,IT,RPO,Rapallo,Rapallo,GE,44.35,9.233333333333333
ITRPT,IT,RPT,Riposto,Riposto,CT,37.733333333333334,15.2
ITRRV,IT,RRV,Sferracavallo,Sferracavallo,,38.2,13.233333333333333
ITRSM,IT,RSM,Monterosso al Mare,Monterosso al Mare,SP,44.15,9.65
ITRTS,IT,RTS,Riva Trigoso,Riva Trigoso,,44.266666666666666,9.416666666666666
ITRTT,IT,RTT,Marotta,Marotta,,43.766666666666666,13.133333333333333
ITSCK,IT,SCK,Sciacca,Sciacca,,37.516666666666666,13.05
ITSCO,IT,SCO,Scoglitti,Scoglitti,RG,36.88333333333333,14.433333333333334
ITSDB,IT,SDB,San Benedetto del Tronto,San Benedetto del Tronto,AP,42.95,13.883333333333333
ITSEG,IT,SEG,Senigallia,Senigallia,AN,43.71666666666667,13.216666666666667
ITSFE,IT,SFE,San Felice Circeo,San Felice Circeo,,41.233333333333334,13.083333333333334
ITSFM,IT,SFM,Santa Foca di Melendugno,Santa Foca di Melendugno,,40.266666666666666,18.333333333333332
ITSID,IT,SID,Siderno Marina,Siderno Marina,RC,38.266666666666666,16.3
ITSIG,IT,SIG,Porto San Giorgio,Porto San Giorgio,,43.18333333333333,13.8
ITSLA,IT,SLA,Santa Marina Salina,Santa Marina Salina,,38.56666666666667,14.866666666666667
ITSLC,IT,SLC,"Saline, Reggio Calabria","Saline, Reggio Calabria",,37.95,15.7
ITSLL,IT,SLL,Scilla,Scilla,,38.25,15.716666666666667
ITSLV,IT,SLV,Silvi Marina,Silvi Marina,TE,42.56666666666667,14.083333333333334
ITSMA,IT,SMA,Santa Marinella,Santa Marinella,,42.03333333333333,11.85
ITSMK,IT,SMK,Santa Maria di Castellabate,Santa Maria di Castellabate,,40.28333333333333,14.95
ITSNR,IT,SNR,Terrasini,Terrasini,,38.15,13.083333333333334
ITSOO,IT,SOO,Soverato,Soverato,,38.68333333333333,16.55
ITSPA,IT,SPA,Santa Panagia,Santa Panagia,,37.1,15.25
ITSPE,IT,SPE,La Spezia,La Spezia,SP,44.11666666666667,9.833333333333334
ITSRH,IT,SRH,Scario,Scario,,40.05,15.483333333333333
ITSSF,IT,SSF,Santo Stefano al Mare,Santo Stefano al Mare,IM,43.833333333333336,7.883333333333333
ITSTE,IT,STE,Santa Teresa di Gallura,Santa Teresa di Gallura,SS,41.233333333333334,9.183333333333334
ITSVN,IT,SVN,Savona,Savona,SV,44.28333333333333,8.5
ITTAA,IT,TAA,Cetara,Cetara,,40.65,14.7
ITTAO,IT,TAO,Taormina,Taormina,,37.85,15.283333333333333
ITTAR,IT,TAR,Taranto,Taranto,,40.483333333333334,17.233333333333334
ITTCC,IT,TCC,Trebisacce,Trebisacce,,39.86666666666667,16.533333333333335
ITTCS,IT,TCS,Torre Cesarea,Torre Cesarea,LE,40.03333333333333,18.45
ITTEA,IT,TEA,Maratea,Maratea,,39.983333333333334,15.716666666666667
ITTEF,IT,TEF,Santo Stefano di Camastra,Santo Stefano di Camastra,ME,38.016666666666666,14.35
ITTGV,IT,TGV,Torre Gaveta,Torre Gaveta,,40.81666666666667,14.05
ITTLY,IT,TLY,Porto San Vitale,Porto San Vitale,RA,44.43333333333333,12.233333333333333
ITTMT,IT,TMT,Isole Tremiti,Isole Tremiti,FG,42.11666666666667,15.483333333333333
ITTPS,IT,TPS,Trapani,Trapani,TP,38.016666666666666,12.483333333333333
ITTRH,IT,TRH,Torre Faro,Torre Faro,,38.25,15.633333333333333
ITTRI,IT,TRI,Termini Imerese,Termini Imerese,PA,37.983333333333334,13.7
ITTRU,IT,TRU,Torre San Giovanni d'Ugento,Torre San Giovanni d'Ugento,LE,39.916666666666664,18.15
ITTTN,IT,TTN,Stintino,Stintino,,40.93333333333333,8.216666666666667
ITTVC,IT,TVC,Torviscosa,Torviscosa,UD,45.81666666666667,13.266666666666667
ITUGG,IT,UGG,Muggia,Muggia,,45.6,13.766666666666667
ITULE,IT,ULE,Zaule,Zaule,TS,45.6,13.8
ITURI,IT,URI,Scauri,Scauri,,41.25,13.7
ITVCE,IT,VCE,Venezia,Venezia,VE,45.43333333333333,12.333333333333334
ITVDL,IT,VDL,Vado Ligure,Vado Ligure,SV,44.266666666666666,8.45
ITVEN,IT,VEN,Ventimiglia,Ventimiglia,IM,43.78333333333333,7.6
ITVSG,IT,VSG,"Villa San Giovanni, Calabria","Villa San Giovanni, Calabria",,38.21666666666667,15.633333333333333
ITVT3,IT,VT3,Villafranca Tirrena,Villafranca Tirrena,ME,38.233333333333334,15.433333333333334
ITVTI,IT,VTI,Voltri,Voltri,GE,44.43333333333333,8.75
ITVZN,IT,VZN,Vernazza,Vernazza,SP,44.13333333333333,9.683333333333334
ITZQQ,IT,ZQQ,Polignano a Mare,Polignano a Mare,BA,41.0,17.216666666666665
JESAB,JE,SAB,Saint Aubin,Saint Aubin,,49.18333333333333,-2.1666666666666665
JESCJ,JE,SCJ,Saint Clement,Saint Clement,,49.166666666666664,-2.066666666666667
JESTH,JE,STH,Saint Hélier,Saint Helier,,49.18333333333333,-2.1
JMORC,JM,ORC,Oracabessa,Oracabessa,,18.4,-76.95
JMPHE,JM,PHE,Port Henderson,Port Henderson,14,17.95,-76.88333333333334
JMSAW,JM,SAW,Saint Ann's Bay,Saint Ann's Bay,06,18.433333333333334,-77.2
JMSLM,JM,SLM,Savanna-la-Mar,Savanna-la-Mar,,18.216666666666665,-78.13333333333334
JOAQJ,JO,AQJ,Al 'Aqabah,Al 'Aqabah,AQ,29.533333333333335,35.0
JODAH,JO,DAH,Abu Alandah,Abu Alandah,AM,31.9,35.96666666666667
JPAFG,JP,AFG,Akitafunagawa,Akitafunagawa,05,39.88333333333333,139.95
JPAIG,JP,AIG,Aki-gun/Hiroshima,Aki-gun/Hiroshima,34,34.333333333333336,132.53333333333333
JPAIO,JP,AIO,Aioi,Aioi,28,34.78333333333333,134.46666666666667
JPAMX,JP,AMX,AmagasakiNishinomiyaAshiya,AmagasakiNishinomiyaAshiya,28,34.71666666666667,135.41666666666666
JPAOM,JP,AOM,Omi,Omi,15,37.016666666666666,137.8
JPAPP,JP,APP,Koshi,Koshi,43,32.88333333333333,130.78333333333333
JPARI,JP,ARI,"Ariake, Tokyo","Ariake, Tokyo",13,35.63333333333333,139.78333333333333
JPASI,JP,ASI,Asahimachi,Asahimachi,14,35.53333333333333,139.7
JPASU,JP,ASU,Kasuya,Kasuya,40,33.61666666666667,130.48333333333332
JPATA,JP,ATA,Ataka,Ataka,17,36.416666666666664,136.41666666666666
JPAUI,JP,AUI,Asakuchi,Asakuchi,33,34.516666666666666,133.58333333333334
JPAXZ,JP,AXZ,Zushi,Zushi,14,35.28333333333333,139.58333333333334
JPBIZ,JP,BIZ,Bizen,Bizen,33,34.733333333333334,134.18333333333334
JPBKW,JP,BKW,Shibukawa,Shibukawa,10,36.483333333333334,139.0
JPCHG,JP,CHG,Chigasaki,Chigasaki,14,35.31666666666667,139.4
JPCHW,JP,CHW,Chimu Wan,Chimu Wan,,26.383333333333333,127.91666666666667
JPCYU,JP,CYU,Chiryu,Chiryu,23,35.0,137.05
JPFKM,JP,FKM,"Fukushima, Nagasaki","Fukushima, Nagasaki",42,33.35,129.8
JPFKU,JP,FKU,"Fukushima, Hokkaido","Fukushima, Hokkaido",01,41.46666666666667,140.25
JPFMS,JP,FMS,"Fukushima, Miyazaki","Fukushima, Miyazaki",45,31.466666666666665,131.21666666666667
JPFST,JP,FST,"Furusato, Kagoshima","Furusato, Kagoshima",46,27.366666666666667,128.63333333333333
JPFTS,JP,FTS,"Futtsu, Chiba","Futtsu, Chiba",12,35.583333333333336,140.38333333333333
JPFTX,JP,FTX,Fushikitoyama,Fushikitoyama,16,36.8,137.11666666666667
JPGKA,JP,GKA,Gushikawa,Gushikawa,47,26.35,127.86666666666666
JPGOO,JP,GOO,Gobo Wakayama,Gobo Wakayama,30,33.88333333333333,135.15
JPGTK,JP,GTK,Kitanagoya,Kitanagoya,23,35.233333333333334,136.85
JPGTO,JP,GTO,Goto,Goto,42,32.68333333333333,128.83333333333334
JPHBK,JP,HBK,Hibikishinko,Hibikishinko,40,33.983333333333334,130.75
JPHGN,JP,HGN,Higashisonogi-Gun Cho,Higashisonogi-Gun Cho,42,32.03333333333333,129.91666666666666
JPHIU,JP,HIU,Hiratsuka,Hiratsuka,14,35.31666666666667,139.35
JPHKT,JP,HKT,Hakata/Fukuoka,Hakata/Fukuoka,40,33.6,130.41666666666666
JPHMR,JP,HMR,Hamura,Hamura,13,35.766666666666666,139.3
JPHOF,JP,HOF,Hofu,Hofu,35,34.03333333333333,131.56666666666666
JPHSG,JP,HSG,Saga,Saga,,33.083333333333336,133.1
JPHTO,JP,HTO,Hatoma,Hatoma,47,24.466666666666665,123.76666666666667
JPICO,JP,ICO,Ichikikushikino,Ichikikushikino,46,31.716666666666665,130.26666666666668
JPICW,JP,ICW,Ishikariwan Shinko,Ishikariwan Shinko,,43.35,141.5
JPIKK,JP,IKK,Ikitsuki,Ikitsuki,42,33.38333333333333,129.43333333333334
JPIKW,JP,IKW,Ishikawa,Ishikawa,47,26.416666666666668,127.81666666666666
JPISG,JP,ISG,Ishigaki,Ishigaki,47,24.333333333333332,124.15
JPIZW,JP,IZW,Inazawa,Inazawa,23,35.25,136.78333333333333
JPJTS,JP,JTS,Joetsu,Joetsu,15,37.15,138.23333333333332
JPKAU,JP,KAU,Kasumigaura,Kasumigaura,08,36.03333333333333,140.21666666666667
JPKKJ,JP,KKJ,Kitakyushu,Kitakyushu,40,33.833333333333336,130.83333333333334
JPKKX,JP,KKX,Kikaishima,Kikaishima,46,28.316666666666666,129.98333333333332
JPKNM,JP,KNM,Kanmon,Kanmon,40,33.9,130.91666666666666
JPKOH,JP,KOH,Kohama,Kohama,47,24.333333333333332,123.98333333333333
JPKOK,JP,KOK,Kokura,Kokura,40,33.8,130.88333333333333
JPKSF,JP,KSF,Kitsuki,Kitsuki,44,33.416666666666664,131.61666666666667
JPKTN,JP,KTN,Kitakami,Kitakami,03,39.28333333333333,141.11666666666667
JPMJR,JP,MJR,Mitajiri,Mitajiri,35,34.03333333333333,131.58333333333334
JPMMD,JP,MMD,Minamidaito,Minamidaito,47,25.833333333333332,131.23333333333332
JPMMY,JP,MMY,Miyakojima,Miyakojima,47,24.783333333333335,125.3
JPMOJ,JP,MOJ,Moji/Kitakyushu,Moji/Kitakyushu,40,33.9,130.96666666666667
JPMYI,JP,MYI,Miyagi,Miyagi,10,36.43333333333333,139.16666666666666
JPMYT,JP,MYT,"Miyoshi, Tokushima","Miyoshi, Tokushima",36,34.016666666666666,133.8
JPMYX,JP,MYX,"Muta, Nagasaki","Muta, Nagasaki",42,31.816666666666666,130.26666666666668
JPNAI,JP,NAI,Narashino,Narashino,12,35.666666666666664,140.01666666666668
JPNAN,JP,NAN,Nakanoseki,Nakanoseki,35,34.0,131.53333333333333
JPNGA,JP,NGA,"Nagareyama, Chiba","Nagareyama, Chiba",12,35.85,139.9
JPNGY,JP,NGY,Nagaokakyo,Nagaokakyo,26,34.93333333333333,135.7
JPNIK,JP,NIK,Nikaho,Nikaho,05,39.38333333333333,140.08333333333334
JPNMC,JP,NMC,Nakamichi,Nakamichi,19,35.583333333333336,138.58333333333334
JPNOA,JP,NOA,Nago,Nago,47,26.583333333333332,127.96666666666667
JPNOJ,JP,NOJ,Onojo,Onojo,40,33.53333333333333,130.48333333333332
JPNTO,JP,NTO,Nishitokyo,Nishitokyo,13,34.733333333333334,139.53333333333333
JPOMA,JP,OMA,Aomi,Aomi,13,35.61666666666667,139.78333333333333
JPOMC,JP,OMC,Omachi,Omachi,20,36.833333333333336,138.41666666666666
JPOPA,JP,OPA,Oppama,Oppama,14,35.3,139.61666666666667
JPOSA,JP,OSA,Osaka,Osaka,27,34.666666666666664,135.5
JPOSG,JP,OSG,Ogi,Ogi,41,33.28333333333333,130.2
JPOSM,JP,OSM,"Ôshima, Nagasaki","Oshima, Nagasaki",42,33.06666666666667,129.61666666666667
JPRBN,JP,RBN,Noboribetsu,Noboribetsu,01,42.45,141.16666666666666
JPRYA,JP,RYA,Ryuo,Ryuo,25,35.666666666666664,16.616666666666667
JPSBH,JP,SBH,Shibetsu,Shibetsu,01,43.65,145.11666666666667
JPSDJ,JP,SDJ,"Sendai, Miyagi","Sendai, Miyagi",04,38.13333333333333,140.91666666666666
JPSEI,JP,SEI,Seki,Seki,21,35.483333333333334,136.91666666666666
JPSEN,JP,SEN,Satsumasendai,Satsumasendai,46,31.816666666666666,130.25
JPSET,JP,SET,Seto,Seto,42,32.93333333333333,129.63333333333333
JPSHG,JP,SHG,"Shinagawa, Tokyo","Shinagawa, Tokyo",13,35.6,139.71666666666667
JPSHJ,JP,SHJ,Shinko,Shinko,20,36.56666666666667,138.06666666666666
JPSKZ,JP,SKZ,Shikokuchuo,Shikokuchuo,38,33.983333333333334,133.55
JPSMJ,JP,SMJ,Shinmoji,Shinmoji,40,33.86666666666667,130.98333333333332
JPSSS,JP,SSS,Saikai,Saikai,42,32.93333333333333,129.65
JPSSU,JP,SSU,Sensyu,Sensyu,27,34.43333333333333,135.25
JPSSZ,JP,SSZ,Shimada,Shimada,22,34.833333333333336,138.18333333333334
JPSUK,JP,SUK,Sukumowan,Sukumowan,39,32.916666666666664,132.71666666666667
JPSXZ,JP,SXZ,Nakanoto,Nakanoto,17,36.983333333333334,136.9
JPSYD,JP,SYD,Sanyo Onoda Yamaguchi,Sanyo Onoda Yamaguchi,35,34.083333333333336,131.18333333333334
JPTBO,JP,TBO,Tobo,Tobo,41,33.483333333333334,129.93333333333334
JPTBT,JP,TBT,Tobata/Kitakyushu,Tobata/Kitakyushu,40,33.88333333333333,130.83333333333334
JPTKH,JP,TKH,Takahama/Amakusa,Takahama/Amakusa,43,32.36666666666667,130.0
JPTNY,JP,TNY,Taniyama,Taniyama,46,31.283333333333335,130.31666666666666
JPTOA,JP,TOA,Toyo,Toyo,38,33.916666666666664,133.08333333333334
JPTOC,JP,TOC,Togane,Togane,12,35.56666666666667,140.36666666666667
JPTOX,JP,TOX,Toshima/Tokyo,Toshima/Tokyo,13,34.516666666666666,139.26666666666668
JPTTK,JP,TTK,Tsuzuki Ku,Tsuzuki Ku,,35.53333333333333,139.56666666666666
JPTUB,JP,TUB,Tsubame,Tsubame,15,37.65,138.93333333333334
JPTUZ,JP,TUZ,Tsuzu Yamaguchi,Tsuzu Yamaguchi,35,34.05,132.2
JPTXD,JP,TXD,Tokuyamakudamatsu,Tokuyamakudamatsu,35,34.0,131.76666666666668
JPTYA,JP,TYA,Toyota,Toyota,23,35.083333333333336,137.16666666666666
JPTYO,JP,TYO,Tokyo,Tokyo,13,35.68333333333333,139.75
JPUKB,JP,UKB,Kobe,Kobe,28,34.68333333333333,135.16666666666666
JPUUN,JP,UUN,Unnan,Unnan,32,35.28333333333333,132.9
JPWAM,JP,WAM,Wakamatsu/Kitakyushu,Wakamatsu/Kitakyushu,40,33.88333333333333,130.81666666666666
JPXCA,JP,XCA,Niikappu,Niikappu,01,42.36666666666667,142.31666666666666
JPYCH,JP,YCH,Yachiyo,Yachiyo,12,35.733333333333334,140.1
JPYHI,JP,YHI,Yoshiumi,Yoshiumi,38,34.13333333333333,133.03333333333333
JPYOK,JP,YOK,Yokohama,Yokohama,14,35.45,139.65
JPYOS,JP,YOS,Yokosuka,Yokosuka,14,35.28333333333333,139.66666666666666
JPYRO,JP,YRO,Yoro,Yoro,21,35.3,136.55
JPYWT,JP,YWT,Yawata/Kitakyushu,Yawata/Kitakyushu,40,33.85,130.8
JPZKA,JP,ZKA,Iizuka,Iizuka,40,33.65,130.68333333333334
KESIA,KE,SIA,Siaya,Siaya,38,0.06666666666666667,34.28333333333333
KESMN,KE,SMN,Shimoni,Shimoni,19,-4.65,39.38333333333333
KHKOS,KH,KOS,Kâmpóng Saôm,Kampong Saom,,10.6,103.51666666666667
KHTKH,KH,TKH,Ta Khmau,Ta Khmau,12,11.483333333333333,104.95
KIBIR,KI,BIR,Birnie Island,Birnie Island,P,-3.5833333333333335,-171.51666666666668
KIEBI,KI,EBI,Enderbury Island,Enderbury Island,P,-3.15,-171.08333333333334
KIHUL,KI,HUL,Hull Island,Hull Island,P,-4.516666666666667,-172.18333333333334
KIMCK,KI,MCK,Mckean Island,Mckean Island,P,-3.5833333333333335,-174.11666666666667
KINIK,KI,NIK,Nikumaroro,Nikumaroro,P,-4.683333333333334,-174.51666666666668
KISYI,KI,SYI,Sydney Island,Sydney Island,P,-4.466666666666667,-171.25
KMAJN,KM,AJN,Anjouan Apt,Anjouan Apt,A,-12.25,44.416666666666664
KMMUT,KM,MUT,"Mutsamudu, Anjouan","Mutsamudu, Anjouan",A,-12.15,44.38333333333333
KNCHA,KN,CHA,Charlestown,Charlestown,,17.133333333333333,-62.61666666666667
KNNEV,KN,NEV,Nevis,Nevis,,17.15,-62.583333333333336
KPODA,KP,ODA,Odaejin,Odaejin,,41.38333333333333,129.75
KPRIW,KP,RIW,Riwon,Riwon,,40.31666666666667,128.63333333333333
KPRJN,KP,RJN,Rajin (Najin),Rajin (Najin),13,42.21666666666667,130.28333333333333
KPSAM,KP,SAM,Samcha do,Samcha do,,39.4,124.71666666666667
KPSGN,KP,SGN,Songnim,Songnim,06,38.766666666666666,125.58333333333333
KPSIN,KP,SIN,Sinpo,Sinpo,,40.06666666666667,128.26666666666668
KPTCH,KP,TCH,Tanchon,Tanchon,08,40.416666666666664,128.93333333333334
KRANJ,KR,ANJ,Anjeong,Anjeong,48,34.95,128.43333333333334
KRAWL,KR,AWL,Aewol,Aewol,49,33.45,126.31666666666666
KRBIN,KR,BIN,Biin,Biin,44,36.11666666666667,126.48333333333333
KRBJG,KR,BJG,Busanjin-Gu,Busanjin-Gu,26,35.15,129.05
KRBNP,KR,BNP,Busan New Port,Busan New Port,26,35.083333333333336,128.81666666666666
KRBOR,KR,BOR,Boryeong,Boryeong,44,36.31666666666667,126.5
KRBUK,KR,BUK,Bupyong/Incheon,Bupyong/Incheon,28,37.5,129.13333333333333
KRCHA,KR,CHA,Jeju,Jeju,49,33.5,126.51666666666667
KRCHF,KR,CHF,Jinhae,Jinhae,48,35.13333333333333,128.65
KRCHG,KR,CHG,Janghang/Seocheon-gun,Janghang/Seocheon-gun,44,36.0,126.68333333333334
KRCJA,KR,CJA,Chuja,Chuja,49,33.95,126.3
KRDBL,KR,DBL,Daebul/Yeongam-gun,Daebul/Yeongam-gun,46,34.75,126.43333333333334
KRDCN,KR,DCN,Daecheon,Daecheon,44,36.31666666666667,126.5
KRDDO,KR,DDO,Dokdo,Dokdo,47,37.233333333333334,131.85
KRDHS,KR,DHS,Daeheuksando,Daeheuksando,46,34.68333333333333,125.43333333333334
KRGDO,KR,GDO,Galdoo,Galdoo,46,34.3,126.51666666666667
KRGGH,KR,GGH,Gageohyangri,Gageohyangri,46,34.06666666666667,125.08333333333333
KRGGU,KR,GGU,Ganggu,Ganggu,46,36.35,129.38333333333333
KRGIN,KR,GIN,Gyeongin,Gyeongin,28,37.53333333333333,126.6
KRGMD,KR,GMD,Geomundo,Geomundo,46,34.016666666666666,127.3
KRGRP,KR,GRP,Guryongpo,Guryongpo,47,35.983333333333334,129.55
KRHAS,KR,HAS,Hosan,Hosan,42,37.166666666666664,129.35
KRHDO,KR,HDO,Hongdo,Hongdo,46,34.65,125.18333333333334
KRHHP,KR,HHP,Hwahungpo,Hwahungpo,46,34.3,126.66666666666667
KRHLM,KR,HLM,Hallim,Hallim,49,33.416666666666664,126.25
KRHPO,KR,HPO,Hupo,Hupo,47,36.666666666666664,129.45
KRHSN,KR,HSN,Hwasun,Hwasun,49,33.233333333333334,126.33333333333333
KRINC,KR,INC,Incheon,Incheon,28,37.45,126.61666666666666
KRJHA,KR,JHA,Junghwa,Junghwa,48,34.78333333333333,128.36666666666667
KRJMJ,KR,JMJ,Jumunjin,Jumunjin,42,37.88333333333333,128.83333333333334
KRKAN,KR,KAN,Gwangyang,Gwangyang,46,34.93333333333333,127.7
KRKCN,KR,KCN,Gamcheon/Busan,Gamcheon/Busan,26,35.083333333333336,129.0
KRKDO,KR,KDO,Kukdo,Kukdo,47,34.53333333333333,128.43333333333334
KRKHN,KR,KHN,Gohyeon/Geoje,Gohyeon/Geoje,48,34.88333333333333,128.61666666666667
KRKJE,KR,KJE,Geoje,Geoje,48,34.85,128.58333333333334
KRKPO,KR,KPO,Pohang,Pohang,47,36.03333333333333,129.36666666666667
KRKUV,KR,KUV,Gunsan,Gunsan,45,35.983333333333334,126.71666666666667
KRKWA,KR,KWA,Kwangyang,Kwangyang,49,33.5,126.53333333333333
KRMAS,KR,MAS,Masan,Masan,48,35.2,128.56666666666666
KRMIP,KR,MIP,Mipo/Ulsan,Mipo/Ulsan,31,35.516666666666666,129.43333333333334
KRMOK,KR,MOK,Mokpo,Mokpo,46,34.8,126.38333333333334
KRMUK,KR,MUK,Mukho/Donghae,Mukho/Donghae,42,37.53333333333333,129.1
KRNDS,KR,NDS,Nokdongsin,Nokdongsin,46,34.516666666666666,127.13333333333334
KRNRD,KR,NRD,Narodo,Narodo,46,34.38333333333333,127.25
KROKK,KR,OKK,Okgye/Gangneung,Okgye/Gangneung,42,37.6,129.03333333333333
KROKP,KR,OKP,Okpo/Geoje,Okpo/Geoje,48,34.88333333333333,128.7
KRONS,KR,ONS,Onsan/Ulsan,Onsan/Ulsan,31,35.43333333333333,129.35
KRPTK,KR,PTK,Pyeongtaek,Pyeongtaek,41,36.96666666666667,127.1
KRPUS,KR,PUS,Busan,Busan,26,35.13333333333333,129.05
KRSBU,KR,SBU,South Busan,South Busan,26,35.083333333333336,129.15
KRSCP,KR,SCP,Samcheonpo/Sacheon,Samcheonpo/Sacheon,48,34.916666666666664,128.06666666666666
KRSEL,KR,SEL,Seoul,Seoul,11,37.516666666666666,126.93333333333334
KRSGG,KR,SGG,Songgong,Songgong,46,34.833333333333336,126.21666666666667
KRSHG,KR,SHG,Sinhang/Pohang,Sinhang/Pohang,48,36.083333333333336,129.55
KRSHO,KR,SHO,Sokcho,Sokcho,42,38.2,128.58333333333334
KRSMA,KR,SMA,Shinma,Shinma,46,34.43333333333333,126.85
KRSPO,KR,SPO,Seogwipo,Seogwipo,49,33.233333333333334,126.55
KRSSP,KR,SSP,Seongsan-po,Seongsan-po,49,33.45,126.91666666666667
KRSUK,KR,SUK,Samcheok,Samcheok,42,37.43333333333333,129.18333333333334
KRSUO,KR,SUO,Suwon,Suwon,41,37.25,127.23333333333333
KRSWD,KR,SWD,Sangwangdeungdo,Sangwangdeungdo,45,35.65,126.13333333333334
KRTAN,KR,TAN,Taean-gun,Taean-gun,44,36.71666666666667,126.26666666666667
KRTGA,KR,TGA,Tonghae,Tonghae,42,37.53333333333333,129.1
KRTGH,KR,TGH,Donghae,Donghae,42,37.483333333333334,129.11666666666667
KRTJI,KR,TJI,Dangjin,Dangjin,44,36.96666666666667,126.78333333333333
KRTSN,KR,TSN,Daesan/Seosan,Daesan/Seosan,44,37.0,126.36666666666666
KRTYG,KR,TYG,Tongyeong,Tongyeong,48,34.833333333333336,128.41666666666666
KRULL,KR,ULL,Ulleung,Ulleung,47,37.46666666666667,130.9
KRUSN,KR,USN,Ulsan,Ulsan,31,35.53333333333333,129.31666666666666
KRWND,KR,WND,Wando-gun,Wando-gun,46,34.3,126.75
KRYGP,KR,YGP,Yonggipo,Yonggipo,28,37.95,124.71666666666667
KRYOC,KR,YOC,Yochon,Yochon,47,36.65,128.45
KRYOS,KR,YOS,Yeosu,Yeosu,46,34.75,127.71666666666667
KRYPD,KR,YPD,Yeonpyeongdo,Yeonpyeongdo,28,37.65,125.7
KWDOH,KW,DOH,Doha,Doha,KU,29.383333333333333,47.8
KWMEA,KW,MEA,Mina' al Ahmadi,Mina' al Ahmadi,,29.066666666666666,48.15
KWMIB,KW,MIB,Mina' 'Abd Allah,Mina' 'Abd Allah,,29.016666666666666,48.166666666666664
KWMIS,KW,MIS,Mina Saud,Mina Saud,,28.766666666666666,48.46666666666667
KWMZR,KW,MZR,Mina Al Zour,Mina Al Zour,AH,28.716666666666665,48.4
KWSAA,KW,SAA,Shuaiba,Shuaiba,,29.033333333333335,48.13333333333333
KWSAL,KW,SAL,As Salimiyah,As Salimiyah,,29.333333333333332,48.083333333333336
KWSMY,KW,SMY,Salmiya,Salmiya,HA,29.333333333333332,48.083333333333336
KWSWK,KW,SWK,Shuwaikh,Shuwaikh,,29.35,47.93333333333333
KYGEC,KY,GEC,"Georgetown, Grand Cayman","Georgetown, Grand Cayman",,19.3,-81.38333333333334
KZAAU,KZ,AAU,Aktau,Aktau,47,43.65,51.15
KZBTN,KZ,BTN,Bautino,Bautino,,44.53333333333333,50.25
KZTAU,KZ,TAU,Temirtau,Temirtau,35,50.05,72.95
LBACT,LB,ACT,Amchit,Amchit,JL,34.15,35.63333333333333
LBBEY,LB,BEY,Beirut,Beirut,BA,33.833333333333336,35.483333333333334
LBBRU,LB,BRU,Brummana,Brummana,JL,35.88333333333333,35.61666666666667
LBBYL,LB,BYL,Byblos,Byblos,JL,34.11666666666667,35.65
LBDRA,LB,DRA,Dora,Dora,JL,33.916666666666664,35.56666666666667
LBLN8,LB,LN8,Bekaa,Bekaa,BI,34.0,36.13333333333333
LBSAY,LB,SAY,Saydå,Sayda,,33.55,35.36666666666667
LBZUK,LB,ZUK,Zouk,Zouk,JL,33.96666666666667,35.63333333333333
LCCAS,LC,CAS,Castries,Castries,,14.016666666666667,-60.96666666666667
LKCMB,LK,CMB,Colombo,Colombo,11,6.916666666666667,79.85
LKHBA,LK,HBA,Hambantota,Hambantota,,6.116666666666666,81.11666666666666
LKKCT,LK,KCT,Koggala,Koggala,,5.983333333333333,80.33333333333333
LKKON,LK,KON,Kondavattavan,Kondavattavan,,7.283333333333333,81.63333333333334
LKMAW,LK,MAW,Mawella,Mawella,,5.983333333333333,80.73333333333333
LKOLU,LK,OLU,Oluvil,Oluvil,,7.283333333333333,81.85
LRHAR,LR,HAR,Harper,Harper,MY,4.366666666666666,-7.716666666666667
LRMLW,LR,MLW,Monrovia,Monrovia,MO,6.3,-10.8
LRRVC,LR,RVC,River Cess,River Cess,,5.466666666666667,-9.583333333333334
LTBOT,LT,BOT,Botingé,Botinge,,56.06666666666667,21.116666666666667
LTMLM,LT,MLM,Malku ilankos juru uosto PVP/Klaipeda,Malku ilankos juru uosto PVP/Klaipeda,KL,55.71666666666667,21.116666666666667
LTMOM,LT,MOM,Molo juru uosto PVP/Klaipeda,Molo juru uosto PVP/Klaipeda,KL,55.71666666666667,21.1
LTPLM,LT,PLM,Pilies juru uosto PVP/Klaipeda,Pilies juru uosto PVP/Klaipeda,KL,55.71666666666667,21.083333333333332
LUBKM,LU,BKM,Bech-Kleinmacher,Bech-Kleinmacher,,49.53333333333333,6.35
LUEZT,LU,EZT,Esch-sur-Alzette,Esch-sur-Alzette,,49.5,5.983333333333333
LUHDK,LU,HDK,Huldange,Huldange,D,50.15,6.0
LUMRT,LU,MRT,Mertert,Mertert,,49.7,6.483333333333333
LUWLG,LU,WLG,Wormeldange,Wormeldange,L,49.6,6.4
LUZXC,LU,ZXC,Grundhof,Grundhof,G,49.833333333333336,6.316666666666666
LVEGE,LV,EGE,Engure,Engure,029,57.166666666666664,23.216666666666665
LVLPX,LV,LPX,Liepaja,Liepaja,LPX,56.516666666666666,21.016666666666666
LVMRX,LV,MRX,Mersrags,Mersrags,063,57.333333333333336,23.1
LVPVT,LV,PVT,Pavilosta,Pavilosta,071,56.88333333333333,21.183333333333334
LVROJ,LV,ROJ,Roja,Roja,079,57.5,22.8
LVSAL,LV,SAL,Salacgriva,Salacgriva,054,57.75,24.35
LVSKU,LV,SKU,Skulte,Skulte,054,57.31666666666667,24.433333333333334
LVZJA,LV,ZJA,Jurmala,Jurmala,JUR,56.95,23.75
LYBAR,LY,BAR,Bardiyah,Bardiyah,,31.766666666666666,25.1
LYBUA,LY,BUA,Bu'ayrat al Hasun,Bu'ayrat al Hasun,,31.4,15.733333333333333
LYDRX,LY,DRX,Darnah,Darnah,,32.766666666666666,22.633333333333333
LYELK,LY,ELK,El Choms,El Choms,,32.65,14.266666666666667
LYESI,LY,ESI,As Sidr,As Sidr,,30.633333333333333,18.366666666666667
LYKHO,LY,KHO,Al Khums,Al Khums,,32.65,14.266666666666667
LYMEL,LY,MEL,Mellitah (Qasr Ahmed),Mellitah (Qasr Ahmed),MI,32.6,15.35
LYMHR,LY,MHR,Marsa el Hariga,Marsa el Hariga,,32.05,24.0
LYZAW,LY,ZAW,Az Zawiyah,Az Zawiyah,,32.75,12.716666666666667
MA6KN,MA,6KN,Souq Larb'A Al Gharb,Souq Larb'A Al Gharb,KEN,34.666666666666664,-5.966666666666667
MAAHU,MA,AHU,Al Hoceïma,Al Hoceima,,35.25,-3.9333333333333336
MAANZ,MA,ANZ,Anza,Anza,AGD,30.45,-9.65
MABUJ,MA,BUJ,Boujdour,Boujdour,BOD,26.133333333333333,-14.483333333333333
MACAS,MA,CAS,Casablanca,Casablanca,CAS,33.583333333333336,-7.6
MAD2V,MA,D2V,Ar Rommani,Ar Rommani,KHE,33.516666666666666,-6.6
MAELJ,MA,ELJ,El Jadida,El Jadida,JDI,33.25,-8.5
MAESS,MA,ESS,Essaouira,Essaouira,ESI,31.416666666666668,-9.5
MANPS,MA,NPS,"Nouveau Port Safi, Sidi Boudenyan","Nouveau Port Safi, Sidi Boudenyan",SAF,32.166666666666664,-9.266666666666667
MAREM,MA,REM,Ras El Ma,Ras El Ma,NAD,35.11666666666667,-2.4
MARNA,MA,RNA,Roches Noires,Roches Noires,MOH,33.6,-7.566666666666666
MASAL,MA,SAL,Salé,Sale,,34.03333333333333,-6.8
MASMD,MA,SMD,Aït Melloul,Ait Melloul,13,30.333333333333332,-9.483333333333333
MATNG,MA,TNG,Tangier,Tangier,,35.78333333333333,-5.816666666666666
MATTU,MA,TTU,Tétouan,Tetouan,,35.56666666666667,-5.383333333333334
MCMCM,MC,MCM,Monte-Carlo,Monte-Carlo,,43.733333333333334,7.416666666666667
MDGIU,MD,GIU,Giurgiulesti,Giurgiulesti,CA,45.46666666666667,28.183333333333334
MEBAR,ME,BAR,Bar,Bar,,42.083333333333336,19.083333333333332
MEBIJ,ME,BIJ,Bijela,Bijela,,42.45,18.666666666666668
MEBUD,ME,BUD,Budva,Budva,05,42.28333333333333,18.833333333333332
MEHNO,ME,HNO,Hercegnovi,Hercegnovi,,42.45,18.533333333333335
MEIGL,ME,IGL,Igalo,Igalo,,42.46666666666667,18.516666666666666
MEKOT,ME,KOT,Kotor,Kotor,10,42.416666666666664,18.766666666666666
MEPVC,ME,PVC,Petrovac,Petrovac,,42.2,18.933333333333334
MERSN,ME,RSN,Risan (Risano),Risan (Risano),,42.516666666666666,18.7
METIV,ME,TIV,Tivat,Tivat,19,42.43333333333333,18.7
MEULC,ME,ULC,Ulcinj,Ulcinj,20,41.916666666666664,19.2
MEZEL,ME,ZEL,Zelenika,Zelenika,,42.45,18.583333333333332
MFGES,MF,GES,Galisbay,Galisbay,,18.066666666666666,-63.083333333333336
MFMAR,MF,MAR,Marigot,Marigot,,18.066666666666666,-63.083333333333336
MGEHL,MG,EHL,Ehoala,Ehoala,U,-25.066666666666666,46.95
MGNOS,MG,NOS,Nosy-Be,Nosy-Be,,-13.333333333333334,48.25
MHMAJ,MH,MAJ,Majuro,Majuro,MAJ,7.1,171.38333333333333
MKDKJ,MK,DKJ,Demir Kapija,Demir Kapija,103,41.4,22.233333333333334
MKNOD,MK,NOD,Novi Dojran,Novi Dojran,406,41.21666666666667,22.7
MKRAD,MK,RAD,Radovis,Radovis,409,41.65,22.5
MKSNI,MK,SNI,Sveti Nikole,Sveti Nikole,108,41.85,21.933333333333334
MMKYA,MM,KYA,Kyaiklat,Kyaiklat,07,16.566666666666666,95.78333333333333
MMTEN,MM,TEN,Tanintharyi,Tanintharyi,,12.083333333333334,99.01666666666667
MMTLA,MM,TLA,Thilawa,Thilawa,06,16.65,96.25
MOMFM,MO,MFM,Macau,Macau,,22.2,113.53333333333333
MQADA,MQ,ADA,Les Anses-d'Arlet,Les Anses-d'Arlet,,14.483333333333333,-61.083333333333336
MQFDF,MQ,FDF,Fort-de-France,Fort-de-France,,14.6,-61.05
MQKF4,MQ,KF4,Le Vauclin,Le Vauclin,,14.55,-60.85
MQLER,MQ,LER,Le Robert,Le Robert,,14.666666666666666,-60.93333333333333
MQPFI,MQ,PFI,Le Marigot,Le Marigot,,14.816666666666666,-61.03333333333333
MQQPC,MQ,QPC,Port de Fort-de-France Pt.,Port de Fort-de-France Pt.,,14.6,-61.05
MQSF4,MQ,SF4,Le Precheur,Le Precheur,,14.8,-61.233333333333334
MQWF3,MQ,WF3,Case-Pilote,Case-Pilote,,14.633333333333333,-61.13333333333333
MRROS,MR,ROS,Rosso,Rosso,,16.5,-15.916666666666666
MSLTB,MS,LTB,Little Bay,Little Bay,,16.8,-62.2
MTBAL,MT,BAL,Balzan,Balzan,02,35.9,14.45
MTBZE,MT,BZE,Birzebbugia,Birzebbugia,05,35.833333333333336,14.533333333333333
MTDIS,MT,DIS,Malta Freeport Distripark,Malta Freeport Distripark,05,35.833333333333336,14.533333333333333
MTDMP,MT,DMP,Delimara,Delimara,33,35.81666666666667,14.55
MTFLO,MT,FLO,Floriana,Floriana,09,35.88333333333333,14.5
MTGZI,MT,GZI,Gzira,Gzira,12,35.9,14.483333333333333
MTKIR,MT,KIR,Kirkop,Kirkop,28,35.833333333333336,14.483333333333333
MTMAR,MT,MAR,Marsaxlokk,Marsaxlokk,05,35.833333333333336,14.533333333333333
MTMGZ,MT,MGZ,"Mgarr, Gozo","Mgarr, Gozo",11,36.016666666666666,14.283333333333333
MTMLA,MT,MLA,Valletta,Valletta,60,35.88333333333333,14.5
MTMSA,MT,MSA,Marsa,Marsa,31,35.86666666666667,14.483333333333333
MTMSS,MT,MSS,Marsaskala,Marsaskala,32,35.86666666666667,14.55
MTMSX,MT,MSX,Marsamxett,Marsamxett,17,35.9,14.5
MTSLM,MT,SLM,Sliema,Sliema,56,35.9,14.5
MTSPB,MT,SPB,Saint Paul's Bay (San Pawl il-Bahar),Saint Paul's Bay (San Pawl il-Bahar),51,35.93333333333333,14.383333333333333
MTTAR,MT,TAR,Tarxien,Tarxien,58,35.85,14.5
MUABN,MU,ABN,Albion,Albion,BL,-20.2,57.4
MUPMA,MU,PMA,Port Mathurin,Port Mathurin,,-19.683333333333334,63.416666666666664
MUTAM,MU,TAM,Tamarin,Tamarin,BL,-20.316666666666666,57.36666666666667
MVBAL,MV,BAL,Baa Atoll,Baa Atoll,NO,5.133333333333334,72.95
MVCPP,MV,CPP,Coastline Private Port,Coastline Private Port,MLE,4.166666666666667,73.45
MVHHE,MV,HHE,Hulhulé Island,Hulhule Island,MLE,4.183333333333334,73.51666666666667
MVHID,MV,HID,Halaveli,Halaveli,NC,4.033333333333333,72.91666666666667
MVHMT,MV,HMT,Hulhumale,Hulhumale,MLE,4.233333333333333,73.55
MVHTP,MV,HTP,Hithadhoo Port,Hithadhoo Port,01,-0.6333333333333333,73.1
MVKDP,MV,KDP,Kulhudhuffushi Port,Kulhudhuffushi Port,23,6.616666666666667,73.06666666666666
MVKFP,MV,KFP,Koodoo Fisheries,Koodoo Fisheries,27,0.7333333333333333,73.43333333333334
MVKUL,MV,KUL,Kulhudhuffushi,Kulhudhuffushi,23,6.616666666666667,73.05
MVMCP,MV,MCP,Male' Commercial Harbor,Male' Commercial Harbor,MLE,4.166666666666667,73.5
MVMGP,MV,MGP,Maldive Gas,Maldive Gas,MLE,4.183333333333334,73.45
MVMLE,MV,MLE,Male,Male,MLE,4.166666666666667,73.5
MVMMP,MV,MMP,Maamigili Port,Maamigili Port,00,3.466666666666667,72.83333333333333
MVRGI,MV,RGI,Rangali,Rangali,NC,3.6,72.7
MVVHP,MV,VHP,Villa Hakatha,Villa Hakatha,MLE,4.183333333333334,73.43333333333334
MWCPK,MW,CPK,Chipoka,Chipoka,SA,-14.0,34.516666666666666
MWTHY,MW,THY,Thyolo,Thyolo,,-16.066666666666666,35.13333333333333
MX4TE,MX,4TE,Tepetlixpac,Tepetlixpac,MEX,19.033333333333335,-98.81666666666666
MX9AS,MX,9AS,Xochimancas,Xochimancas,MOR,18.783333333333335,-99.1
MXAAO,MX,AAO,Camargo,Camargo,CHH,28.1,-105.26666666666667
MXACA,MX,ACA,Acapulco,Acapulco,GRO,16.85,-99.86666666666666
MXACM,MX,ACM,Acolman,Acolman,MEX,19.616666666666667,-98.91666666666667
MXAPR,MX,APR,Agua Prieta,Agua Prieta,SON,31.3,-109.56666666666666
MXARZ,MX,ARZ,Arizpe,Arizpe,SON,30.333333333333332,-110.16666666666667
MXATM,MX,ATM,Altamira,Altamira,TAM,22.4,-97.91666666666667
MXATN,MX,ATN,Amatitán,Amatitan,JAL,20.833333333333332,-103.71666666666667
MXBDR,MX,BDR,Boca del Río,Boca del Rio,VER,19.116666666666667,-96.11666666666666
MXCAT,MX,CAT,Cayo Arcas Terminal,Cayo Arcas Terminal,,19.683333333333334,-92.08333333333333
MXCDD,MX,CDD,Ciudad Madero,Ciudad Madero,TAM,22.266666666666666,-97.83333333333333
MXCED,MX,CED,Cedros,Cedros,BCN,28.116666666666667,-115.16666666666667
MXCME,MX,CME,Ciudad del Carmen,Ciudad del Carmen,CAM,18.633333333333333,-91.83333333333333
MXCOA,MX,COA,Coatzacoalcos,Coatzacoalcos,VER,18.133333333333333,-94.4
MXCRI,MX,CRI,Cedros Island,Cedros Island,BCN,28.166666666666668,-115.21666666666667
MXCSG,MX,CSG,Ciudad Sahagún,Ciudad Sahagun,HID,19.766666666666666,-98.56666666666666
MXCSL,MX,CSL,Cabo San Lucas,Cabo San Lucas,BCS,22.883333333333333,-109.88333333333334
MXCTL,MX,CTL,Cuautla,Cuautla,JAL,20.2,-104.4
MXCTX,MX,CTX,Cotaxtla,Cotaxtla,VER,18.833333333333332,-96.38333333333334
MXCZM,MX,CZM,Cozumel,Cozumel,ROO,20.516666666666666,-86.93333333333334
MXDBT,MX,DBT,Dos Bocas Terminal,Dos Bocas Terminal,TAB,18.5,-93.18333333333334
MXDHD,MX,DHD,Dolores Hidalgo,Dolores Hidalgo,GUA,21.15,-100.91666666666667
MXEA2,MX,EA2,Barretal,Barretal,TAM,24.083333333333332,-99.11666666666666
MXEPM,MX,EPM,Empalme,Empalme,SON,27.966666666666665,-110.81666666666666
MXESE,MX,ESE,Ensenada,Ensenada,BCN,31.85,-116.6
MXFRN,MX,FRN,Frontera,Frontera,TAB,18.533333333333335,-92.63333333333334
MXGET,MX,GET,General Terán,General Teran,NLE,25.266666666666666,-99.68333333333334
MXGRA,MX,GRA,Granjas,Granjas,GUA,21.183333333333334,-101.75
MXGSV,MX,GSV,Guasave,Guasave,SIN,25.566666666666666,-108.45
MXGYM,MX,GYM,Guaymas,Guaymas,SON,27.916666666666668,-110.88333333333334
MXHTO,MX,HTO,Huatulco (Santa María Huatulco),Huatulco (Santa Maria Huatulco),OAX,15.833333333333334,-96.31666666666666
MXHUN,MX,HUN,Hunucmá,Hunucma,YUC,20.916666666666668,-89.8
MXJDZ,MX,JDZ,Juchitán de Zaragoza,Juchitan de Zaragoza,OAX,16.433333333333334,-95.01666666666667
MXJMN,MX,JMN,Jiménez,Jimenez,CHH,28.333333333333332,-105.4
MXLAP,MX,LAP,La Paz,La Paz,BCS,24.133333333333333,-110.3
MXLTJ,MX,LTJ,La Troje,La Troje,AGU,21.766666666666666,-102.53333333333333
MXLTO,MX,LTO,Loreto,Loreto,,26.016666666666666,-112.61666666666666
MXLZC,MX,LZC,Lázaro Cárdenas,Lazaro Cardenas,MIC,17.95,-102.18333333333334
MXMAZ,MX,MAZ,Mazamitla,Mazamitla,JAL,19.916666666666668,-103.03333333333333
MXMHT,MX,MHT,Magdalena/Hostotipaquillo,Magdalena/Hostotipaquillo,JAL,20.916666666666668,-103.95
MXMID,MX,MID,Mérida,Merida,YUC,20.966666666666665,-89.61666666666666
MXMZT,MX,MZT,Mazatlan,Mazatlan,SIN,23.4,-106.4
MXNAU,MX,NAU,Nautla,Nautla,VER,20.216666666666665,-96.78333333333333
MXOBR,MX,OBR,Obregón,Obregon,SLP,22.25,-101.26666666666667
MXPAJ,MX,PAJ,Pajaritos,Pajaritos,VER,18.116666666666667,-94.38333333333334
MXPBJ,MX,PBJ,Punta Baja,Punta Baja,BCN,29.966666666666665,-115.81666666666666
MXPCM,MX,PCM,Playa del Carmen,Playa del Carmen,,20.616666666666667,-87.06666666666666
MXPGO,MX,PGO,Progreso,Progreso,YUC,21.266666666666666,-89.65
MXPIC,MX,PIC,Pichilingue,Pichilingue,BCS,24.3,-110.31666666666666
MXPMD,MX,PMD,Puerto Madero,Puerto Madero,CHP,14.716666666666667,-92.41666666666667
MXPMS,MX,PMS,Puerto Morelos,Puerto Morelos,ROO,20.833333333333332,-86.86666666666666
MXPNG,MX,PNG,Puerto Ángel,Puerto Angel,OAX,15.666666666666666,-96.48333333333333
MXPTA,MX,PTA,Puerta,Puerta,SIN,23.366666666666667,-106.33333333333333
MXPUL,MX,PUL,Puerto Libertad,Puerto Libertad,SON,29.9,-112.66666666666667
MXPVN,MX,PVN,Punta Venado,Punta Venado,ROO,20.533333333333335,-87.15
MXPVR,MX,PVR,Puerto Vallarta,Puerto Vallarta,JAL,20.6,-105.21666666666667
MXRBG,MX,RBG,Rabon Grande/Coatzacoalcos,Rabon Grande/Coatzacoalcos,VER,18.216666666666665,-94.4
MXRBV,MX,RBV,Ciudad Río Bravo,Ciudad Rio Bravo,TAM,25.966666666666665,-98.08333333333333
MXRST,MX,RST,Rosarito Terminal,Rosarito Terminal,BCN,32.333333333333336,-117.1
MXSCX,MX,SCX,Salina Cruz,Salina Cruz,OAX,16.166666666666668,-95.18333333333334
MXSEY,MX,SEY,Seybaplaya,Seybaplaya,CAM,19.65,-90.7
MXSGX,MX,SGX,San Miguel Xoxtla,San Miguel Xoxtla,PUE,19.183333333333334,-98.3
MXSMI,MX,SMI,Isla San Marcos,Isla San Marcos,BCS,27.216666666666665,-112.1
MXSN2,MX,SN2,Santa Ana,Santa Ana,SON,30.183333333333334,-110.51666666666667
MXSTT,MX,STT,Santa Teresa,Santa Teresa,NAY,22.466666666666665,-104.73333333333333
MXTAB,MX,TAB,Chiltepec,Chiltepec,TAB,18.416666666666668,-93.08333333333333
MXTAK,MX,TAK,Takuntah,Takuntah,,19.75,-91.7
MXTAM,MX,TAM,Tampico,Tampico,TAM,22.25,-97.86666666666666
MXTEN,MX,TEN,Tenabó,Tenabo,CAM,20.05,-90.23333333333333
MXTIJ,MX,TIJ,Tijuana,Tijuana,BCN,32.53333333333333,-117.01666666666667
MXTJT,MX,TJT,Tlalpan,Tlalpan,,19.283333333333335,-99.16666666666667
MXTMP,MX,TMP,Tamaulipas,Tamaulipas,SIN,24.9,-107.58333333333333
MXTPB,MX,TPB,Topolobampo,Topolobampo,SIN,25.6,-109.05
MXTPX,MX,TPX,Santa Cruz Tepexpan,Santa Cruz Tepexpan,MEX,19.566666666666666,-99.7
MXTUX,MX,TUX,Tuxpan,Tuxpan,VER,20.95,-97.4
MXTXC,MX,TXC,Tiaxcala,Tiaxcala,TLA,19.383333333333333,-98.25
MXTXH,MX,TXH,Telixtlahuaca,Telixtlahuaca,OAX,17.3,-96.9
MXVER,MX,VER,Veracruz,Veracruz,VER,19.2,-96.08333333333333
MXVNR,MX,VNR,Villa Nicolás Romero,Villa Nicolas Romero,MEX,19.633333333333333,-99.3
MXXAL,MX,XAL,Xalostoc,Xalostoc,MEX,19.516666666666666,-99.08333333333333
MXXIH,MX,XIH,Zihuatanejo,Zihuatanejo,GRO,17.633333333333333,-101.55
MXZCA,MX,ZCA,Cadereyta Jiménez,Cadereyta Jimenez,NLE,25.6,-100.0
MXZIH,MX,ZIH,Ixtapa/Zihuatanejo,Ixtapa/Zihuatanejo,GRO,17.666666666666668,-101.65
MXZIP,MX,ZIP,Ixtapaluca,Ixtapaluca,MEX,19.283333333333335,-98.55
MXZKP,MX,ZKP,Zakapu,Zakapu,MIC,19.8,-101.8
MXZLO,MX,ZLO,Manzanillo,Manzanillo,COL,19.05,-104.3
MXZRZ,MX,ZRZ,Zaragoza,Zaragoza,PUE,19.766666666666666,-97.53333333333333
MYABU,MY,ABU,Abu,Abu,,6.116666666666666,105.28333333333333
MYANG,MY,ANG,Angsi,Angsi,,5.083333333333333,104.68333333333334
MYASQ,MY,ASQ,Teronoh,Teronoh,08,4.416666666666667,100.98333333333333
MYBAK,MY,BAK,Batang Kali,Batang Kali,10,3.466666666666667,101.63333333333334
MYBBA,MY,BBA,"Batu Batu, Sabah","Batu Batu, Sabah",12,5.033333333333333,115.95
MYBDV,MY,BDV,"Bandau, Sabah","Bandau, Sabah",12,6.5,116.76666666666667
MYBEA,MY,BEA,Beaufort,Beaufort,12,5.333333333333333,115.75
MYBEL,MY,BEL,"Beluran, Sabah","Beluran, Sabah",12,5.883333333333333,117.55
MYBGR,MY,BGR,Bunga Raya,Bunga Raya,,6.95,104.1
MYBGU,MY,BGU,Bangau,Bangau,12,6.95,116.7
MYBKI,MY,BKI,"Kota Kinabalu, Sabah","Kota Kinabalu, Sabah",12,5.966666666666667,116.06666666666666
MYBRU,MY,BRU,Pulau Bruit,Pulau Bruit,13,2.5833333333333335,111.33333333333333
MYBST,MY,BST,Kuala Besut,Kuala Besut,,5.833333333333333,102.56666666666666
MYBTK,MY,BTK,Bandar Tenggara,Bandar Tenggara,,1.8666666666666667,103.61666666666666
MYBTM,MY,BTM,Batu Maung,Batu Maung,07,5.283333333333333,100.28333333333333
MYBTW,MY,BTW,Batu Kawan,Batu Kawan,07,5.25,100.41666666666667
MYCEN,MY,CEN,Cendor,Cendor,,5.566666666666666,104.55
MYDGN,MY,DGN,Kuala Dungun,Kuala Dungun,11,4.783333333333333,103.43333333333334
MYHUM,MY,HUM,Hutan Melintang,Hutan Melintang,08,3.8833333333333333,100.93333333333334
MYJAM,MY,JAM,"Jambongan, Sabah","Jambongan, Sabah",12,6.666666666666667,117.5
MYJEL,MY,JEL,Jelutong,Jelutong,07,5.4,100.31666666666666
MYKBA,MY,KBA,Kuala Baram,Kuala Baram,13,4.566666666666666,113.98333333333333
MYKBD,MY,KBD,"Kota Belud, Sabah","Kota Belud, Sabah",12,6.35,116.43333333333334
MYKET,MY,KET,Kertih,Kertih,11,4.516666666666667,103.45
MYKIM,MY,KIM,"Kimanis, Sabah","Kimanis, Sabah",12,5.616666666666667,115.9
MYKPN,MY,KPN,Kepong,Kepong,14,3.216666666666667,101.63333333333334
MYKSL,MY,KSL,Kuala Selangor,Kuala Selangor,10,3.3333333333333335,101.05
MYKSS,MY,KSS,Kota Sarang Semut,Kota Sarang Semut,02,56.5,102.66666666666667
MYLAU,MY,LAU,Pulau Indah,Pulau Indah,10,2.9333333333333336,101.31666666666666
MYLBH,MY,LBH,Labuan Haji,Labuan Haji,12,4.483333333333333,118.63333333333334
MYLBU,MY,LBU,"Labuan, Sabah","Labuan, Sabah",15,5.283333333333333,115.23333333333333
MYLGK,MY,LGK,Langkawi,Langkawi,02,6.366666666666666,99.8
MYMAN,MY,MAN,Manjung,Manjung,08,4.15,100.61666666666666
MYMBK,MY,MBK,Merbok,Merbok,02,5.716666666666667,100.41666666666667
MYMBS,MY,MBS,Menumbok,Menumbok,12,5.3,115.36666666666666
MYMEN,MY,MEN,Nenasi,Nenasi,06,3.1333333333333333,103.45
MYMUD,MY,MUD,Muda Marine Terminal,Muda Marine Terminal,,7.583333333333333,102.98333333333333
MYNII,MY,NII,Nilai,Nilai,05,2.8166666666666664,101.8
MYPEN,MY,PEN,Penang (Georgetown),Penang (Georgetown),07,5.416666666666667,100.31666666666666
MYPGG,MY,PGG,Pengerang,Pengerang,01,1.3666666666666667,104.11666666666666
MYPJK,MY,PJK,Pulau Jarak,Pulau Jarak,,3.966666666666667,100.08333333333333
MYPKG,MY,PKG,Port Klang (Pelabuhan Klang),Port Klang (Pelabuhan Klang),10,3.0,101.4
MYPMT,MY,PMT,Penara Marine Terminal,Penara Marine Terminal,,6.116666666666666,105.01666666666667
MYPND,MY,PND,Pending,Pending,13,1.55,110.38333333333334
MYPRA,MY,PRA,Perai,Perai,07,5.383333333333334,100.38333333333334
MYSAM,MY,SAM,Samu,Samu,13,1.55,111.53333333333333
MYSAR,MY,SAR,Sarikei,Sarikei,13,2.1166666666666667,111.51666666666667
MYSBT,MY,SBT,Sabahat,Sabahat,12,5.066666666666666,119.03333333333333
MYSEP,MY,SEP,"Sepang, Selangor","Sepang, Selangor",10,2.7,101.75
MYSGG,MY,SGG,Sungai Udang,Sungai Udang,04,2.25,102.08333333333333
MYSGM,MY,SGM,Segamat,Segamat,01,2.5,102.81666666666666
MYSIP,MY,SIP,Samalaju,Samalaju,13,3.95,113.53333333333333
MYSNR,MY,SNR,Senari - Sarawak,Senari - Sarawak,13,1.6,110.43333333333334
MYSUM,MY,SUM,Sungai Merah,Sungai Merah,13,2.3333333333333335,111.83333333333333
MYSUP,MY,SUP,Sungai Udang Port,Sungai Udang Port,,2.25,102.13333333333334
MYSUW,MY,SUW,Sungai Way,Sungai Way,10,3.0833333333333335,101.61666666666666
MYTAG,MY,TAG,Tanjung Lembung,Tanjung Lembung,02,6.283333333333333,99.78333333333333
MYTAI,MY,TAI,Tampoi,Tampoi,01,1.4833333333333334,103.68333333333334
MYTBI,MY,TBI,Tanjong Bin,Tanjong Bin,01,1.3333333333333333,103.55
MYTGE,MY,TGE,Tanjung Gelang,Tanjung Gelang,06,3.9833333333333334,103.41666666666667
MYTJH,MY,TJH,Batu Gajah,Batu Gajah,08,4.466666666666667,101.05
MYTKP,MY,TKP,Kampong Tanjong Kupang,Kampong Tanjong Kupang,01,1.35,103.58333333333333
MYTLA,MY,TLA,Kampung Tanjung Langsat,Kampung Tanjung Langsat,01,1.4666666666666668,104.01666666666667
MYTMP,MY,TMP,Tanjung Manis,Tanjung Manis,13,2.1333333333333333,111.35
MYTPP,MY,TPP,Tanjung Pelepas,Tanjung Pelepas,01,1.3666666666666667,103.55
MYTRB,MY,TRB,Teluk Rubiah,Teluk Rubiah,08,49.81666666666667,100.61666666666666
MYTUB,MY,TUB,Tubau,Tubau,13,3.1333333333333333,113.7
MYXPQ,MY,XPQ,Port Klang (Ferry Port),Port Klang (Ferry Port),10,3.0166666666666666,101.36666666666666
MZCOR,MZ,COR,Coropoa,Coropoa,N,-16.533333333333335,39.68333333333333
MZMZB,MZ,MZB,Mocímboa da Praia,Mocimboa da Praia,P,-11.333333333333334,40.35
NALUD,NA,LUD,Lüderitz,Luderitz,,-26.65,15.166666666666666
NARUA,NA,RUA,Ruacana,Ruacana,KU,-17.433333333333334,14.35
NCDUS,NC,DUS,Ducos,Ducos,,-22.233333333333334,166.45
NCKOU,NC,KOU,Kouaoua,Kouaoua,,-21.4,165.83333333333334
NCLIF,NC,LIF,Lifou,Lifou,,-20.966666666666665,167.23333333333332
NCMEE,NC,MEE,Maré,Mare,,-21.5,167.98333333333332
NCMTD,NC,MTD,Le Mont-Dore,Le Mont-Dore,,-22.283333333333335,166.58333333333334
NCNAK,NC,NAK,Nakéty,Nakety,,-21.55,166.03333333333333
NCNEP,NC,NEP,Népoui,Nepoui,,-21.316666666666666,165.0
NCNOU,NC,NOU,Nouméa,Noumea,,-22.266666666666666,166.45
NCPAA,NC,PAA,Paagoumène,Paagoumene,,-20.483333333333334,164.2
NCPNY,NC,PNY,Prony,Prony,,-22.316666666666666,166.81666666666666
NCPOR,NC,POR,Poro,Poro,,-21.3,165.71666666666667
NCTUD,NC,TUD,Teoudie,Teoudie,,-20.766666666666666,164.4
NCVAV,NC,VAV,Vavouto,Vavouto,,-21.0,164.66666666666666
NCWAL,NC,WAL,Wala,Wala,,-19.716666666666665,163.65
NGABM,NG,ABM,Agbami,Agbami,,3.5166666666666666,5.516666666666667
NGAKP,NG,AKP,Akpo,Akpo,,-3.1333333333333333,60.81666666666667
NGANA,NG,ANA,Antan,Antan,,4.216666666666667,8.316666666666666
NGANB,NG,ANB,Anambra,Anambra,KO,7.266666666666667,7.4
NGANT,NG,ANT,Anta,Anta,,9.45,8.466666666666667
NGEAT,NG,EAT,Ea Terminal,Ea Terminal,,4.783333333333333,5.283333333333333
NGERT,NG,ERT,Erha Terminal,Erha Terminal,ON,5.35,4.35
NGFLM,NG,FLM,Falomo,Falomo,LA,6.45,3.4333333333333336
NGIMA,NG,IMA,Ima,Ima,,4.216666666666667,7.383333333333334
NGKIR,NG,KIR,Kirikakiri,Kirikakiri,,4.333333333333333,6.25
NGKT7,NG,KT7,Katsina,Katsina,KT,12.983333333333333,7.583333333333333
NGLKK,NG,LKK,Ibeju - Lekki,Ibeju - Lekki,LA,6.433333333333334,4.0
NGOKN,NG,OKN,Okono,Okono,,4.016666666666667,7.283333333333333
NGOKW,NG,OKW,Okwori,Okwori,,3.85,6.966666666666667
NGONN,NG,ONN,Onne,Onne,RI,4.716666666666667,7.15
NGOSO,NG,OSO,Oso,Oso,,2.8333333333333335,8.0
NGOYO,NG,OYO,Oyo,Oyo,,5.383333333333334,4.583333333333333
NGSOT,NG,SOT,Sango Otta,Sango Otta,LA,6.7,3.2333333333333334
NI8LG,NI,8LG,Totogalpa,Totogalpa,MD,13.566666666666666,-86.5
NILM8,NI,LM8,Las Maderas,Las Maderas,MN,12.433333333333334,-86.03333333333333
NIMAC,NI,MAC,Masachapa,Masachapa,MN,11.783333333333333,-86.51666666666667
NIPIB,NI,PIB,Puerto Isabel,Puerto Isabel,,13.366666666666667,-83.56666666666666
NIPSN,NI,PSN,Puerto Sandino,Puerto Sandino,,12.183333333333334,-86.75
NIPTI,NI,PTI,Potosí,Potosi,CI,13.0,-87.5
NIRAM,NI,RAM,Rama,Rama,AS,12.15,-84.21666666666667
NITPA,NI,TPA,Tipitapa,Tipitapa,MN,12.2,-86.1
NLA2Z,NL,A2Z,Oud-Alblas,Oud-Alblas,ZH,51.85,4.7
NLAAL,NL,AAL,Aalst,Aalst,GE,51.95,5.533333333333333
NLAER,NL,AER,Almere,Almere,FL,52.36666666666667,5.216666666666667
NLAHO,NL,AHO,Achthoven,Achthoven,UT,52.05,4.983333333333333
NLALK,NL,ALK,Alkmaar,Alkmaar,NH,52.63333333333333,4.75
NLALM,NL,ALM,Almelo,Almelo,OV,52.35,6.666666666666667
NLAMB,NL,AMB,Aalsmeerderbrug,Aalsmeerderbrug,NH,52.266666666666666,4.75
NLAME,NL,AME,Amersfoort,Amersfoort,,52.15,5.383333333333334
NLAMR,NL,AMR,Amerongen,Amerongen,UT,52.0,5.466666666666667
NLAMS,NL,AMS,Amsterdam,Amsterdam,,52.4,4.816666666666666
NLANC,NL,ANC,Sint Pancras,Sint Pancras,NH,52.666666666666664,4.783333333333333
NLANK,NL,ANK,Everingen,Everingen,ZE,51.4,3.75
NLANP,NL,ANP,Anna Paulowna,Anna Paulowna,NH,52.86666666666667,4.866666666666667
NLAPN,NL,APN,Alphen aan den Rijn,Alphen aan den Rijn,ZH,52.13333333333333,4.666666666666667
NLAPP,NL,APP,Appingedam,Appingedam,GR,53.31666666666667,6.866666666666667
NLARC,NL,ARC,Arcen,Arcen,LI,51.483333333333334,6.183333333333334
NLARI,NL,ARI,Aarle Rixtel,Aarle Rixtel,NB,51.5,5.633333333333333
NLAWD,NL,AWD,Albrandswaard,Albrandswaard,ZH,51.85,4.416666666666667
NLBAN,NL,BAN,Bant,Bant,FL,52.766666666666666,5.75
NLBDA,NL,BDA,Birdaard,Birdaard,FR,53.3,5.883333333333333
NLBDR,NL,BDR,Bilderdam,Bilderdam,ZH,52.21666666666667,4.716666666666667
NLBEM,NL,BEM,Bemmel,Bemmel,GE,51.9,5.9
NLBFD,NL,BFD,Belfeld,Belfeld,LI,51.31666666666667,6.116666666666666
NLBGE,NL,BGE,Baambrugge,Baambrugge,UT,52.25,4.983333333333333
NLBGO,NL,BGO,Barsingerhorn,Barsingerhorn,NH,52.78333333333333,4.85
NLBGW,NL,BGW,Borgsweer,Borgsweer,GR,53.3,7.016666666666667
NLBHM,NL,BHM,Bartlehiem,Bartlehiem,FR,53.28333333333333,5.833333333333333
NLBHS,NL,BHS,Burghsluis,Burghsluis,ZE,51.68333333333333,3.75
NLBIT,NL,BIT,Biest,Biest,NB,51.516666666666666,5.15
NLBLE,NL,BLE,Blerick,Blerick,LI,51.36666666666667,6.166666666666667
NLBLU,NL,BLU,Berlicum,Berlicum,NB,51.666666666666664,5.383333333333334
NLBNE,NL,BNE,Bunde,Bunde,LI,50.88333333333333,5.733333333333333
NLBNH,NL,BNH,Boarnsterhim,Boarnsterhim,FR,53.083333333333336,5.816666666666666
NLBNN,NL,BNN,Beuningen,Beuningen,GE,51.86666666666667,5.783333333333333
NLBNU,NL,BNU,Buggenum,Buggenum,LI,51.233333333333334,5.983333333333333
NLBNZ,NL,BNZ,Biddinghuizen,Biddinghuizen,FL,52.45,5.7
NLBOG,NL,BOG,Bodegraven,Bodegraven,,52.083333333333336,4.75
NLBON,NL,BON,Born,Born,LI,51.03333333333333,5.816666666666666
NLBOR,NL,BOR,Borssele,Borssele,ZE,51.416666666666664,3.716666666666667
NLBOT,NL,BOT,Botlek,Botlek,ZH,51.88333333333333,4.283333333333333
NLBRA,NL,BRA,Baarland,Baarland,ZE,51.4,3.8666666666666667
NLBRD,NL,BRD,Breda,Breda,NB,51.56666666666667,4.8
NLBRS,NL,BRS,Breskens,Breskens,,51.38333333333333,3.5666666666666664
NLBSH,NL,BSH,Bosscherheide,Bosscherheide,LI,51.56666666666667,6.083333333333333
NLBSL,NL,BSL,Beesel,Beesel,LI,51.266666666666666,6.033333333333333
NLBST,NL,BST,Best,Best,NB,51.5,5.4
NLBTA,NL,BTA,Bourtange,Bourtange,GR,53.016666666666666,7.2
NLBTS,NL,BTS,Beets,Beets,NH,52.583333333333336,4.966666666666667
NLBVG,NL,BVG,Burgervlotbrug,Burgervlotbrug,NH,52.75,4.683333333333334
NLBVI,NL,BVI,Bovensmilde,Bovensmilde,DR,52.983333333333334,6.483333333333333
NLBWE,NL,BWE,Burgwerd,Burgwerd,FR,53.083333333333336,5.55
NLBWW,NL,BWW,Boornzwaag over de Wielen,Boornzwaag over de Wielen,FR,52.95,5.75
NLBZM,NL,BZM,Bergen op Zoom,Bergen op Zoom,NB,51.5,4.3
NLBZW,NL,BZW,Boornzwaag,Boornzwaag,FR,52.88333333333333,5.566666666666666
NLCDP,NL,CDP,De Cocksdorp,De Cocksdorp,NH,53.15,4.883333333333333
NLCPD,NL,CPD,Camperduin,Camperduin,NH,52.75,4.65
NLCRI,NL,CRI,Creil,Creil,FL,52.766666666666666,5.666666666666667
NLCZD,NL,CZD,Cadzand,Cadzand,ZE,51.36666666666667,3.4
NLDBR,NL,DBR,Domburg,Domburg,ZE,51.56666666666667,3.5
NLDEL,NL,DEL,Delden,Delden,OV,52.266666666666666,6.716666666666667
NLDHE,NL,DHE,De Heen,De Heen,NB,51.61666666666667,4.266666666666667
NLDHK,NL,DHK,De Haukes,De Haukes,NH,52.88333333333333,4.933333333333334
NLDHO,NL,DHO,Den Hool,Den Hool,DR,52.71666666666667,6.783333333333333
NLDHR,NL,DHR,Den Helder,Den Helder,,52.95,4.766666666666667
NLDKO,NL,DKO,De Kooy,De Kooy,NH,52.916666666666664,4.8
NLDMK,NL,DMK,Demmerik,Demmerik,UT,52.2,4.933333333333334
NLDOR,NL,DOR,Dordrecht,Dordrecht,,51.78333333333333,4.633333333333333
NLDRL,NL,DRL,Driel,Driel,GE,51.96666666666667,5.816666666666666
NLDRP,NL,DRP,De Rijp,De Rijp,NH,52.56666666666667,4.85
NLDSI,NL,DSI,Doodstil,Doodstil,GR,53.4,6.666666666666667
NLDSM,NL,DSM,Driesum,Driesum,FR,53.3,6.05
NLDSO,NL,DSO,De Strook,De Strook,NH,52.78333333333333,4.9
NLDST,NL,DST,Deest,Deest,GE,51.88333333333333,5.666666666666667
NLDUG,NL,DUG,Dukenburg,Dukenburg,GE,51.81666666666667,5.8
NLDUM,NL,DUM,Dreumel,Dreumel,,51.85,5.433333333333334
NLDVB,NL,DVB,Dieverbrug,Dieverbrug,DR,52.85,6.333333333333333
NLDVT,NL,DVT,Duivendrecht,Duivendrecht,NH,52.333333333333336,4.916666666666667
NLDWA,NL,DWA,Dodewaard,Dodewaard,,51.916666666666664,5.65
NLDZL,NL,DZL,Delfzijl,Delfzijl,,52.516666666666666,6.933333333333334
NLEFE,NL,EFE,Eefde,Eefde,GE,52.166666666666664,6.233333333333333
NLEHU,NL,EHU,Echtenerbrug,Echtenerbrug,FR,52.86666666666667,5.816666666666666
NLEIN,NL,EIN,Eindhoven,Eindhoven,NB,51.45,5.466666666666667
NLEKK,NL,EKK,Ekkersrijt,Ekkersrijt,NB,51.5,5.466666666666667
NLELX,NL,ELX,Ell,Ell,LI,51.21666666666667,5.8
NLEPL,NL,EPL,Empel,Empel,NB,51.733333333333334,5.333333333333333
NLERA,NL,ERA,Erica,Erica,DR,52.71666666666667,6.933333333333334
NLEWK,NL,EWK,Ewijk,Ewijk,GE,51.86666666666667,5.733333333333333
NLEWO,NL,EWO,Eernewoude,Eernewoude,FR,53.13333333333333,5.933333333333334
NLEXZ,NL,EXZ,Exmorrazijl,Exmorrazijl,FR,53.06666666666667,5.466666666666667
NLFKP,NL,FKP,Fraamklap,Fraamklap,GR,53.333333333333336,6.633333333333333
NLGBG,NL,GBG,Gramsbergen,Gramsbergen,OV,52.61666666666667,6.683333333333334
NLGDO,NL,GDO,Groot Dochteren,Groot Dochteren,GE,52.166666666666664,6.366666666666666
NLGE7,NL,GE7,Meteren,Meteren,GE,51.86666666666667,5.283333333333333
NLGET,NL,GET,Gendt,Gendt,GE,51.88333333333333,5.966666666666667
NLGHO,NL,GHO,Giethoorn,Giethoorn,OV,52.733333333333334,6.066666666666666
NLGKN,NL,GKN,Gaarkeuken,Gaarkeuken,GR,53.25,6.316666666666666
NLGLL,NL,GLL,Geulle,Geulle,LI,50.916666666666664,5.733333333333333
NLGRA,NL,GRA,'s-Gravendeel,'s-Gravendeel,ZH,51.78333333333333,4.616666666666667
NLGRK,NL,GRK,Groenendijk,Groenendijk,,52.13333333333333,4.566666666666666
NLGRW,NL,GRW,Groeneweg,Groeneweg,ZH,51.983333333333334,4.6
NLGRZ,NL,GRZ,'s-Gravenzande,'s-Gravenzande,ZH,52.0,4.166666666666667
NLGSS,NL,GSS,Gasselternijveen,Gasselternijveen,DR,52.983333333333334,60.85
NLGUN,NL,GUN,Goudriaan,Goudriaan,ZH,51.9,4.9
NLGWD,NL,GWD,Groenewoud,Groenewoud,NB,51.516666666666666,5.616666666666667
NLGWO,NL,GWO,Garmerwolde,Garmerwolde,GR,53.25,6.65
NLGWU,NL,GWU,Geeuwenbrug,Geeuwenbrug,DR,52.86666666666667,6.366666666666666
NLHAN,NL,HAN,Hansweert/Schore,Hansweert/Schore,,51.43333333333333,4.0
NLHAR,NL,HAR,Harlingen,Harlingen,,53.18333333333333,5.433333333333334
NLHBK,NL,HBK,Haaldersbroek,Haaldersbroek,NH,52.483333333333334,4.833333333333333
NLHFN,NL,HFN,Haaften,Haaften,,51.81666666666667,5.216666666666667
NLHGM,NL,HGM,Hoogmade,Hoogmade,ZH,52.166666666666664,4.583333333333333
NLHGS,NL,HGS,Hardinxveld,Hardinxveld,ZH,51.81666666666667,4.866666666666667
NLHKK,NL,HKK,Hoogkerk,Hoogkerk,GR,53.21666666666667,6.5
NLHKM,NL,HKM,Hijkersmilde,Hijkersmilde,DR,52.93333333333333,6.433333333333334
NLHKO,NL,HKO,Hekendorp,Hekendorp,ZH,52.016666666666666,4.816666666666666
NLHLM,NL,HLM,Helmond,Helmond,,51.483333333333334,5.666666666666667
NLHLR,NL,HLR,Haarlemmerliede,Haarlemmerliede,NH,52.38333333333333,4.683333333333334
NLHLW,NL,HLW,Holwerd,Holwerd,FR,53.38333333333333,5.883333333333333
NLHME,NL,HME,Holtheme,Holtheme,OV,52.61666666666667,6.7
NLHMI,NL,HMI,Hoogersmilde,Hoogersmilde,DR,52.9,6.4
NLHNZ,NL,HNZ,Hengstdijk,Hengstdijk,ZE,51.35,4.0
NLHOT,NL,HOT,Holt,Holt,OV,52.53333333333333,6.333333333333333
NLHPE,NL,HPE,Hempens,Hempens,FR,53.18333333333333,5.833333333333333
NLHPL,NL,HPL,Hoofdplaat,Hoofdplaat,ZE,51.36666666666667,3.65
NLHRE,NL,HRE,Haren,Haren,GR,53.166666666666664,6.6
NLHSK,NL,HSK,Harskamp,Harskamp,GE,52.13333333333333,5.75
NLHSO,NL,HSO,Holsloot,Holsloot,DR,52.71666666666667,6.8
NLHST,NL,HST,Haghorst,Haghorst,NB,51.5,5.216666666666667
NLHSW,NL,HSW,Heeswijk,Heeswijk,NB,51.65,5.466666666666667
NLHTB,NL,HTB,'s-Hertogenbosch,'s-Hertogenbosch,NB,51.7,5.316666666666666
NLHTM,NL,HTM,Hattem,Hattem,GE,52.46666666666667,6.066666666666666
NLHUK,NL,HUK,Heukelum,Heukelum,GE,51.86666666666667,5.066666666666666
NLHUM,NL,HUM,Heumen,Heumen,GE,51.766666666666666,5.85
NLHUN,NL,HUN,Hunsel,Hunsel,LI,51.18333333333333,5.816666666666666
NLHVE,NL,HVE,Havelte,Havelte,DR,52.766666666666666,6.25
NLHVH,NL,HVH,Hoek van Holland,Hoek van Holland,,51.96666666666667,4.116666666666666
NLHVK,NL,HVK,Hilvarenbeek,Hilvarenbeek,NB,51.483333333333334,5.133333333333334
NLHXG,NL,HXG,Hardinxveld-Giessendam,Hardinxveld-Giessendam,ZH,51.81666666666667,4.833333333333333
NLHZK,NL,HZK,Hazeldonk,Hazeldonk,NB,51.5,4.733333333333333
NLIJK,NL,IJK,Krabbendijke,Krabbendijke,ZE,51.43333333333333,4.116666666666666
NLIJM,NL,IJM,IJmuiden/Velsen,IJmuiden/Velsen,,52.46666666666667,4.6
NLILO,NL,ILO,Illikhoven,Illikhoven,LI,51.06666666666667,5.816666666666666
NLISM,NL,ISM,IJsselmuiden,IJsselmuiden,OV,52.56666666666667,5.916666666666667
NLITR,NL,ITR,Itteren,Itteren,LI,50.9,5.7
NLKAI,NL,KAI,Krimpen aan den IJssel,Krimpen aan den IJssel,,51.916666666666664,4.6
NLKAT,NL,KAT,Kats,Kats,ZE,51.56666666666667,3.8666666666666667
NLKHO,NL,KHO,Kuikhorne,Kuikhorne,FR,53.25,6.016666666666667
NLKHR,NL,KHR,Kolhorn,Kolhorn,NH,52.8,4.883333333333333
NLKHV,NL,KHV,Ketelhaven,Ketelhaven,FL,52.583333333333336,5.75
NLKLM,NL,KLM,Kollum,Kollum,FR,53.28333333333333,6.15
NLKLV,NL,KLV,Kloosterveen,Kloosterveen,DR,53.0,6.516666666666667
NLKLZ,NL,KLZ,Klazienaveen,Klazienaveen,DR,52.733333333333334,7.0
NLKNT,NL,KNT,Keent,Keent,NB,51.7,5.7
NLKPE,NL,KPE,Kelpen,Kelpen,LI,51.21666666666667,5.833333333333333
NLKRD,NL,KRD,Kerkdriel,Kerkdriel,,51.766666666666666,5.333333333333333
NLKRE,NL,KRE,Kreil,Kreil,NH,52.8,4.866666666666667
NLKRI,NL,KRI,'t Kruis,'t Kruis,NH,52.65,4.85
NLKTN,NL,KTN,Kantens,Kantens,GR,53.36666666666667,6.633333333333333
NLKTV,NL,KTV,Katerveer,Katerveer,OV,52.5,6.066666666666666
NLKWR,NL,KWR,Katwijk aan den Rijn,Katwijk aan den Rijn,ZH,52.2,4.416666666666667
NLKZV,NL,KZV,Keizersveer,Keizersveer,NB,51.71666666666667,4.9
NLLEN,NL,LEN,Lieren,Lieren,GE,52.166666666666664,60.0
NLLEO,NL,LEO,Leons,Leons,FR,53.11666666666667,5.466666666666667
NLLES,NL,LES,Leens,Leens,GR,53.36666666666667,6.383333333333334
NLLGD,NL,LGD,Lageland,Lageland,GR,53.233333333333334,6.716666666666667
NLLGI,NL,LGI,Langelille,Langelille,FR,52.85,5.85
NLLIJ,NL,LIJ,Lijnden,Lijnden,NH,52.35,4.766666666666667
NLLME,NL,LME,Limmel,Limmel,LI,50.86666666666667,5.7
NLLNO,NL,LNO,Loenersloot,Loenersloot,UT,52.233333333333334,5.0
NLLRU,NL,LRU,Leimuiderbrug,Leimuiderbrug,NH,52.233333333333334,4.666666666666667
NLLTO,NL,LTO,Lithoijen,Lithoijen,NB,51.8,5.466666666666667
NLLWE,NL,LWE,Lalleweer,Lalleweer,GR,53.28333333333333,7.0
NLLWG,NL,LWG,Langeweg,Langeweg,NB,51.65,4.666666666666667
NLLWO,NL,LWO,Lippenwoude,Lippenwoude,FR,52.96666666666667,5.65
NLLZA,NL,LZA,Lage Zwaluwe,Lage Zwaluwe,NB,51.71666666666667,4.733333333333333
NLMAK,NL,MAK,Makkum,Makkum,FR,53.05,5.4
NLMDG,NL,MDG,Muiderberg,Muiderberg,NH,52.333333333333336,5.116666666666666
NLMDI,NL,MDI,Middenbeemster,Middenbeemster,NH,52.55,40.916666666666664
NLMDU,NL,MDU,Middelstum,Middelstum,GR,53.35,6.65
NLMGT,NL,MGT,Molengat,Molengat,NH,53.05,4.65
NLMHU,NL,MHU,Maarhuizen,Maarhuizen,GR,53.35,6.5
NLMIE,NL,MIE,Mierlo,Mierlo,NB,51.43333333333333,5.616666666666667
NLMJA,NL,MJA,Mandjeswaard,Mandjeswaard,OV,52.56666666666667,5.916666666666667
NLMKE,NL,MKE,Munnekeburen,Munnekeburen,FR,52.85,5.883333333333333
NLMKM,NL,MKM,Wonseradeel/Makkum,Wonseradeel/Makkum,FR,53.05,5.383333333333334
NLMKN,NL,MKN,Marken,Marken,NH,52.46666666666667,5.1
NLMLA,NL,MLA,Middelaar,Middelaar,LI,51.733333333333334,5.916666666666667
NLMLR,NL,MLR,Millingen aan de Rijn,Millingen aan de Rijn,GE,51.86666666666667,6.05
NLMNH,NL,MNH,Mijnsheerenland,Mijnsheerenland,,51.8,4.483333333333333
NLMNU,NL,MNU,Menaldum,Menaldum,FR,53.21666666666667,5.666666666666667
NLMOE,NL,MOE,Moerdijk,Moerdijk,,51.68333333333333,4.566666666666666
NLMOK,NL,MOK,Mook,Mook,LI,51.75,5.883333333333333
NLMOL,NL,MOL,Molenhoek,Molenhoek,LI,51.766666666666666,5.866666666666667
NLMSW,NL,MSW,Mensingeweer,Mensingeweer,GR,53.35,6.466666666666667
NLMUD,NL,MUD,Muiden,Muiden,NH,52.333333333333336,5.066666666666666
NLMWD,NL,MWD,Midwolda,Midwolda,GR,53.2,7.0
NLN8W,NL,N8W,Nieuwerkerke,Nieuwerkerke,ZE,51.7,3.9
NLNAM,NL,NAM,Nieuw-Amsterdam,Nieuw-Amsterdam,DR,52.71666666666667,6.866666666666667
NLNBG,NL,NBG,Nieuwerbrug,Nieuwerbrug,ZH,52.083333333333336,4.816666666666666
NLNBU,NL,NBU,Nieuwe Brug,Nieuwe Brug,NH,52.36666666666667,4.666666666666667
NLND5,NL,ND5,Dreischor,Dreischor,ZE,51.68333333333333,3.9833333333333334
NLNDB,NL,NDB,Nederhorst den Berg,Nederhorst den Berg,,52.266666666666666,5.05
NLNDL,NL,NDL,Noordwijk aan Zee,Noordwijk aan Zee,,52.25,4.433333333333334
NLNEC,NL,NEC,Neck,Neck,NH,52.516666666666666,4.916666666666667
NLNES,NL,NES,Nes,Nes,FR,53.05,5.85
NLNEV,NL,NEV,Veen,Veen,GE,51.78333333333333,5.116666666666666
NLNGV,NL,NGV,Nigtevecht,Nigtevecht,UT,52.28333333333333,5.033333333333333
NLNIE,NL,NIE,Nieuwerkerk aan den IJssel,Nieuwerkerk aan den IJssel,ZH,51.96666666666667,4.616666666666667
NLNIU,NL,NIU,Nieuwdorp,Nieuwdorp,ZE,51.46666666666667,3.7333333333333334
NLNPZ,NL,NPZ,Usquert,Usquert,GR,53.43333333333333,6.55
NLNRG,NL,NRG,Norg,Norg,,53.05,6.45
NLNSA,NL,NSA,Nes aan de Amstel,Nes aan de Amstel,NH,52.266666666666666,4.883333333333333
NLNSD,NL,NSD,Nieuw-Scheemda,Nieuw-Scheemda,GR,53.2,6.933333333333334
NLNST,NL,NST,Nederasselt,Nederasselt,,51.766666666666666,5.75
NLNSU,NL,NSU,Nessersluis,Nessersluis,UT,52.25,4.866666666666667
NLNSZ,NL,NSZ,Nieuwe Statenzijl,Nieuwe Statenzijl,GR,53.233333333333334,7.2
NLNTJ,NL,NTJ,Neeltje Jans,Neeltje Jans,ZE,53.63333333333333,3.7
NLNWJ,NL,NWJ,Noordwelle,Noordwelle,ZE,51.71666666666667,3.8
NLNWO,NL,NWO,Nieuwolda,Nieuwolda,GR,53.25,6.983333333333333
NLNZ8,NL,NZ8,Noordeloos,Noordeloos,ZH,51.9,4.95
NLNZJ,NL,NZJ,Nijezijl,Nijezijl,FR,53.0,5.616666666666667
NLODL,NL,ODL,Odiliapeel,Odiliapeel,NB,51.65,5.7
NLODR,NL,ODR,Ouderkerk aan de Amstel,Ouderkerk aan de Amstel,NH,52.3,4.9
NLOGA,NL,OGA,Oudega,Oudega,,53.0,5.55
NLOGP,NL,OGP,Ooltgensplaat,Ooltgensplaat,ZH,51.68333333333333,4.35
NLOHI,NL,OHI,Oudeschild,Oudeschild,NH,53.03333333333333,4.866666666666667
NLOHM,NL,OHM,Oosthem,Oosthem,FR,53.016666666666666,5.6
NLOHW,NL,OHW,Oude Schouw,Oude Schouw,FR,53.06666666666667,5.816666666666666
NLOHZ,NL,OHZ,Oosthuizen,Oosthuizen,NH,52.56666666666667,5.0
NLOLS,NL,OLS,Oosterlittens,Oosterlittens,FR,53.13333333333333,5.65
NLOME,NL,OME,Oostermeer,Oostermeer,FR,53.166666666666664,6.05
NLOMH,NL,OMH,Oostmahorn,Oostmahorn,FR,53.38333333333333,6.166666666666667
NLOOS,NL,OOS,Oosterhout,Oosterhout,NB,51.65,4.883333333333333
NLORJ,NL,ORJ,Oudenrijn,Oudenrijn,UT,52.083333333333336,5.066666666666666
NLORL,NL,ORL,Oterleek,Oterleek,NH,52.63333333333333,4.833333333333333
NLOSG,NL,OSG,Oud-Sabbinge,Oud-Sabbinge,ZE,51.53333333333333,3.8
NLOSK,NL,OSK,Overschild,Overschild,GR,53.28333333333333,6.783333333333333
NLOSS,NL,OSS,Oss,Oss,NB,51.766666666666666,5.533333333333333
NLOVG,NL,OVG,Overberg,Overberg,UT,52.03333333333333,5.5
NLOZL,NL,OZL,Ossenzijl,Ossenzijl,OV,52.8,5.916666666666667
NLOZU,NL,OZU,Oud-Zuilen,Oud-Zuilen,UT,52.13333333333333,5.066666666666666
NLPER,NL,PER,Pernis,Pernis,ZH,51.88333333333333,4.383333333333334
NLPHL,NL,PHL,Panheel,Panheel,,51.18333333333333,5.866666666666667
NLPTG,NL,PTG,Poortugaal,Poortugaal,ZH,51.86666666666667,4.4
NLPZI,NL,PZI,Pieterzijl,Pieterzijl,GR,53.28333333333333,6.266666666666667
NLQCU,NL,QCU,Elst,Elst,,51.916666666666664,5.85
NLRED,NL,RED,Ried,Ried,NB,51.516666666666666,5.016666666666667
NLRIJ,NL,RIJ,Rijs,Rijs,FR,52.86666666666667,5.5
NLRLA,NL,RLA,Rilland,Rilland,ZE,51.416666666666664,4.183333333333334
NLROC,NL,ROC,Rockanje,Rockanje,ZH,51.86666666666667,4.066666666666666
NLRSH,NL,RSH,Rijsenhout,Rijsenhout,,52.25,4.716666666666667
NLRST,NL,RST,Roosteren,Roosteren,LI,51.083333333333336,5.816666666666666
NLRSW,NL,RSW,Rijnsaterwoude,Rijnsaterwoude,,52.2,4.666666666666667
NLRTG,NL,RTG,Rustenburg,Rustenburg,NH,52.63333333333333,4.883333333333333
NLRTM,NL,RTM,Rotterdam,Rotterdam,ZH,51.916666666666664,4.5
NLRUT,NL,RUT,Rutten,Rutten,FL,52.8,5.7
NLSAB,NL,SAB,Saba,Saba,,17.633333333333333,-63.233333333333334
NLSAR,NL,SAR,Sint Andries,Sint Andries,GE,51.8,5.35
NLSAT,NL,SAT,Stad aan 't Haringvliet,Stad aan 't Haringvliet,ZH,51.733333333333334,4.25
NLSBS,NL,SBS,Sijbrandahuis,Sijbrandahuis,FR,53.31666666666667,5.966666666666667
NLSBU,NL,SBU,Schagerbrug,Schagerbrug,NH,52.8,4.766666666666667
NLSCA,NL,SCA,Sprang,Sprang,NB,51.666666666666664,5.05
NLSCE,NL,SCE,Scheveningen,Scheveningen,,52.1,4.25
NLSCH,NL,SCH,Schagen,Schagen,,52.78333333333333,4.783333333333333
NLSDB,NL,SDB,Standdaarbuiten,Standdaarbuiten,NB,51.61666666666667,4.516666666666667
NLSDM,NL,SDM,Stadsdam,Stadsdam,UT,52.083333333333336,5.05
NLSDN,NL,SDN,Steenderen,Steenderen,GE,52.06666666666667,6.183333333333334
NLSDW,NL,SDW,Schildwolde,Schildwolde,GR,53.233333333333334,6.816666666666666
NLSHO,NL,SHO,Schermerhorn,Schermerhorn,NH,52.6,4.883333333333333
NLSKG,NL,SKG,Slijkenburg,Slijkenburg,FR,52.81666666666667,5.85
NLSKL,NL,SKL,Stieltjeskanaal,Stieltjeskanaal,DR,52.68333333333333,6.833333333333333
NLSKM,NL,SKM,Slikkendam,Slikkendam,ZH,52.15,4.85
NLSKW,NL,SKW,Schalkwijk,Schalkwijk,UT,51.983333333333334,5.183333333333334
NLSL7,NL,SL7,Ijsselsteyn,Ijsselsteyn,LI,51.483333333333334,5.9
NLSLD,NL,SLD,Sliedrecht,Sliedrecht,ZH,51.81666666666667,4.766666666666667
NLSLO,NL,SLO,Slochteren,Slochteren,GR,53.21666666666667,6.8
NLSLT,NL,SLT,Sloten,Sloten,FR,52.9,5.65
NLSLU,NL,SLU,Sluiskil,Sluiskil,ZE,51.28333333333333,3.8333333333333335
NLSMG,NL,SMG,Sint Michielsgestel,Sint Michielsgestel,NB,51.63333333333333,5.35
NLSMI,NL,SMI,Smilde,Smilde,DR,52.95,6.45
NLSMO,NL,SMO,Schiermonnikoog,Schiermonnikoog,FR,53.483333333333334,6.166666666666667
NLSMV,NL,SMV,Sint Maartensvlotbrug,Sint Maartensvlotbrug,NH,52.78333333333333,4.716666666666667
NLSMZ,NL,SMZ,Scheemderzwaag,Scheemderzwaag,GR,53.18333333333333,6.95
NLSNN,NL,SNN,Sint-Annaland,Sint-Annaland,ZE,51.6,4.1
NLSON,NL,SON,Son,Son,NB,51.5,5.5
NLSOP,NL,SOP,Stolpen,Stolpen,NH,52.81666666666667,4.716666666666667
NLSPT,NL,SPT,Stompetoren,Stompetoren,NH,52.61666666666667,4.816666666666666
NLSPV,NL,SPV,Stolpervlotbrug,Stolpervlotbrug,NH,52.8,4.716666666666667
NLSRD,NL,SRD,Scharendijke,Scharendijke,ZE,51.733333333333334,3.85
NLSRE,NL,SRE,Streefkerk,Streefkerk,ZH,51.9,4.75
NLSRL,NL,SRL,Schoorl,Schoorl,NH,52.733333333333334,4.633333333333333
NLSRT,NL,SRT,Stroe,Stroe,NH,52.93333333333333,4.983333333333333
NLSSO,NL,SSO,Bussloo,Bussloo,GE,52.2,6.133333333333334
NLSVG,NL,SVG,Sas van Gent,Sas van Gent,,51.233333333333334,3.8
NLSVN,NL,SVN,Stavenisse,Stavenisse,ZE,51.583333333333336,4.0
NLSWK,NL,SWK,Sleeuwijk,Sleeuwijk,,51.81666666666667,4.95
NLSWL,NL,SWL,Schouwerzijl,Schouwerzijl,GR,53.333333333333336,6.45
NLSZL,NL,SZL,Schoterzijl,Schoterzijl,OV,52.81666666666667,5.8
NLTHD,NL,THD,Ter Heijde,Ter Heijde,ZH,52.03333333333333,4.166666666666667
NLTHE,NL,THE,'t Horntje,'t Horntje,NH,53.0,4.783333333333333
NLTKM,NL,TKM,Tolkamer,Tolkamer,GE,51.85,6.1
NLTKW,NL,TKW,Tjerkwerd,Tjerkwerd,FR,53.05,5.5
NLTMZ,NL,TMZ,Termunterzijl,Termunterzijl,GR,53.3,7.033333333333333
NLTNZ,NL,TNZ,Terneuzen,Terneuzen,,51.46666666666667,3.8166666666666664
NLTOK,NL,TOK,Tollebeek,Tollebeek,FL,52.68333333333333,5.683333333333334
NLTRO,NL,TRO,Terhorne,Terhorne,FR,53.03333333333333,5.783333333333333
NLTSL,NL,TSL,Terschelling,Terschelling,FR,53.4,5.35
NLTTE,NL,TTE,Lettele,Lettele,OV,52.28333333333333,6.266666666666667
NLTUL,NL,TUL,Tuil,Tuil,,51.81666666666667,5.233333333333333
NLTWA,NL,TWA,'t Waar,'t Waar,GR,53.21666666666667,6.933333333333334
NLUFE,NL,UFE,Uffelte,Uffelte,DR,52.78333333333333,6.283333333333333
NLUMO,NL,UMO,Urmond,Urmond,LI,51.0,5.766666666666667
NLUTG,NL,UTG,Uitgeest,Uitgeest,NH,52.53333333333333,4.716666666666667
NLUTR,NL,UTR,Uitermeer,Uitermeer,NH,52.3,5.083333333333333
NLVAR,NL,VAR,Varsen,Varsen,OV,52.516666666666666,6.383333333333334
NLVEN,NL,VEN,Venlo,Venlo,LI,51.36666666666667,6.166666666666667
NLVER,NL,VER,Veere,Veere,ZE,51.55,3.6666666666666665
NLVKR,NL,VKR,Volkerak,Volkerak,NB,51.666666666666664,4.283333333333333
NLVKS,NL,VKS,Valkenisse,Valkenisse,ZE,51.5,3.5
NLVLI,NL,VLI,Vlissingen,Vlissingen,,51.45,3.7
NLVNO,NL,VNO,Veenoord,Veenoord,DR,52.71666666666667,6.85
NLVRA,NL,VRA,Vrouwenakker,Vrouwenakker,NH,52.233333333333334,4.783333333333333
NLVSN,NL,VSN,Velsen-Noord,Velsen-Noord,NH,52.46666666666667,4.65
NLVVL,NL,VVL,Vierverlaten,Vierverlaten,GR,53.21666666666667,6.483333333333333
NLVWD,NL,VWD,Vlagtwedde,Vlagtwedde,GR,53.03333333333333,7.116666666666666
NLWAS,NL,WAS,Wanssum,Wanssum,LI,51.53333333333333,6.083333333333333
NLWBK,NL,WBK,Westerbork,Westerbork,DR,52.85,6.6
NLWBO,NL,WBO,Westbroek,Westbroek,GR,52.15,5.133333333333334
NLWCM,NL,WCM,Woudrichem,Woudrichem,,51.81666666666667,5.0
NLWDE,NL,WDE,Waarde,Waarde,ZE,51.416666666666664,4.05
NLWEL,NL,WEL,Well,Well,LI,51.55,6.1
NLWEU,NL,WEU,Weurt,Weurt,GE,51.85,5.816666666666666
NLWGD,NL,WGD,West-Graftdijk,West-Graftdijk,NH,52.55,4.783333333333333
NLWGR,NL,WGR,Wieringermeer,Wieringermeer,NH,52.85,5.016666666666667
NLWHD,NL,WHD,Wilhelminadorp,Wilhelminadorp,ZE,51.53333333333333,3.9
NLWHO,NL,WHO,Wehe-den Hoorn,Wehe-den Hoorn,GR,53.36666666666667,6.416666666666667
NLWHU,NL,WHU,Warfhuizen,Warfhuizen,GR,53.35,6.433333333333334
NLWHZ,NL,WHZ,Waterhuizen,Waterhuizen,GR,53.18333333333333,6.65
NLWIG,NL,WIG,Wijnbergen,Wijnbergen,GE,52.31666666666667,6.016666666666667
NLWKP,NL,WKP,Westkapelle,Westkapelle,ZE,51.516666666666666,3.4333333333333336
NLWKU,NL,WKU,Workum,Workum,FR,52.983333333333334,5.45
NLWMO,NL,WMO,Wormer,Wormer,,52.5,4.816666666666666
NLWNS,NL,WNS,Winsum,Winsum,GR,53.333333333333336,6.516666666666667
NLWRG,NL,WRG,Wieringen/Den Oever,Wieringen/Den Oever,NH,52.93333333333333,5.033333333333333
NLWRP,NL,WRP,Welsrijp,Welsrijp,FR,53.166666666666664,5.6
NLWSO,NL,WSO,Walsoorden,Walsoorden,ZE,51.38333333333333,4.033333333333333
NLZBO,NL,ZBO,Zuidbroek,Zuidbroek,GR,53.166666666666664,6.866666666666667
NLZDL,NL,ZDL,Zuidlaren,Zuidlaren,DR,53.1,6.683333333333334
NLZE5,NL,ZE5,Scherpenisse,Scherpenisse,ZE,51.55,4.1
NLZEW,NL,ZEW,Zeewolde,Zeewolde,FL,52.35,5.55
NLZHO,NL,ZHO,Zwaanshoek,Zwaanshoek,NH,52.31666666666667,4.616666666666667
NLZLD,NL,ZLD,Zoutelande,Zoutelande,ZE,51.5,3.466666666666667
NLZOU,NL,ZOU,Zoeterwoude,Zoeterwoude,ZH,52.11666666666667,4.5
NLZPO,NL,ZPO,Zandpol,Zandpol,DR,52.7,6.866666666666667
NLZPS,NL,ZPS,Zijpersluis,Zijpersluis,NH,52.733333333333334,4.683333333333334
NLZVG,NL,ZVG,Zevenbergen,Zevenbergen,NB,51.733333333333334,5.566666666666666
NLZWN,NL,ZWN,Zwinderen,Zwinderen,DR,52.733333333333334,6.683333333333334
NOAAA,NO,AAA,Å i Lofoten,A i Lofoten,18,67.88333333333334,12.983333333333333
NOAAV,NO,AAV,Ålvik,Alvik,12,60.416666666666664,6.416666666666667
NOABE,NO,ABE,Abelnes,Abelnes,10,58.233333333333334,6.666666666666667
NOABV,NO,ABV,Abelvær,Abelvar,17,64.73333333333333,11.183333333333334
NOADN,NO,ADN,Andenes,Andenes,18,69.31666666666666,16.133333333333333
NOAES,NO,AES,Ålesund,Alesund,15,62.46666666666667,6.15
NOAFS,NO,AFS,Anfinnsletta,Anfinnsletta,18,68.33333333333333,15.433333333333334
NOAFT,NO,AFT,Agnefest,Agnefest,10,58.11666666666667,7.033333333333333
NOAGK,NO,AGK,Ågskardet,Agskardet,18,66.71666666666667,13.483333333333333
NOAGO,NO,AGO,Ågotnes,Agotnes,12,60.4,5.016666666666667
NOAHM,NO,AHM,Åheim,Aheim,15,62.03333333333333,5.516666666666667
NOAKK,NO,AKK,Akkarfjord,Akkarfjord,20,70.78333333333333,23.45
NOAKM,NO,AKM,Åkrehamn,Akrehamn,11,59.25,5.166666666666667
NOALE,NO,ALE,Ålefjær,Alefjar,10,58.233333333333334,8.016666666666667
NOALF,NO,ALF,Alta,Alta,20,69.96666666666667,23.233333333333334
NOALV,NO,ALV,Alvika,Alvika,15,62.483333333333334,6.383333333333334
NOAND,NO,AND,Åndalsnes,Andalsnes,15,62.56666666666667,7.7
NOANN,NO,ANN,Sannidal,Sannidal,08,58.88333333333333,9.283333333333333
NOANS,NO,ANS,Ansnes,Ansnes,16,63.63333333333333,9.0
NOARD,NO,ARD,Årdalstangen,Ardalstangen,14,61.233333333333334,7.7
NOARE,NO,ARE,Arendal,Arendal,09,58.45,8.766666666666667
NOARF,NO,ARF,Arnafjord,Arnafjord,14,61.016666666666666,6.383333333333334
NOARH,NO,ARH,Årdal - Hjelmeland,Ardal - Hjelmeland,11,59.15,6.166666666666667
NOARM,NO,ARM,Arnøyhamn,Arnoyhamn,19,70.05,20.633333333333333
NOASV,NO,ASV,Austevoll,Austevoll,12,60.1,5.15
NOATA,NO,ATA,Åtangen,Atangen,08,58.86666666666667,9.35
NOATL,NO,ATL,Atløy,Atloy,14,61.35,4.883333333333333
NOAUE,NO,AUE,Aure,Aure,15,63.266666666666666,8.516666666666667
NOAUK,NO,AUK,Aukra,Aukra,15,62.81666666666667,6.9
NOAUL,NO,AUL,Aurland,Aurland,14,60.9,7.183333333333334
NOAUS,NO,AUS,Austvika,Austvika,18,66.18333333333334,13.233333333333333
NOAVA,NO,AVA,Avaldsnes,Avaldsnes,11,59.35,5.266666666666667
NOAVE,NO,AVE,Averøy,Averoy,15,63.05,7.666666666666667
NOBAF,NO,BAF,Balsfjord,Balsfjord,19,69.23333333333333,19.233333333333334
NOBAL,NO,BAL,Båly,Baly,10,58.03333333333333,7.15
NOBEL,NO,BEL,Bellvika,Bellvika,19,69.78333333333333,18.766666666666666
NOBFJ,NO,BFJ,Bergsfjord,Bergsfjord,20,70.25,21.783333333333335
NOBGN,NO,BGN,Bergneset,Bergneset,19,69.25,19.35
NOBGO,NO,BGO,Bergen,Bergen,12,60.38333333333333,5.316666666666666
NOBJD,NO,BJD,Bjordal,Bjordal,14,61.083333333333336,5.833333333333333
NOBJF,NO,BJF,Båtsfjord,Batsfjord,20,70.63333333333334,29.716666666666665
NOBJU,NO,BJU,Bjugn,Bjugn,16,63.75,9.75
NOBJX,NO,BJX,Bjørkås,Bjorkas,02,59.78333333333333,10.5
NOBJY,NO,BJY,Bjarkøy,Bjarkoy,19,68.98333333333333,16.533333333333335
NOBKS,NO,BKS,Brekstad,Brekstad,16,63.68333333333333,9.683333333333334
NOBKV,NO,BKV,Bjerkvik,Bjerkvik,18,68.55,17.55
NOBLK,NO,BLK,Bleik,Bleik,18,69.26666666666667,15.95
NOBLL,NO,BLL,Ballangen,Ballangen,18,68.33333333333333,16.833333333333332
NOBLO,NO,BLO,Blokken,Blokken,18,68.6,15.383333333333333
NOBLS,NO,BLS,Balestrand,Balestrand,14,61.2,6.533333333333333
NOBLV,NO,BLV,Blomvåg,Blomvag,12,60.53333333333333,4.883333333333333
NOBNN,NO,BNN,Brønnøysund,Bronnoysund,18,65.46666666666667,12.2
NOBOE,NO,BOE,Bøneset - Karmøy,Boneset - Karmoy,11,59.36666666666667,5.283333333333333
NOBOG,NO,BOG,Bogen,Bogen,18,68.51666666666667,16.983333333333334
NOBOK,NO,BOK,Bokn,Bokn,11,59.21666666666667,5.433333333333334
NOBOM,NO,BOM,Bømlo,Bomlo,12,59.6,5.216666666666667
NOBON,NO,BON,Bognes,Bognes,18,68.21666666666667,16.066666666666666
NOBOO,NO,BOO,Bodø,Bodo,18,67.28333333333333,14.366666666666667
NOBOS,NO,BOS,Borkenes,Borkenes,19,68.76666666666667,16.166666666666668
NOBOV,NO,BOV,Bøvågen - Radøy,Bovagen - Radoy,12,60.7,4.916666666666667
NOBRH,NO,BRH,Brensholmen,Brensholmen,19,69.6,18.033333333333335
NOBRN,NO,BRN,Brandasund,Brandasund,12,59.9,5.1
NOBRV,NO,BRV,Brattvåg,Brattvag,15,62.6,6.433333333333334
NOBSD,NO,BSD,Ballstad,Ballstad,18,68.06666666666666,13.55
NOBSF,NO,BSF,Brandsfjord,Brandsfjord,16,64.18333333333334,10.35
NOBTH,NO,BTH,Botnhamn,Botnhamn,19,69.51666666666667,17.9
NOBTN,NO,BTN,Botnaneset - Flora,Botnaneset - Flora,14,61.61666666666667,5.066666666666666
NOBTS,NO,BTS,Brettesnes,Brettesnes,18,68.23333333333333,14.866666666666667
NOBUF,NO,BUF,Burfjord,Burfjord,19,69.93333333333334,22.05
NOBUG,NO,BUG,Bugøynes,Bugoynes,20,69.96666666666667,29.633333333333333
NOBUV,NO,BUV,Buvika,Buvika,16,62.13333333333333,11.7
NOBVB,NO,BVB,Breivikbotn,Breivikbotn,20,70.58333333333333,22.283333333333335
NOBVG,NO,BVG,Berlevåg,Berlevag,20,70.85,29.1
NOBVK,NO,BVK,Brevik,Brevik,08,59.05,9.7
NOBVR,NO,BVR,Breiviga,Breiviga,11,59.083333333333336,5.9
NOBYN,NO,BYN,Byggnes - Karmøy,Byggnes - Karmoy,11,59.3,5.3
NOBYR,NO,BYR,Byrknesøy,Byrknesoy,14,60.9,4.833333333333333
NOBYS,NO,BYS,Bygstad,Bygstad,14,61.38333333333333,5.666666666666667
NODBY,NO,DBY,Nordby,Nordby,02,59.93333333333333,11.566666666666666
NODDY,NO,DDY,Espenesbogen,Espenesbogen,19,69.11666666666666,17.75
NODER,NO,DER,Sperrebotn,Sperrebotn,01,59.45,10.8
NODFJ,NO,DFJ,Dåfjord,Dafjord,19,69.98333333333333,19.4
NODIM,NO,DIM,Dimmelsvik,Dimmelsvik,12,59.95,5.983333333333333
NODIR,NO,DIR,Dirdal,Dirdal,11,58.833333333333336,6.166666666666667
NODJU,NO,DJU,Djupvik,Djupvik,19,69.75,20.5
NODOL,NO,DOL,Dolmøy,Dolmoy,16,63.65,8.783333333333333
NODRG,NO,DRG,Drag,Drag,18,68.03333333333333,16.066666666666666
NODRK,NO,DRK,Drøbak,Drobak,02,59.65,10.616666666666667
NODRM,NO,DRM,Drammen,Drammen,06,59.733333333333334,10.233333333333333
NODSF,NO,DSF,Dale,Dale,14,61.36666666666667,5.416666666666667
NODUS,NO,DUS,Dusavik,Dusavik,11,59.0,5.65
NODYD,NO,DYD,Dyrstad,Dyrstad,14,61.766666666666666,5.183333333333334
NODYL,NO,DYL,Dyrøyhamn,Dyroyhamn,19,69.01666666666667,17.433333333333334
NODYR,NO,DYR,Dyrvik,Dyrvik,16,63.766666666666666,8.833333333333334
NOEDD,NO,EDD,Eidsdal,Eidsdal,15,62.266666666666666,7.166666666666667
NOEDE,NO,EDE,Eide,Eide,15,62.9,7.45
NOEDF,NO,EDF,Eidfjord,Eidfjord,12,60.46666666666667,7.066666666666666
NOEDS,NO,EDS,Eide Sotra,Eide Sotra,12,60.25,5.066666666666666
NOEDT,NO,EDT,Eidet,Eidet,18,68.73333333333333,14.583333333333334
NOEGE,NO,EGE,Egersund,Egersund,11,58.45,6.0
NOEGG,NO,EGG,Eggesbønes,Eggesbones,15,62.31666666666667,5.633333333333333
NOEIF,NO,EIF,Eidangerfjorden,Eidangerfjorden,08,59.06666666666667,9.7
NOEIK,NO,EIK,Eikefjord,Eikefjord,14,61.583333333333336,5.466666666666667
NOEIL,NO,EIL,Eidslandet,Eidslandet,12,60.71666666666667,5.783333333333333
NOEKF,NO,EKF,Eikefet,Eikefet,12,60.7,5.55
NOELL,NO,ELL,Ellingsøy,Ellingsoy,15,62.5,6.333333333333333
NOELN,NO,ELN,Elnesvågen,Elnesvagen,15,62.85,7.133333333333334
NOELO,NO,ELO,Eikelandsosen,Eikelandsosen,12,60.233333333333334,5.75
NOENG,NO,ENG,Engene,Engene,06,59.68333333333333,10.533333333333333
NOERF,NO,ERF,Erfjord - Suldal,Erfjord - Suldal,11,59.333333333333336,6.216666666666667
NOESP,NO,ESP,Espevik,Espevik,11,59.31666666666667,5.666666666666667
NOETN,NO,ETN,Etne,Etne,12,59.65,5.916666666666667
NOEVT,NO,EVT,Evenestangen,Evenestangen,18,68.01666666666667,16.0
NOEVV,NO,EVV,Eivindvik,Eivindvik,14,60.983333333333334,5.083333333333333
NOEYD,NO,EYD,Eydehavn,Eydehavn,09,58.483333333333334,8.866666666666667
NOFAN,NO,FAN,Farsund,Farsund,10,58.083333333333336,6.8
NOFAU,NO,FAU,Fauske,Fauske,18,67.25,15.383333333333333
NOFAX,NO,FAX,Fagerstrand,Fagerstrand,08,59.93333333333333,8.8
NOFBL,NO,FBL,Fiskebøl,Fiskebol,18,68.43333333333334,14.816666666666666
NOFDE,NO,FDE,Førde,Forde,14,61.45,5.833333333333333
NOFED,NO,FED,Fedje,Fedje,12,60.766666666666666,4.7
NOFFB,NO,FFB,Finnfjordbotn,Finnfjordbotn,19,69.21666666666667,18.083333333333332
NOFFD,NO,FFD,Flekkefjord,Flekkefjord,10,58.28333333333333,6.65
NOFIN,NO,FIN,Finneidfjord,Finneidfjord,18,66.18333333333334,13.783333333333333
NOFIT,NO,FIT,Fitjar,Fitjar,12,59.916666666666664,5.316666666666666
NOFJL,NO,FJL,Fjelldal,Fjelldal,18,68.55,16.5
NOFKG,NO,FKG,Frekhaug,Frekhaug,12,60.516666666666666,5.233333333333333
NOFLA,NO,FLA,Flåm,Flam,14,60.86666666666667,7.116666666666666
NOFLM,NO,FLM,Flem,Flem,15,62.68333333333333,6.233333333333333
NOFLO,NO,FLO,Florvåg,Florvag,12,60.416666666666664,5.233333333333333
NOFLR,NO,FLR,Flora,Flora,14,61.6,5.033333333333333
NOFLY,NO,FLY,Flatøy,Flatoy,12,60.53333333333333,5.25
NOFND,NO,FND,Finneid,Finneid,18,67.25,15.416666666666666
NOFNE,NO,FNE,Finnsnes,Finnsnes,19,69.21666666666667,17.966666666666665
NOFNN,NO,FNN,Fonnes,Fonnes,12,60.81666666666667,4.966666666666667
NOFNS,NO,FNS,Fornes,Fornes,19,68.86666666666666,17.466666666666665
NOFNY,NO,FNY,Finnøy,Finnoy,11,59.166666666666664,5.8
NOFOA,NO,FOA,Froan,Froan,16,63.983333333333334,9.083333333333334
NOFOI,NO,FOI,Fossing,Fossing,08,58.93333333333333,9.466666666666667
NOFOL,NO,FOL,Follafoss,Follafoss,17,63.983333333333334,11.1
NOFON,NO,FON,Forøy,Foroy,18,66.73333333333333,13.516666666666667
NOFOR,NO,FOR,Forsand,Forsand,11,58.9,6.083333333333333
NOFOS,NO,FOS,Fosnavåg,Fosnavag,15,62.333333333333336,5.633333333333333
NOFRK,NO,FRK,Fredrikstad,Fredrikstad,01,59.2,10.916666666666666
NOFRO,NO,FRO,Florø,Floro,14,61.6,5.016666666666667
NOFRS,NO,FRS,Forus,Forus,11,58.88333333333333,5.75
NOFSD,NO,FSD,Fjellstrand,Fjellstrand,12,60.21666666666667,5.966666666666667
NOFSK,NO,FSK,Fiskåbygd - Vanylven,Fiskabygd - Vanylven,15,62.1,5.55
NOFSL,NO,FSL,Forsøl,Forsol,20,70.71666666666667,23.816666666666666
NOFST,NO,FST,Fiskarstrand,Fiskarstrand,15,62.45,6.283333333333333
NOFSV,NO,FSV,Festvåg,Festvag,18,67.43333333333334,14.766666666666667
NOFUS,NO,FUS,Fusa,Fusa,12,60.2,5.616666666666667
NOFYS,NO,FYS,Fjærland,Fjarland,14,61.4,6.733333333333333
NOGAM,NO,GAM,Gamvik,Gamvik,20,71.05,28.25
NOGHV,NO,GHV,Gunhildvågen,Gunhildvagen,14,61.583333333333336,5.0
NOGIK,NO,GIK,Gismarvik,Gismarvik,11,59.31666666666667,5.383333333333334
NOGJD,NO,GJD,Gjøsundet,Gjosundet,15,62.53333333333333,6.133333333333334
NOGJV,NO,GJV,Gjesvær,Gjesvar,20,71.1,25.383333333333333
NOGLO,NO,GLO,Glomfjord,Glomfjord,18,66.8,13.933333333333334
NOGOO,NO,GOO,Godøya,Godoya,15,62.46666666666667,6.016666666666667
NOGOT,NO,GOT,Grøtavær,Grotavar,19,68.96666666666667,16.25
NOGPN,NO,GPN,Gaupne,Gaupne,14,61.4,7.3
NOGRD,NO,GRD,Gravdal,Gravdal,18,68.11666666666666,13.5
NOGRF,NO,GRF,Grovfjord,Grovfjord,19,68.68333333333334,17.116666666666667
NOGRP,NO,GRP,Grip,Grip,15,63.21666666666667,7.6
NOGRS,NO,GRS,Grytestranda,Grytestranda,15,62.53333333333333,6.366666666666666
NOGRV,NO,GRV,Granvin,Granvin,12,60.516666666666666,6.7
NOGRY,NO,GRY,Gryllefjord,Gryllefjord,19,69.36666666666666,17.083333333333332
NOGTD,NO,GTD,Grimstad,Grimstad,09,58.333333333333336,8.583333333333334
NOGUD,NO,GUD,Gudvangen,Gudvangen,14,60.85,6.816666666666666
NOGUR,NO,GUR,Gursken,Gursken,15,62.233333333333334,5.566666666666666
NOGUT,NO,GUT,Gutvik,Gutvik,17,65.08333333333333,11.816666666666666
NOHAE,NO,HAE,Hansnes,Hansnes,19,69.96666666666667,19.616666666666667
NOHAL,NO,HAL,Halden,Halden,01,59.1,11.366666666666667
NOHAN,NO,HAN,Halvorshavn,Halvorshavn,06,59.583333333333336,10.616666666666667
NOHAU,NO,HAU,Haugesund,Haugesund,11,59.4,5.25
NOHAV,NO,HAV,Havøysund,Havoysund,20,71.0,24.666666666666668
NOHAZ,NO,HAZ,Halsnøy,Halsnoy,12,59.8,5.716666666666667
NOHBT,NO,HBT,Hamnbukt - Porsanger,Hamnbukt - Porsanger,20,70.08333333333333,25.033333333333335
NOHEF,NO,HEF,Herfjord,Herfjord,16,64.0,10.033333333333333
NOHEK,NO,HEK,Hekkelstrand,Hekkelstrand,18,68.4,16.833333333333332
NOHEL,NO,HEL,Hellvik,Hellvik,11,58.46666666666667,5.866666666666667
NOHEM,NO,HEM,Håeimsvika,Haeimsvika,15,62.483333333333334,6.7
NOHEN,NO,HEN,Henningsvær,Henningsvar,18,68.15,14.216666666666667
NOHER,NO,HER,Hermansverk,Hermansverk,14,61.18333333333333,6.833333333333333
NOHES,NO,HES,Hestvika,Hestvika,16,63.56666666666667,9.2
NOHET,NO,HET,Herøysundet,Heroysundet,12,59.916666666666664,5.783333333333333
NOHEV,NO,HEV,Helligvær,Helligvar,18,67.4,13.533333333333333
NOHEY,NO,HEY,Herøy,Heroy,15,60.333333333333336,5.633333333333333
NOHFL,NO,HFL,Hammerfall,Hammerfall,18,67.4,15.533333333333333
NOHFT,NO,HFT,Hammerfest,Hammerfest,20,70.65,23.666666666666668
NOHGR,NO,HGR,Hegreneset,Hegreneset,12,60.416666666666664,5.3
NOHHA,NO,HHA,Hufthammar,Hufthammar,12,60.11666666666667,5.2
NOHJJ,NO,HJJ,Hjelset,Hjelset,15,62.78333333333333,7.483333333333333
NOHJL,NO,HJL,Hjelmeland,Hjelmeland,11,59.233333333333334,6.183333333333334
NOHJO,NO,HJO,Hjørungavåg,Hjorungavag,15,62.35,6.066666666666666
NOHKR,NO,HKR,Helle - Kragerø,Helle - Kragero,08,58.9,9.4
NOHLB,NO,HLB,Høylandsbygda,Hoylandsbygda,12,59.78333333333333,5.8
NOHLE,NO,HLE,Helle - Forsand,Helle - Forsand,11,58.86666666666667,6.15
NOHLL,NO,HLL,Høllen,Hollen,10,58.083333333333336,7.816666666666666
NOHLS,NO,HLS,Halsa,Halsa,15,63.05,8.216666666666667
NOHMV,NO,HMV,Hummelvik,Hummelvik,20,70.25,21.783333333333335
NOHNE,NO,HNE,Hemnesberget,Hemnesberget,18,66.23333333333333,13.633333333333333
NOHOA,NO,HOA,Holla,Holla,16,63.31666666666667,9.15
NOHOF,NO,HOF,Hof,Hof,07,59.55,10.033333333333333
NOHOG,NO,HOG,Høgset,Hogset,18,67.13333333333334,15.016666666666667
NOHOK,NO,HOK,Hommelvik,Hommelvik,16,63.4,10.766666666666667
NOHOL,NO,HOL,Holmestrand,Holmestrand,07,59.483333333333334,10.3
NOHOO,NO,HOO,Horsøy,Horsoy,12,60.43333333333333,5.166666666666667
NOHOR,NO,HOR,Horten,Horten,07,59.4,10.483333333333333
NOHOT,NO,HOT,Hanøytangen,Hanoytangen,12,60.43333333333333,5.1
NOHOY,NO,HOY,Husøy - Tønsberg,Husoy - Tonsberg,07,59.233333333333334,10.45
NOHRD,NO,HRD,Harstad,Harstad,19,68.78333333333333,16.533333333333335
NOHRI,NO,HRI,Hareid,Hareid,15,62.36666666666667,6.033333333333333
NOHRO,NO,HRO,Herøy,Heroy,18,65.98333333333333,12.3
NOHRR,NO,HRR,Herre,Herre,08,59.1,9.566666666666666
NOHRS,NO,HRS,Harøysundet,Haroysundet,15,62.88333333333333,6.95
NOHRV,NO,HRV,Hordvik,Hordvik,12,60.516666666666666,5.3
NOHRY,NO,HRY,Herøya,Heroya,08,59.11666666666667,9.616666666666667
NOHSA,NO,HSA,Halsa Meløy,Halsa Meloy,18,66.73333333333333,13.516666666666667
NOHSL,NO,HSL,Hovland,Hovland,12,60.233333333333334,6.616666666666667
NOHSO,NO,HSO,Husøy - Karmøy,Husoy - Karmoy,11,59.333333333333336,5.3
NOHSS,NO,HSS,Husøy - Lenvik,Husoy - Lenvik,19,69.53333333333333,17.666666666666668
NOHSV,NO,HSV,Hausvikstrand,Hausvikstrand,10,58.03333333333333,6.983333333333333
NOHSY,NO,HSY,Hellesylt,Hellesylt,15,62.083333333333336,6.866666666666667
NOHUD,NO,HUD,Hundeidvika,Hundeidvika,15,62.36666666666667,6.416666666666667
NOHUS,NO,HUS,Husnes,Husnes,12,59.86666666666667,5.766666666666667
NOHVG,NO,HVG,Honningsvåg,Honningsvag,20,70.96666666666667,25.966666666666665
NOHVI,NO,HVI,Håvik,Havik,18,59.3,5.316666666666666
NOHVK,NO,HVK,Hasvik,Hasvik,20,70.46666666666667,22.15
NOHVS,NO,HVS,Hvasser,Hvasser,07,59.083333333333336,10.45
NOHYL,NO,HYL,Hyllestad,Hyllestad,14,61.166666666666664,5.283333333333333
NOHYR,NO,HYR,Høyanger,Hoyanger,14,61.21666666666667,6.05
NOIDR,NO,IDR,Inndyr,Inndyr,18,67.03333333333333,14.016666666666667
NOIGE,NO,IGE,Igerøy,Igeroy,18,65.68333333333334,12.133333333333333
NOIGL,NO,IGL,Iglandsvik,Iglandsvik,14,61.833333333333336,4.933333333333334
NOIKA,NO,IKA,Vikan,Vikan,18,67.2,14.55
NOIKR,NO,IKR,Ikornnes,Ikornnes,15,62.38333333333333,6.55
NOINN,NO,INN,Innhavet,Innhavet,18,67.96666666666667,15.916666666666666
NOINV,NO,INV,Innvik,Innvik,14,61.85,6.616666666666667
NOISY,NO,ISY,Ingøy,Ingoy,20,71.08333333333333,24.066666666666666
NOJAN,NO,JAN,Jakobsnes,Jakobsnes,20,69.73333333333333,30.1
NOJEL,NO,JEL,Jelsa,Jelsa,11,59.333333333333336,6.016666666666667
NOJON,NO,JON,Jondal,Jondal,12,60.266666666666666,6.233333333333333
NOJOS,NO,JOS,Jøssingfjord,Jossingfjord,11,58.31666666666667,6.35
NOJOV,NO,JOV,Jøvik,Jovik,19,69.6,19.816666666666666
NOJOY,NO,JOY,Jarlsøy,Jarlsoy,07,59.25,10.466666666666667
NOKAB,NO,KAB,Kabelvåg,Kabelvag,18,68.21666666666667,14.483333333333333
NOKAH,NO,KAH,Kårvikhamn,Karvikhamn,19,69.4,18.15
NOKAN,NO,KAN,Kalvneset,Kalvneset,14,61.93333333333333,5.45
NOKAR,NO,KAR,Kårstø,Karsto,11,59.266666666666666,5.516666666666667
NOKBV,NO,KBV,Kobbvågen,Kobbvagen,18,68.73333333333333,14.533333333333333
NOKDF,NO,KDF,Kaldfjord,Kaldfjord,19,69.68333333333334,18.733333333333334
NOKDL,NO,KDL,Kvanndal,Kvanndal,12,60.483333333333334,6.6
NOKGF,NO,KGF,Kongsfjord,Kongsfjord,20,70.71666666666667,29.316666666666666
NOKIA,NO,KIA,Kvithylla,Kvithylla,16,63.56666666666667,9.9
NOKIL,NO,KIL,Kilvik,Kilvik,18,66.73333333333333,13.9
NOKIR,NO,KIR,Kirkehamn,Kirkehamn,10,58.233333333333334,6.533333333333333
NOKIV,NO,KIV,Kinsarvik,Kinsarvik,12,60.36666666666667,6.716666666666667
NOKJB,NO,KJB,Kjørebonn,Kjorebonn,08,58.9,9.483333333333333
NOKJE,NO,KJE,Kjerringøy,Kjerringoy,18,67.51666666666667,14.766666666666667
NOKJF,NO,KJF,Kjøllefjord,Kjollefjord,20,70.93333333333334,27.333333333333332
NOKJK,NO,KJK,Kjøpsvik,Kjopsvik,18,68.08333333333333,16.35
NOKKK,NO,KKK,Kvelde,Kvelde,,59.2,9.966666666666667
NOKKN,NO,KKN,Kirkenes,Kirkenes,20,69.71666666666667,30.033333333333335
NOKLD,NO,KLD,Kolvereid,Kolvereid,17,63.45,10.416666666666666
NOKLE,NO,KLE,Kleppestø,Kleppesto,12,60.416666666666664,5.233333333333333
NOKMN,NO,KMN,Kårhamn,Karhamn,20,70.55,23.15
NOKMO,NO,KMO,Kambo,Kambo,01,59.46666666666667,10.683333333333334
NOKMS,NO,KMS,Kjøpmannskjær,Kjopmannskjar,07,59.166666666666664,10.366666666666667
NOKOL,NO,KOL,Kollsnes Øst,Kollsnes Ost,12,60.916666666666664,4.883333333333333
NOKON,NO,KON,Kollsnes,Kollsnes,12,60.56666666666667,4.816666666666666
NOKOP,NO,KOP,Kopervik,Kopervik,11,59.28333333333333,5.3
NOKPG,NO,KPG,Kaupanger,Kaupanger,14,61.166666666666664,7.233333333333333
NOKRA,NO,KRA,Kragerø,Kragero,08,58.86666666666667,9.4
NOKRS,NO,KRS,Kristiansand,Kristiansand,10,58.13333333333333,7.983333333333333
NOKRV,NO,KRV,Knarrevik,Knarrevik,12,60.36666666666667,5.15
NOKSU,NO,KSU,Kristiansund,Kristiansund,15,63.1,7.733333333333333
NOKSY,NO,KSY,Kvitsøy,Kvitsoy,11,59.05,5.416666666666667
NOKUV,NO,KUV,Kuvika,Kuvika,20,71.05,25.9
NOKVF,NO,KVF,Kvåfjord,Kvafjord,19,58.03333333333333,7.3
NOKVG,NO,KVG,Kalvåg,Kalvag,14,61.766666666666666,4.883333333333333
NOKVL,NO,KVL,Kristoffervalen,Kristoffervalen,19,70.11666666666666,19.983333333333334
NOKVR,NO,KVR,Kvæfjord,Kvafjord,19,68.76666666666667,16.166666666666668
NOKVS,NO,KVS,Kvalsund,Kvalsund,20,70.5,23.966666666666665
NOKVV,NO,KVV,Kvalvika,Kvalvika,18,67.3,14.383333333333333
NOKYR,NO,KYR,Kyrksæterøra,Kyrksaterora,16,63.28333333333333,9.083333333333334
NOLAD,NO,LAD,Langesund,Langesund,08,59.0,9.733333333333333
NOLAG,NO,LAG,Langevåg,Langevag,12,59.61666666666667,5.25
NOLAN,NO,LAN,Langevåg - Sula,Langevag - Sula,15,62.43333333333333,6.216666666666667
NOLAO,NO,LAO,Langøya,Langoya,07,59.5,10.383333333333333
NOLAR,NO,LAR,Larvik,Larvik,07,59.03333333333333,10.016666666666667
NOLAS,NO,LAS,Lenangen Søndre,Lenangen Sondre,19,69.81666666666666,19.983333333333334
NOLAV,NO,LAV,Lavangen,Lavangen,19,68.75,17.783333333333335
NOLAY,NO,LAY,Lenangsøyra,Lenangsoyra,19,69.81666666666666,19.983333333333334
NOLEA,NO,LEA,Leirvik i Hyllestad,Leirvik i Hyllestad,14,61.11666666666667,5.333333333333333
NOLEF,NO,LEF,Leirfjord,Leirfjord,18,66.05,12.95
NOLEP,NO,LEP,Leirpollen,Leirpollen,20,70.45,28.483333333333334
NOLES,NO,LES,Lenvik,Lenvik,19,69.43333333333334,18.15
NOLEV,NO,LEV,Levanger,Levanger,17,63.75,11.283333333333333
NOLFF,NO,LFF,Listraumen,Listraumen,14,61.13333333333333,5.2
NOLGS,NO,LGS,Langstein,Langstein,17,63.55,10.883333333333333
NOLIA,NO,LIA,Liavåg,Liavag,15,62.35,6.066666666666666
NOLID,NO,LID,Liland,Liland,18,68.33333333333333,14.75
NOLIL,NO,LIL,Lillesand,Lillesand,09,58.233333333333334,8.366666666666667
NOLIT,NO,LIT,Litangen,Litangen,08,58.85,9.3
NOLKN,NO,LKN,Leknes,Leknes,18,68.15,13.6
NOLKV,NO,LKV,Leksvik,Leksvik,17,63.666666666666664,10.616666666666667
NOLNE,NO,LNE,Leines,Leines,18,67.73333333333333,14.766666666666667
NOLOD,NO,LOD,Lødingen,Lodingen,18,68.41666666666667,15.983333333333333
NOLOE,NO,LOE,Loen,Loen,14,61.86666666666667,6.833333333333333
NOLON,NO,LON,Lonevåg,Lonevag,12,60.53333333333333,5.483333333333333
NOLOV,NO,LOV,Lovund,Lovund,18,66.36666666666666,12.383333333333333
NOLRA,NO,LRA,Lura,Lura,11,58.86666666666667,5.733333333333333
NOLRD,NO,LRD,Lærdal,Lardal,14,61.1,7.45
NOLRE,NO,LRE,Lessremman,Lessremman,18,65.36666666666666,12.483333333333333
NOLRI,NO,LRI,Leirvik,Leirvik,12,59.766666666666666,5.5
NOLRK,NO,LRK,Larkollen,Larkollen,01,59.333333333333336,10.65
NOLSU,NO,LSU,Lysøysund,Lysoysund,16,63.88333333333333,9.866666666666667
NOLUL,NO,LUL,Lutelandet,Lutelandet,14,61.25,4.966666666666667
NOLUR,NO,LUR,Lurøy,Luroy,18,66.41666666666667,12.833333333333334
NOLUS,NO,LUS,Luster,Luster,14,61.43333333333333,7.45
NOLVG,NO,LVG,Laksevåg,Laksevag,12,60.38333333333333,5.3
NOLVK,NO,LVK,Laukvik,Laukvik,18,68.38333333333334,14.416666666666666
NOLYD,NO,LYD,Lyngseidet,Lyngseidet,19,69.58333333333333,20.216666666666665
NOLYF,NO,LYF,Lysebotn,Lysebotn,11,59.05,6.666666666666667
NOLYS,NO,LYS,Lysaker,Lysaker,02,59.9,10.6
NOMAH,NO,MAH,Maurholen,Maurholen,11,58.46666666666667,5.916666666666667
NOMAN,NO,MAN,Mandal,Mandal,10,58.016666666666666,7.45
NOMAT,NO,MAT,Matre - Masfjorden,Matre - Masfjorden,12,60.88333333333333,5.566666666666666
NOMAU,NO,MAU,Mausund,Mausund,16,63.86666666666667,8.666666666666666
NOMAY,NO,MAY,Måløy,Maloy,14,61.93333333333333,5.1
NOMEH,NO,MEH,Mehamn,Mehamn,20,71.03333333333333,27.833333333333332
NOMEL,NO,MEL,Melbu,Melbu,18,68.48333333333333,14.8
NOMEN,NO,MEN,Menstad,Menstad,08,59.166666666666664,9.633333333333333
NOMEV,NO,MEV,Melsomvik,Melsomvik,07,59.21666666666667,10.333333333333334
NOMGR,NO,MGR,Manger,Manger,12,60.63333333333333,5.0
NOMID,NO,MID,Midsund,Midsund,15,62.666666666666664,6.666666666666667
NOMIS,NO,MIS,Misvær,Misvar,18,67.11666666666666,14.983333333333333
NOMIT,NO,MIT,Misten,Misten,18,67.45,14.733333333333333
NOMJF,NO,MJF,Mosjøen,Mosjoen,18,65.83333333333333,13.2
NOMLK,NO,MLK,Melkøya,Melkoya,20,70.68333333333334,23.6
NOMLM,NO,MLM,Malm,Malm,17,64.06666666666666,11.233333333333333
NOMLS,NO,MLS,Melhus,Melhus,16,63.28333333333333,10.266666666666667
NOMLT,NO,MLT,Moldtustranda,Moldtustranda,15,62.28333333333333,5.616666666666667
NOMOB,NO,MOB,Mongstadbase,Mongstadbase,12,60.8,5.066666666666666
NOMOL,NO,MOL,Molde,Molde,15,62.733333333333334,7.15
NOMON,NO,MON,Mongstad,Mongstad,12,60.81666666666667,5.016666666666667
NOMOR,NO,MOR,Mørsvikbotn,Morsvikbotn,18,67.7,15.833333333333334
NOMOS,NO,MOS,Mosterhamn,Mosterhamn,12,59.7,5.383333333333334
NOMOV,NO,MOV,Mølstrevåg,Molstrevag,12,59.516666666666666,5.266666666666667
NOMQN,NO,MQN,Mo i Rana,Mo i Rana,18,66.31666666666666,14.133333333333333
NOMRV,NO,MRV,Muruvika,Muruvika,16,63.43333333333333,10.833333333333334
NOMSD,NO,MSD,Mjølstadneset,Mjolstadneset,15,62.31666666666667,5.666666666666667
NOMSK,NO,MSK,Moskenes,Moskenes,18,67.88333333333334,13.033333333333333
NOMSS,NO,MSS,Moss,Moss,01,59.416666666666664,10.65
NOMVV,NO,MVV,Mjølkevikvarden,Mjolkevikvarden,12,60.55,4.983333333333333
NONEV,NO,NEV,Nevlunghamn,Nevlunghamn,07,58.96666666666667,9.866666666666667
NONFD,NO,NFD,Nordfjordeid,Nordfjordeid,14,61.9,5.983333333333333
NONFO,NO,NFO,Nordfosen,Nordfosen,16,63.95,10.183333333333334
NONHS,NO,NHS,Norheimsund,Norheimsund,12,60.36666666666667,6.133333333333334
NONIA,NO,NIA,Hammarvika - Frøya,Hammarvika - Froya,16,63.68333333333333,8.8
NONKB,NO,NKB,Nordkjosbotn,Nordkjosbotn,19,69.23333333333333,19.35
NONOL,NO,NOL,Nordlenangen,Nordlenangen,19,69.91666666666667,20.166666666666668
NONOM,NO,NOM,Nordmela,Nordmela,18,69.13333333333334,15.683333333333334
NONSF,NO,NSF,Nordskaget - Frøya,Nordskaget - Froya,16,63.71666666666667,8.566666666666666
NONSN,NO,NSN,Nesna,Nesna,18,66.2,13.016666666666667
NONVK,NO,NVK,Narvik,Narvik,18,68.41666666666667,17.416666666666668
NONYE,NO,NYE,Nyelv,Nyelv,20,70.08333333333333,28.866666666666667
NONYH,NO,NYH,Nyhamna,Nyhamna,15,62.85,6.95
NONZC,NO,NZC,Larsnes,Larsnes,15,62.21666666666667,5.6
NONZL,NO,NZL,Glesvær,Glesvar,12,60.2,5.033333333333333
NONZY,NO,NZY,Tromsdalen,Tromsdalen,19,69.65,19.016666666666666
NOODD,NO,ODD,Odda,Odda,12,60.06666666666667,6.533333333333333
NOOKF,NO,OKF,Øksfjord,Oksfjord,20,70.23333333333333,22.333333333333332
NOOLD,NO,OLD,Olden,Olden,14,61.833333333333336,6.8
NOOLL,NO,OLL,Olderdalen,Olderdalen,19,69.6,20.516666666666666
NOOLN,NO,OLN,Ølen,Olen,11,59.6,5.8
NOOLR,NO,OLR,Oldervik,Oldervik,19,69.75,19.683333333333334
NOOLT,NO,OLT,Frafjord,Frafjord,11,58.833333333333336,6.3
NOOLV,NO,OLV,Ølve,Olve,12,60.016666666666666,5.8
NOOMA,NO,OMA,Omastranda,Omastranda,12,60.21666666666667,5.966666666666667
NOOMB,NO,OMB,Ombo,Ombo,11,59.233333333333334,6.016666666666667
NOOOS,NO,OOS,Os,Os,12,60.166666666666664,5.466666666666667
NOORK,NO,ORK,Orkanger,Orkanger,16,63.31666666666667,9.833333333333334
NOORS,NO,ORS,Ørsta,Orsta,15,62.18333333333333,6.083333333333333
NOORV,NO,ORV,Ortnevik,Ortnevik,14,61.1,6.133333333333334
NOOSE,NO,OSE,Osnes - Vindafjord,Osnes - Vindafjord,11,59.583333333333336,5.566666666666666
NOOSL,NO,OSL,Oslo,Oslo,03,59.9,10.733333333333333
NOOSY,NO,OSY,Namsos,Namsos,17,64.45,11.5
NOOTA,NO,OTA,Ottersøya,Ottersoya,18,64.85,11.283333333333333
NOOTO,NO,OTO,Ottersøy,Ottersoy,17,64.86666666666666,11.283333333333333
NOOYB,NO,OYB,Bogøy,Bogoy,18,67.9,15.183333333333334
NOPOR,NO,POR,Porsgrunn,Porsgrunn,08,59.13333333333333,9.633333333333333
NORAF,NO,RAF,Rafnes,Rafnes,08,59.1,9.566666666666666
NORAM,NO,RAM,Ramsund,Ramsund,18,68.48333333333333,16.5
NORBV,NO,RBV,Raudbergvika,Raudbergvika,15,62.266666666666666,7.05
NORDB,NO,RDB,Randaberg,Randaberg,11,59.0,5.633333333333333
NOREE,NO,REE,Re,Re,07,59.483333333333334,10.366666666666667
NOREK,NO,REK,Rekefjord,Rekefjord,11,58.333333333333336,6.25
NOREN,NO,REN,Rennesøy,Rennesoy,11,59.083333333333336,5.683333333333334
NOREP,NO,REP,Repparfjord,Repparfjord,20,70.45,24.283333333333335
NORES,NO,RES,Raunes - Vindafjord,Raunes - Vindafjord,11,59.43333333333333,5.75
NORET,NO,RET,Røst,Rost,18,67.51666666666667,12.133333333333333
NORFJ,NO,RFJ,Reinfjord,Reinfjord,19,70.1,21.6
NORIS,NO,RIS,Risør,Risor,09,58.71666666666667,9.233333333333333
NORIV,NO,RIV,Risavika,Risavika,11,58.93333333333333,5.6
NORMB,NO,RMB,Ramberg,Ramberg,18,68.08333333333333,13.216666666666667
NORMV,NO,RMV,Ramsvika,Ramsvika,15,62.95,7.4
NOROG,NO,ROG,Rognan,Rognan,18,67.1,15.383333333333333
NOROM,NO,ROM,Gjerdsvika,Gjerdsvika,15,62.25,5.55
NOROV,NO,ROV,Rovde,Rovde,15,62.18333333333333,5.75
NOROY,NO,ROY,Snarøya,Snaroya,02,59.88333333333333,10.616666666666667
NORPV,NO,RPV,Repvåg,Repvag,20,70.75,25.683333333333334
NORSD,NO,RSD,Raudsand,Raudsand,15,62.833333333333336,8.116666666666667
NORSH,NO,RSH,Risøyhamn,Risoyhamn,18,68.96666666666667,15.633333333333333
NORSS,NO,RSS,Rissa,Rissa,16,63.583333333333336,9.966666666666667
NORTL,NO,RTL,Rutledal,Rutledal,14,61.06666666666667,5.216666666666667
NORUB,NO,RUB,Rubbestadneset,Rubbestadneset,12,59.8,5.266666666666667
NORUN,NO,RUN,Runde,Runde,15,62.4,5.666666666666667
NORVK,NO,RVK,Rørvik,Rorvik,17,64.85,11.233333333333333
NORYF,NO,RYF,Rypefjord,Rypefjord,20,70.63333333333334,23.666666666666668
NOSAA,NO,SAA,Skaland,Skaland,19,69.45,17.3
NOSAC,NO,SAC,Salangsverket,Salangsverket,19,68.9,17.716666666666665
NOSAF,NO,SAF,Sandeid,Sandeid,11,59.55,5.833333333333333
NOSAG,NO,SAG,Vormedal,Vormedal,11,59.35,5.316666666666666
NOSAI,NO,SAI,Sandviksberget,Sandviksberget,16,64.31666666666666,10.45
NOSAK,NO,SAK,Stakkvik,Stakkvik,19,69.95,19.666666666666668
NOSAL,NO,SAL,Salangen,Salangen,19,68.86666666666666,17.816666666666666
NOSAS,NO,SAS,Sandnes,Sandnes,11,58.85,5.733333333333333
NOSAT,NO,SAT,Salten,Salten,18,67.36666666666666,15.583333333333334
NOSAU,NO,SAU,Sauda,Sauda,11,59.63333333333333,6.35
NOSAX,NO,SAX,Sand,Sand,11,59.483333333333334,6.25
NOSAY,NO,SAY,Sandøya,Sandoya,15,68.95,16.666666666666668
NOSBA,NO,SBA,Stord base,Stord base,12,59.75,5.483333333333333
NOSBT,NO,SBT,Botn - Sandnessjøen,Botn - Sandnessjoen,18,66.0,12.65
NOSBU,NO,SBU,Salsbruket,Salsbruket,17,64.8,11.866666666666667
NOSDI,NO,SDI,Sandvika,Sandvika,02,59.88333333333333,10.516666666666667
NOSDT,NO,SDT,Stadlandet,Stadlandet,14,62.13333333333333,5.316666666666666
NOSDZ,NO,SDZ,Stordal,Stordal,15,62.36666666666667,6.983333333333333
NOSEJ,NO,SEJ,Seljeli,Seljeli,18,66.13333333333334,13.583333333333334
NOSEV,NO,SEV,Selva,Selva,16,63.61666666666667,9.733333333333333
NOSGJ,NO,SGJ,Straumsgjerde,Straumsgjerde,15,62.333333333333336,6.583333333333333
NOSGT,NO,SGT,Skorgeneset,Skorgeneset,15,62.56666666666667,7.116666666666666
NOSHT,NO,SHT,Stanghelle,Stanghelle,12,60.55,5.733333333333333
NOSID,NO,SID,Sævareid,Savareid,12,60.18333333333333,5.766666666666667
NOSIH,NO,SIH,Siholmen,Siholmen,16,63.733333333333334,8.833333333333334
NOSIP,NO,SIP,Skipavik - Gulen,Skipavik - Gulen,12,60.85,5.033333333333333
NOSIS,NO,SIS,Sunde,Sunde,12,59.833333333333336,5.716666666666667
NOSJE,NO,SJE,Selje,Selje,14,62.03333333333333,5.333333333333333
NOSJH,NO,SJH,Senjahopen,Senjahopen,19,69.5,17.483333333333334
NOSJO,NO,SJO,Sjøholt,Sjoholt,15,62.46666666666667,6.8
NOSJU,NO,SJU,Sjursøja/Oslo,Sjursoja/Oslo,03,59.88333333333333,10.766666666666667
NOSJV,NO,SJV,Sjøvegan,Sjovegan,19,68.88333333333334,17.833333333333332
NOSKB,NO,SKB,Skibotn,Skibotn,19,69.38333333333334,20.25
NOSKE,NO,SKE,Skien,Skien,08,59.2,9.6
NOSKF,NO,SKF,Skiftun,Skiftun,11,59.28333333333333,6.133333333333334
NOSKH,NO,SKH,Skjærhalden,Skjarhalden,01,59.016666666666666,11.033333333333333
NOSKI,NO,SKI,Skjerkøya,Skjerkoya,08,59.0,9.75
NOSKK,NO,SKK,Stokksund,Stokksund,16,64.03333333333333,10.05
NOSKN,NO,SKN,Stokmarknes,Stokmarknes,18,68.56666666666666,14.9
NOSKU,NO,SKU,Skudeneshavn,Skudeneshavn,11,59.13333333333333,5.266666666666667
NOSKV,NO,SKV,Skålevik,Skalevik,12,60.38333333333333,5.233333333333333
NOSKX,NO,SKX,Skogn,Skogn,17,63.7,11.15
NOSKY,NO,SKY,Skjervøy,Skjervoy,19,70.03333333333333,20.966666666666665
NOSKZ,NO,SKZ,Skarsvåg,Skarsvag,20,71.1,25.816666666666666
NOSLD,NO,SLD,Solund,Solund,14,61.06666666666667,4.833333333333333
NOSLG,NO,SLG,Slagentangen,Slagentangen,07,59.31666666666667,10.5
NOSLH,NO,SLH,Salthella,Salthella,12,60.0,5.116666666666666
NOSLM,NO,SLM,Slemmestad,Slemmestad,06,59.766666666666666,10.483333333333333
NOSLN,NO,SLN,Skjolden,Skjolden,14,61.483333333333334,7.583333333333333
NOSLV,NO,SLV,Sløvåg,Slovag,14,60.85,5.066666666666666
NOSLX,NO,SLX,Sortland,Sortland,18,68.7,15.416666666666666
NOSMO,NO,SMO,Smøla,Smola,15,63.45,8.0
NOSNE,NO,SNE,Søgne,Sogne,10,58.083333333333336,7.816666666666666
NOSNF,NO,SNF,Snefjord,Snefjord,20,70.8,24.566666666666666
NOSNL,NO,SNL,Standal,Standal,15,62.266666666666666,6.433333333333334
NOSNS,NO,SNS,Steinesjøen,Steinesjoen,18,68.6,14.45
NOSNV,NO,SNV,Snekkevik,Snekkevik,08,58.86666666666667,9.3
NOSOG,NO,SOG,Sogndal,Sogndal,14,61.21666666666667,7.1
NOSOJ,NO,SOJ,Sørkjosen,Sorkjosen,19,69.8,20.933333333333334
NOSOR,NO,SOR,Sørarnoy,Sorarnoy,18,67.13333333333334,13.983333333333333
NOSOS,NO,SOS,Svolvær Osan,Svolvar Osan,18,68.23333333333333,14.533333333333333
NOSOV,NO,SOV,Sövik,Sovik,15,62.43333333333333,6.75
NOSOY,NO,SOY,Storøya,Storoya,11,59.416666666666664,5.233333333333333
NOSPG,NO,SPG,Sarpsborg,Sarpsborg,01,59.266666666666666,11.1
NOSPK,NO,SPK,Skipavik,Skipavik,12,60.06666666666667,5.6
NOSPV,NO,SPV,Spjelkavik,Spjelkavik,15,62.45,6.333333333333333
NOSRA,NO,SRA,Sørreisa,Sorreisa,19,69.13333333333334,18.116666666666667
NOSRD,NO,SRD,Sigerfjord,Sigerfjord,18,68.63333333333334,15.533333333333333
NOSRH,NO,SRH,Skarholmen,Skarholmen,12,60.4,5.2
NOSRK,NO,SRK,Skrolsvik,Skrolsvik,19,69.06666666666666,16.816666666666666
NOSRM,NO,SRM,Straumsnes,Straumsnes,18,68.65,14.633333333333333
NOSRN,NO,SRN,Stranda,Stranda,15,62.3,6.933333333333334
NOSRO,NO,SRO,Skrova,Skrova,18,68.16666666666667,14.666666666666666
NOSRP,NO,SRP,Stord,Stord,12,59.75,5.483333333333333
NOSRS,NO,SRS,Storesund,Storesund,11,59.416666666666664,5.266666666666667
NOSRV,NO,SRV,Sirevåg,Sirevag,11,58.5,5.783333333333333
NOSSJ,NO,SSJ,Sandnessjøen,Sandnessjoen,18,66.01666666666667,12.633333333333333
NOSSO,NO,SSO,Straumsjøen,Straumsjoen,18,68.7,14.466666666666667
NOSSS,NO,SSS,Sistranda,Sistranda,16,63.71666666666667,8.833333333333334
NOSTA,NO,STA,Stathelle,Stathelle,08,59.03333333333333,9.7
NOSTB,NO,STB,Storebø,Storebo,12,60.1,5.216666666666667
NOSTE,NO,STE,Steinkjer,Steinkjer,17,64.01666666666667,11.483333333333333
NOSTH,NO,STH,Steinshamn,Steinshamn,15,62.78333333333333,6.483333333333333
NOSTI,NO,STI,Steinvig,Steinvig,11,58.96666666666667,6.0
NOSTJ,NO,STJ,Stjørdal,Stjordal,17,63.46666666666667,10.883333333333333
NOSTO,NO,STO,Stokkvågen,Stokkvagen,18,66.33333333333333,13.0
NOSTR,NO,STR,Stryn,Stryn,14,61.88333333333333,6.7
NOSTU,NO,STU,Stura,Stura,12,60.61666666666667,4.866666666666667
NOSTV,NO,STV,Stavern,Stavern,07,58.983333333333334,10.033333333333333
NOSTX,NO,STX,Stø,Sto,18,69.01666666666667,15.133333333333333
NOSTY,NO,STY,Stjernøya,Stjernoya,20,70.3,22.716666666666665
NOSTZ,NO,STZ,Stranda - Frøya,Stranda - Froya,16,63.8,8.683333333333334
NOSUN,NO,SUN,Sunndalsøra,Sunndalsora,15,62.666666666666664,8.55
NOSUR,NO,SUR,Surnadal,Surnadal,15,62.983333333333334,8.633333333333333
NOSUS,NO,SUS,Susort,Susort,11,59.28333333333333,5.466666666666667
NOSUZ,NO,SUZ,Stamsund,Stamsund,18,68.11666666666666,13.833333333333334
NOSVB,NO,SVB,Svartebukt,Svartebukt,07,59.016666666666666,9.833333333333334
NOSVE,NO,SVE,Svelgen,Svelgen,14,61.766666666666666,5.283333333333333
NOSVG,NO,SVG,Stavanger,Stavanger,11,58.96666666666667,5.75
NOSVI,NO,SVI,Ørnes,Ornes,18,66.86666666666666,13.7
NOSVJ,NO,SVJ,Svolvær,Svolvar,18,68.21666666666667,14.55
NOSVL,NO,SVL,Sævlandsvik,Savlandsvik,11,59.266666666666666,5.183333333333334
NOSVO,NO,SVO,Sveio,Sveio,12,59.55,5.35
NOSVR,NO,SVR,Sørvær,Sorvar,20,70.63333333333334,21.983333333333334
NOSVT,NO,SVT,Stavneset - Rissa,Stavneset - Rissa,16,63.7,9.95
NOSVV,NO,SVV,Svelvik,Svelvik,07,59.6,10.4
NOSYK,NO,SYK,Sykkylven,Sykkylven,15,62.4,6.566666666666666
NOT8N,NO,T8N,Oteren,Oteren,19,69.26666666666667,19.9
NOTAE,NO,TAE,Tananger,Tananger,11,58.916666666666664,5.583333333333333
NOTAL,NO,TAL,Tælavåg,Talavag,12,60.25,4.983333333333333
NOTAU,NO,TAU,Tau,Tau,11,59.05,5.9
NOTAV,NO,TAV,Torangsvåg,Torangsvag,12,60.11666666666667,5.166666666666667
NOTBO,NO,TBO,Tjeldbergodden,Tjeldbergodden,15,63.46666666666667,9.0
NOTJL,NO,TJL,Tjøtta,Tjotta,18,65.81666666666666,12.433333333333334
NOTJR,NO,TJR,Tjørvåg,Tjorvag,15,62.28333333333333,5.733333333333333
NOTJU,NO,TJU,Torjulvågen,Torjulvagen,15,62.983333333333334,8.25
NOTMV,NO,TMV,Tromvik,Tromvik,19,69.78333333333333,18.4
NOTNN,NO,TNN,Tonnes,Tonnes,18,66.51666666666667,13.0
NOTOF,NO,TOF,Tofte - Hurum,Tofte - Hurum,06,59.53333333333333,10.566666666666666
NOTOM,NO,TOM,Tomrefjord,Tomrefjord,15,62.583333333333336,6.916666666666667
NOTON,NO,TON,Tønsberg,Tonsberg,07,59.25,10.416666666666666
NOTOR,NO,TOR,Torsken,Torsken,19,69.33333333333333,17.1
NOTOS,NO,TOS,Tromsø,Tromso,19,69.66666666666667,18.966666666666665
NOTOV,NO,TOV,Tovik,Tovik,19,68.68333333333334,16.9
NOTOY,NO,TOY,Thorøya,Thoroya,07,59.1,10.233333333333333
NOTRD,NO,TRD,Trondheim,Trondheim,16,63.43333333333333,10.4
NOTRF,NO,TRF,Sandefjord,Sandefjord,07,59.11666666666667,10.216666666666667
NOTRN,NO,TRN,Træna,Trana,18,66.5,12.1
NOTRO,NO,TRO,Trollåsen,Trollasen,02,60.03333333333333,10.033333333333333
NOTSB,NO,TSB,Tyssebotn,Tyssebotn,12,60.61666666666667,5.583333333333333
NOTSX,NO,TSX,Tyssedal,Tyssedal,12,60.11666666666667,6.55
NOTUF,NO,TUF,Tufjorden,Tufjorden,20,71.0,23.9
NOTVA,NO,TVA,Torsvåg,Torsvag,19,70.25,19.5
NOTVE,NO,TVE,Tvedestrand,Tvedestrand,09,58.61666666666667,8.916666666666666
NOTVI,NO,TVI,Torvika,Torvika,15,62.333333333333336,5.733333333333333
NOTYT,NO,TYT,Tytebærvika,Tytebarvika,19,69.6,19.966666666666665
NOUBO,NO,UBO,Uløybukt,Uloybukt,19,69.85,20.7
NOULE,NO,ULE,Ulstein,Ulstein,15,62.36666666666667,5.816666666666666
NOULL,NO,ULL,Ullensvang,Ullensvang,12,60.31666666666667,6.65
NOULS,NO,ULS,Ulsteinvik,Ulsteinvik,15,62.333333333333336,5.833333333333333
NOUME,NO,UME,Straume,Straume,12,60.31666666666667,5.283333333333333
NOUND,NO,UND,Sund - Karmøy,Sund - Karmoy,11,59.3,5.233333333333333
NOUSD,NO,USD,Uskedalen,Uskedalen,12,59.93333333333333,5.85
NOUTG,NO,UTG,Utgårdskilen,Utgardskilen,01,59.083333333333336,10.866666666666667
NOUTH,NO,UTH,Uthaug,Uthaug,16,63.71666666666667,9.6
NOUTN,NO,UTN,Utne,Utne,12,60.416666666666664,6.6
NOUTS,NO,UTS,Utsira,Utsira,11,59.3,4.883333333333333
NOUTV,NO,UTV,Utvorda,Utvorda,17,64.6,10.95
NOUVK,NO,UVK,Ulvik,Ulvik,12,60.56666666666667,6.916666666666667
NOVAD,NO,VAD,Valldal,Valldal,15,62.3,7.266666666666667
NOVAE,NO,VAE,Valsneset,Valsneset,16,63.81666666666667,9.633333333333333
NOVAG,NO,VAG,Valevåg,Valevag,12,59.7,5.466666666666667
NOVAK,NO,VAK,Vaksdal,Vaksdal,12,60.46666666666667,5.733333333333333
NOVAL,NO,VAL,Valløy,Valloy,07,59.266666666666666,10.5
NOVAN,NO,VAN,Vanvikan-Leksvik,Vanvikan-Leksvik,17,63.55,10.233333333333333
NOVAO,NO,VAO,Vardø,Vardo,20,70.36666666666666,31.1
NOVBE,NO,VBE,Valberg,Valberg,08,58.88333333333333,9.416666666666666
NOVDA,NO,VDA,Volda,Volda,15,62.13333333333333,6.05
NOVDL,NO,VDL,Vistdal,Vistdal,15,62.71666666666667,7.933333333333334
NOVDS,NO,VDS,Vadsø,Vadso,20,70.06666666666666,29.766666666666666
NOVEG,NO,VEG,Vega,Vega,18,65.65,12.0
NOVEO,NO,VEO,Vengsøy,Vengsoy,19,69.83333333333333,18.583333333333332
NOVER,NO,VER,Verdal,Verdal,17,63.78333333333333,11.433333333333334
NOVEY,NO,VEY,Værøy,Varoy,18,67.65,12.7
NOVHM,NO,VHM,Vadheim,Vadheim,14,61.2,5.816666666666666
NOVHN,NO,VHN,Vikholmen,Vikholmen,18,66.2,12.966666666666667
NOVIL,NO,VIL,Vikedal,Vikedal,11,59.5,5.916666666666667
NOVIS,NO,VIS,Vik - Sogn,Vik - Sogn,14,61.083333333333336,6.583333333333333
NOVKK,NO,VKK,Vikkilen,Vikkilen,09,58.36666666666667,8.616666666666667
NOVLL,NO,VLL,Voll,Voll,11,68.2,13.683333333333334
NOVLS,NO,VLS,Vallersund,Vallersund,16,63.85,9.75
NOVMD,NO,VMD,Vedavågen,Vedavagen,11,59.28333333333333,5.233333333333333
NOVNJ,NO,VNJ,Vinjeøra,Vinjeora,16,63.2,8.983333333333333
NOVNN,NO,VNN,Vannavalen,Vannavalen,19,70.11666666666666,19.966666666666665
NOVNS,NO,VNS,Vingsand,Vingsand,16,64.35,10.466666666666667
NOVOH,NO,VOH,Vågaholmen,Vagaholmen,18,66.71666666666667,13.283333333333333
NOVSM,NO,VSM,Vikan - Smøla,Vikan - Smola,15,63.38333333333333,8.2
NOVSN,NO,VSN,Visnes - Eide,Visnes - Eide,15,62.95,7.4
NOVST,NO,VST,Vestnes,Vestnes,15,62.63333333333333,7.066666666666666
NOVTL,NO,VTL,Vartdal,Vartdal,15,62.3,6.066666666666666
NOVTS,NO,VTS,Vats,Vats,11,59.483333333333334,5.733333333333333
NOVVG,NO,VVG,Vågsvåg,Vagsvag,14,61.93333333333333,5.05
NOYTO,NO,YTO,Ytrøy,Ytroy,14,61.083333333333336,4.683333333333334
NOZNJ,NO,ZNJ,Nusfjord,Nusfjord,18,68.03333333333333,13.35
NPLLU,NP,LLU,Nawalparasi,Nawalparasi,LU,27.533333333333335,83.66666666666667
NRINU,NR,INU,Nauru Island,Nauru Island,,-0.55,166.91666666666666
NUALO,NU,ALO,Alofi,Alofi,,-19.05,-169.91666666666666
NZAKA,NZ,AKA,Akaroa,Akaroa,CAN,-43.8,172.95
NZAKL,NZ,AKL,Auckland,Auckland,AUK,-36.833333333333336,174.8
NZBLU,NZ,BLU,Bluff,Bluff,STL,-46.6,168.31666666666666
NZBUW,NZ,BUW,Burnham Wharf,Burnham Wharf,WGN,-41.3,174.8
NZCSA,NZ,CSA,Chelsea,Chelsea,AUK,-36.81666666666667,174.71666666666667
NZDEV,NZ,DEV,Devonport,Devonport,AUK,-36.833333333333336,174.78333333333333
NZDPC,NZ,DPC,Deep Cove,Deep Cove,STL,-45.45,167.15
NZGIS,NZ,GIS,Gisborne,Gisborne,GIS,-38.666666666666664,178.03333333333333
NZGLE,NZ,GLE,Glenavy,Glenavy,CAN,-44.916666666666664,171.1
NZGMN,NZ,GMN,Greymouth,Greymouth,WTC,-42.43333333333333,171.2
NZHMB,NZ,HMB,Tamaki,Tamaki,AUK,-36.88333333333333,174.9
NZKAU,NZ,KAU,Kauri Point,Kauri Point,AUK,-36.81666666666667,174.68333333333334
NZKBZ,NZ,KBZ,Kaikoura,Kaikoura,CAN,-42.416666666666664,173.7
NZLYT,NZ,LYT,Lyttelton,Lyttelton,CAN,-43.6,172.71666666666667
NZMAB,NZ,MAB,Matiatia Bay,Matiatia Bay,AUK,-36.766666666666666,174.96666666666667
NZMAP,NZ,MAP,Marsden Point,Marsden Point,NTL,-35.833333333333336,174.5
NZMFN,NZ,MFN,Milford Sound,Milford Sound,STL,-44.666666666666664,167.91666666666666
NZNPE,NZ,NPE,Napier,Napier,HKB,-39.46666666666667,176.9
NZNPL,NZ,NPL,New Plymouth,New Plymouth,TKI,-39.05,174.01666666666668
NZNSN,NZ,NSN,Nelson,Nelson,NSN,-41.25,173.26666666666668
NZOLT,NZ,OLT,Rolleston,Rolleston,CAN,-43.583333333333336,172.38333333333333
NZONE,NZ,ONE,Onehunga (Manukau Harbour),Onehunga (Manukau Harbour),AUK,-37.0,174.66666666666666
NZOPX,NZ,OPX,Opua,Opua,NTL,-35.31666666666667,174.11666666666667
NZORR,NZ,ORR,Otago Harbour,Otago Harbour,OTA,-45.8,170.61666666666667
NZOTT,NZ,OTT,Otematata,Otematata,CAN,-44.61666666666667,170.26666666666668
NZPCN,NZ,PCN,Picton,Picton,MBH,-41.28333333333333,174.0
NZPOE,NZ,POE,Port Chalmers,Port Chalmers,OTA,-45.81666666666667,170.6
NZPON,NZ,PON,Port Nelson,Port Nelson,,-41.266666666666666,173.26666666666668
NZPOR,NZ,POR,Portland,Portland,NTL,-35.8,174.31666666666666
NZRAV,NZ,RAV,Ravensbourne,Ravensbourne,OTA,-45.86666666666667,170.55
NZRUS,NZ,RUS,Russel,Russel,NTL,-35.266666666666666,174.11666666666667
NZSEA,NZ,SEA,Seaview,Seaview,WGN,-39.46666666666667,176.91666666666666
NZSHB,NZ,SHB,Shelly Bay,Shelly Bay,WGN,-41.28333333333333,174.81666666666666
NZTAK,NZ,TAK,Takapuna,Takapuna,AUK,-36.78333333333333,174.76666666666668
NZTHH,NZ,THH,Taharoa,Taharoa,WKO,-38.15,174.73333333333332
NZTIU,NZ,TIU,Timaru,Timaru,CAN,-44.38333333333333,171.25
NZTKH,NZ,TKH,Tarakohe,Tarakohe,TAS,-40.833333333333336,172.88333333333333
NZTRG,NZ,TRG,Tauranga,Tauranga,BOP,-37.68333333333333,176.16666666666666
NZTRY,NZ,TRY,Tryphena,Tryphena,AUK,-36.3,175.48333333333332
NZTWI,NZ,TWI,Tiwai Point-Bluff Port,Tiwai Point-Bluff Port,STL,-46.583333333333336,168.35
NZWAG,NZ,WAG,Wanganui,Wanganui,MWT,-39.93333333333333,174.98333333333332
NZWHN,NZ,WHN,Whangaparapara,Whangaparapara,AUK,-36.233333333333334,175.38333333333333
NZWHR,NZ,WHR,Whangaroa,Whangaroa,NTL,-35.03333333333333,173.75
NZWKE,NZ,WKE,Waiheke Island,Waiheke Island,AUK,-36.8,175.1
NZWLG,NZ,WLG,Wellington,Wellington,WGN,-41.266666666666666,174.78333333333333
NZWRE,NZ,WRE,Whangarei,Whangarei,NTL,-35.833333333333336,174.48333333333332
NZWSZ,NZ,WSZ,Westport,Westport,WTC,-41.733333333333334,171.58333333333334
NZWTG,NZ,WTG,Waitangi,Waitangi,NTL,-35.25,174.08333333333334
OMDQM,OM,DQM,Duqm,Duqm,WU,19.65,57.7
OMFAH,OM,FAH,Fahal,Fahal,MA,23.683333333333334,58.5
OMMCT,OM,MCT,Muscat,Muscat,MA,23.6,58.583333333333336
OMMFH,OM,MFH,Mina' al Fahl,Mina' al Fahl,MA,23.633333333333333,58.516666666666666
OMMNH,OM,MNH,Al Mudayq,Al Mudayq,BS,23.816666666666666,57.516666666666666
OMOFC,OM,OFC,Sur,Sur,SJ,22.65,59.43333333333333
OMQAL,OM,QAL,Qalhat,Qalhat,SH,22.7,59.36666666666667
OMQUO,OM,QUO,Quoin Island,Quoin Island,,26.583333333333332,56.516666666666666
OMSHI,OM,SHI,Shinas,Shinas,BS,24.733333333333334,56.46666666666667
OMSTQ,OM,STQ,"Mina Sultan Qaboos, Muscat","Mina Sultan Qaboos, Muscat",,23.616666666666667,58.55
OMSUL,OM,SUL,Port Sultan,Port Sultan,,23.616666666666667,58.63333333333333
OMSUW,OM,SUW,Al-Suwaiq,Al-Suwaiq,BJ,23.85,57.43333333333333
PAACO,PA,ACO,Ancon,Ancon,8,8.966666666666667,-79.55
PABAY,PA,BAY,Bayano,Bayano,7,7.633333333333333,-80.38333333333334
PABCC,PA,BCC,Boca Chica,Boca Chica,4,8.216666666666667,-82.21666666666667
PABOC,PA,BOC,Bocas del Toro,Bocas del Toro,1,9.333333333333334,-82.23333333333333
PACHG,PA,CHG,Chiriquí Grande,Chiriqui Grande,,8.95,-82.11666666666666
PACTB,PA,CTB,Cristóbal,Cristobal,3,9.35,-79.9
PACTD,PA,CTD,Chitre,Chitre,6,7.966666666666667,-80.43333333333334
PACZZ,PA,CZZ,Cañazas,Canazas,,8.133333333333333,-80.7
PAG8L,PA,G8L,Gualaca,Gualaca,4,8.533333333333333,-82.3
PAGDE,PA,GDE,Río Grande,Rio Grande,10,7.716666666666667,-81.35
PAHER,PA,HER,Herrera,Herrera,7,7.833333333333333,-80.66666666666667
PAMEL,PA,MEL,Melones,Melones,8,8.8,-79.6
PAONX,PA,ONX,Colón,Colon,3,9.35,-79.86666666666666
PAPBE,PA,PBE,Portobelo,Portobelo,3,9.55,-79.65
PAPBM,PA,PBM,Bahía Las Minas,Bahia Las Minas,3,9.4,-79.83333333333333
PAPCA,PA,PCA,Puerto Caimito,Puerto Caimito,9,8.866666666666667,-79.71666666666667
PAPED,PA,PED,Pedregal,Pedregal,4,8.366666666666667,-82.43333333333334
PAPES,PA,PES,Pesé,Pese,6,7.9,-80.61666666666666
PAPTY,PA,PTY,"Panamá, Ciudad de","Panama, Ciudad de",8,8.966666666666667,-79.53333333333333
PAROD,PA,ROD,Rodman,Rodman,8,8.95,-79.56666666666666
PASCL,PA,SCL,Santa Clara,Santa Clara,,8.383333333333333,-80.11666666666666
PATBG,PA,TBG,Taboguilla,Taboguilla,,8.8,-79.5
PATOC,PA,TOC,Tocumen,Tocumen,8,9.083333333333334,-79.38333333333334
PAVAC,PA,VAC,Vacamonte,Vacamonte,8,8.866666666666667,-79.66666666666667
PEANC,PE,ANC,Ancón,Ancon,LIM,-11.766666666666667,-77.16666666666667
PEBAR,PE,BAR,San Bartolo,San Bartolo,LIM,-12.383333333333333,-76.78333333333333
PECHY,PE,CHY,Chancay,Chancay,LIM,-11.566666666666666,-77.26666666666667
PECLL,PE,CLL,Callao,Callao,LMA,-12.05,-77.13333333333334
PECON,PE,CON,Conchán,Conchan,,-6.416666666666667,-78.66666666666667
PEILQ,PE,ILQ,Ilo,Ilo,MOQ,-17.65,-71.33333333333333
PELAG,PE,LAG,Lagunas,Lagunas,LOR,-5.216666666666667,-75.66666666666667
PELIM,PE,LIM,Lima,Lima,LMA,-12.05,-77.05
PELOO,PE,LOO,Los Organos,Los Organos,,-4.183333333333334,-81.11666666666666
PEPEM,PE,PEM,Puerto Maldonado,Puerto Maldonado,MDD,-12.583333333333334,-69.2
PEPLO,PE,PLO,Punta Lobitos,Punta Lobitos,ANC,-10.083333333333334,-78.18333333333334
PEPMC,PE,PMC,Pampa Melchorita,Pampa Melchorita,LIM,-13.3,-77.78333333333333
PEPUB,PE,PUB,Bayovar,Bayovar,PIU,-5.85,-81.06666666666666
PESJA,PE,SJA,San Juan,San Juan,ICA,-15.366666666666667,-75.16666666666667
PESNX,PE,SNX,San Nicolas,San Nicolas,ICA,-15.266666666666667,-75.23333333333333
PETAG,PE,TAG,Tambo Grande,Tambo Grande,,-16.0,-74.03333333333333
PETDM,PE,TDM,Tambo de Mora,Tambo de Mora,CUS,-13.466666666666667,-76.2
PFAHU,PF,AHU,Ahurei,Ahurei,,-27.616666666666667,-144.35
PFAUT,PF,AUT,Auti,Auti,,-22.483333333333334,-151.33333333333334
PFBOB,PF,BOB,Bora Bora,Bora Bora,,-16.45,-151.75
PFFAT,PF,FAT,Fatu Hiva,Fatu Hiva,,-10.483333333333333,-138.65
PFHHT,PF,HHT,Hereheretue,Hereheretue,,-19.866666666666667,-145.0
PFHIT,PF,HIT,Hitia'a,Hitia'a,-,-17.6,-149.31666666666666
PFIKI,PF,IKI,Ikitake,Ikitake,,-17.833333333333332,-140.85
PFMOE,PF,MOE,Moerai,Moerai,,-22.45,-151.35
PFNHV,PF,NHV,Nuku Hiva,Nuku Hiva,,-8.866666666666667,-140.13333333333333
PFOTP,PF,OTP,Otepa,Otepa,,-18.116666666666667,-140.9
PFPPT,PF,PPT,Papeete,Papeete,,-17.533333333333335,-149.56666666666666
PFRFP,PF,RFP,Raiatea,Raiatea,,-16.733333333333334,-151.46666666666667
PFRVV,PF,RVV,Raivavae,Raivavae,,-23.883333333333333,-147.66666666666666
PFTAI,PF,TAI,Taiohae,Taiohae,,-8.9,-140.1
PFTUP,PF,TUP,Niau,Niau,,-16.116666666666667,-146.36666666666667
PGAIA,PG,AIA,Aiambak,Aiambak,WPD,-7.35,141.26666666666668
PGALC,PG,ALC,Alcester Island,Alcester Island,MBA,-9.566666666666666,152.45
PGAMI,PG,AMI,Amio,Amio,EBR,-6.116666666666666,150.75
PGANB,PG,ANB,Anewa Bay,Anewa Bay,NSB,-6.2,155.55
PGBOI,PG,BOI,Boigu Island,Boigu Island,WPD,-9.266666666666667,142.21666666666667
PGCAU,PG,CAU,Caution Bay,Caution Bay,CPM,-9.333333333333334,146.93333333333334
PGCFG,PG,CFG,Conflict Group,Conflict Group,MBA,-10.783333333333333,151.8
PGDBL,PG,DBL,Deboyne Lagoon,Deboyne Lagoon,MBA,-10.783333333333333,152.4
PGGAW,PG,GAW,Gawa Island,Gawa Island,MBA,-8.966666666666667,151.98333333333332
PGKAI,PG,KAI,Kaibola,Kaibola,MBA,-8.416666666666666,151.1
PGKOP,PG,KOP,Kopi,Kopi,GPK,-7.3,144.18333333333334
PGKRK,PG,KRK,Kairuku,Kairuku,CPM,-8.833333333333334,146.53333333333333
PGKRX,PG,KRX,Karkar Is,Karkar Is,,-4.633333333333333,145.96666666666667
PGKUL,PG,KUL,Kumul,Kumul,,-8.1,144.56666666666666
PGLAK,PG,LAK,Lakuramau,Lakuramau,NIK,-2.8833333333333333,151.25
PGLAM,PG,LAM,Lambom Island,Lambom Island,NIK,-4.8,152.83333333333334
PGLDT,PG,LDT,Londolovit,Londolovit,,-3.066666666666667,152.61666666666667
PGLLA,PG,LLA,Laughlan Atoll,Laughlan Atoll,MBA,-9.283333333333333,153.66666666666666
PGLOM,PG,LOM,Lombrum,Lombrum,MRL,-2.033333333333333,147.36666666666667
PGMAG,PG,MAG,Madang,Madang,MPM,-5.216666666666667,145.78333333333333
PGMTK,PG,MTK,Motukea Island,Motukea Island,NCD,-9.433333333333334,147.1
PGNAP,PG,NAP,Napa Napa,Napa Napa,NCD,-9.45,147.11666666666667
PGPDO,PG,PDO,Pondo Harbour,Pondo Harbour,EBR,-4.566666666666666,151.61666666666667
PGSAI,PG,SAI,Saibai,Saibai,WPD,-9.383333333333333,142.61666666666667
PGSQT,PG,SQT,Samarai,Samarai,,-10.633333333333333,150.63333333333333
PGTAM,PG,TAM,Tambanum,Tambanum,ESW,-4.2,143.6
PGTMI,PG,TMI,Tami Island,Tami Island,MPL,-6.766666666666667,147.9
PGULA,PG,ULA,Ulamona,Ulamona,WBK,-5.0,151.25
PGVLA,PG,VLA,Vailala,Vailala,GPK,-7.95,145.45
PGWAT,PG,WAT,Watabung,Watabung,EHG,-6.083333333333333,145.21666666666667
PGYEN,PG,YEN,Yentchan,Yentchan,ESW,-4.133333333333334,143.25
PHABU,PH,ABU,Abulug,Abulug,CAG,18.433333333333334,121.45
PHADL,PH,ADL,Adlay/Bislig,Adlay/Bislig,SUR,9.4,125.9
PHAJU,PH,AJU,Ajuy,Ajuy,ILI,11.166666666666666,123.03333333333333
PHALB,PH,ALB,Albuera,Albuera,LEY,10.966666666666667,124.63333333333334
PHALC,PH,ALC,Alcoy,Alcoy,CEB,9.683333333333334,123.5
PHAMU,PH,AMU,Amunitan/Aparri,Amunitan/Aparri,CAG,18.316666666666666,122.05
PHAQE,PH,AQE,Hamtic,Hamtic,ANT,10.7,121.96666666666667
PHARA,PH,ARA,Aras Asan/Bislig,Aras Asan/Bislig,SUR,8.883333333333333,126.3
PHAST,PH,AST,Astorga,Astorga,DAS,6.883333333333333,125.45
PHATI,PH,ATI,Atimonan/Siain,Atimonan/Siain,QUE,13.983333333333333,121.9
PHAYG,PH,AYG,Ayungon,Ayungon,NER,9.85,123.13333333333334
PHBAC,PH,BAC,Bacong,Bacong,NER,9.233333333333333,123.3
PHBAT,PH,BAT,Batonbaton,Batonbaton,PLW,9.183333333333334,118.35
PHBAU,PH,BAU,Bauan/Batangas,Bauan/Batangas,BTG,13.8,121.0
PHBCT,PH,BCT,"Isabela, Basilan","Isabela, Basilan",BAS,6.7,121.96666666666667
PHBGS,PH,BGS,Balingasag,Balingasag,,8.75,124.78333333333333
PHBIN,PH,BIN,Biñan,Binan,LAG,14.333333333333334,121.08333333333333
PHBLC,PH,BLC,"Balabac, Palawan","Balabac, Palawan",PLW,7.966666666666667,117.05
PHBNG,PH,BNG,Bauang,Bauang,LUN,16.516666666666666,120.31666666666666
PHBOA,PH,BOA,"Boac, Marinduque","Boac, Marinduque",MAD,13.433333333333334,121.83333333333333
PHBOG,PH,BOG,Bogo,Bogo,,11.05,124.0
PHBOR,PH,BOR,Boracay,Boracay,ROM,11.966666666666667,121.91666666666667
PHBOS,PH,BOS,Boston/Davao,Boston/Davao,DAO,7.866666666666667,126.35
PHBRB,PH,BRB,Barobo/Bislig,Barobo/Bislig,SUR,8.55,126.11666666666666
PHBRP,PH,BRP,"Brookes Point, Palawan","Brookes Point, Palawan",PLW,8.766666666666667,117.83333333333333
PHBSO,PH,BSO,Basco,Basco,BTN,20.45,121.96666666666667
PHBTG,PH,BTG,Batangas/Luzon,Batangas/Luzon,BTG,13.75,121.05
PHBUR,PH,BUR,"Burdeos, Polillo Isl","Burdeos, Polillo Isl",QUE,14.833333333333334,121.96666666666667
PHCAJ,PH,CAJ,"Cajidiocan, Visayan Isl","Cajidiocan, Visayan Isl",ROM,12.366666666666667,122.68333333333334
PHCBY,PH,CBY,"Calbayog, Samar","Calbayog, Samar",,12.066666666666666,124.6
PHCDN,PH,CDN,Cagdianao,Cagdianao,SUN,9.916666666666666,125.66666666666667
PHCGI,PH,CGI,Corregidor Island,Corregidor Island,BAN,14.383333333333333,120.58333333333333
PHCPC,PH,CPC,Capoocan,Capoocan,LEY,11.3,124.65
PHCRA,PH,CRA,Carigara,Carigara,LEY,11.3,124.68333333333334
PHCSI,PH,CSI,Culasi,Culasi,,11.6,122.7
PHCST,PH,CST,Castañas,Castanas,,13.883333333333333,121.55
PHCUG,PH,CUG,"Calubian, Leyte","Calubian, Leyte",LEY,11.433333333333334,124.41666666666667
PHDNO,PH,DNO,Danao,Danao,,10.533333333333333,124.03333333333333
PHENI,PH,ENI,El Nido/Puerto Princesa,El Nido/Puerto Princesa,,11.183333333333334,119.4
PHGES,PH,GES,General Santos,General Santos,,6.116666666666666,125.15
PHGGG,PH,GGG,"Gigaquit, Mindanao","Gigaquit, Mindanao",SUN,9.583333333333334,125.68333333333334
PHGGM,PH,GGM,"Gigmoto, Catanduanes","Gigmoto, Catanduanes",CAT,13.766666666666667,124.38333333333334
PHGHE,PH,GHE,Garcia Hernandez,Garcia Hernandez,BOH,9.616666666666667,124.3
PHGHG,PH,GHG,Guihulngan,Guihulngan,NER,10.116666666666667,123.28333333333333
PHGUN,PH,GUN,Guiuan,Guiuan,EAS,11.033333333333333,125.71666666666667
PHHIL,PH,HIL,Hilongos,Hilongos,LEY,10.366666666666667,124.75
PHHIM,PH,HIM,"Himamaylan, Negros","Himamaylan, Negros",NEC,10.083333333333334,122.86666666666666
PHHMH,PH,HMH,Homonhon,Homonhon,EAS,10.75,125.7
PHIRN,PH,IRN,Port Irene,Port Irene,CAG,18.366666666666667,122.1
PHJAS,PH,JAS,Jasaan,Jasaan,,8.65,124.75
PHKAS,PH,KAS,Kabasalan/Zamboanga,Kabasalan/Zamboanga,ZAS,7.783333333333333,122.75
PHKLM,PH,KLM,Kalamansig,Kalamansig,SUK,6.55,124.05
PHLAB,PH,LAB,Labason/Zamboanga,Labason/Zamboanga,ZAN,8.066666666666666,122.51666666666667
PHLAC,PH,LAC,La Carlota,La Carlota,NEC,10.416666666666666,122.91666666666667
PHLAO,PH,LAO,"Laoag, Luzon","Laoag, Luzon",ILN,18.183333333333334,120.58333333333333
PHLBK,PH,LBK,Lebak,Lebak,SUK,6.633333333333333,124.06666666666666
PHLEY,PH,LEY,Leyte,Leyte,LEY,11.366666666666667,124.48333333333333
PHLGG,PH,LGG,Lingig/Bislig,Lingig/Bislig,SUR,8.033333333333333,126.4
PHLGP,PH,LGP,"Legaspi Apt, Luzon","Legaspi Apt, Luzon",,13.133333333333333,123.75
PHLGU,PH,LGU,Laguna,Laguna,,10.3,123.88333333333334
PHLNA,PH,LNA,Larena,Larena,SIG,9.25,123.58333333333333
PHLNO,PH,LNO,Lunao,Lunao,,8.866666666666667,125.05
PHLPU,PH,LPU,"Lapu-Lapu, Cebu","Lapu-Lapu, Cebu",,10.316666666666666,123.95
PHLUC,PH,LUC,Lucanin,Lucanin,,14.466666666666667,120.61666666666666
PHLUG,PH,LUG,Lugait,Lugait,,8.333333333333334,124.25
PHLZB,PH,LZB,Lazi,Lazi,SIG,9.116666666666667,123.63333333333334
PHMAB,PH,MAB,"Mabini, Mindanao","Mabini, Mindanao",MSR,8.95,124.78333333333333
PHMDN,PH,MDN,Medina,Medina,,8.916666666666666,125.01666666666667
PHMHT,PH,MHT,"Marihatag, Mindanao","Marihatag, Mindanao",SUR,8.783333333333333,126.28333333333333
PHMKC,PH,MKC,Makati City,Makati City,00,14.55,121.03333333333333
PHMLB,PH,MLB,"Maluso, Basilan","Maluso, Basilan",BAS,6.533333333333333,121.86666666666666
PHMNI,PH,MNI,Manicani,Manicani,EAS,11.0,125.65
PHMNT,PH,MNT,Muntinlupa City,Muntinlupa City,00,14.616666666666667,121.05
PHMTI,PH,MTI,Makati,Makati,NUV,16.416666666666668,121.1
PHMTP,PH,MTP,Malatapay,Malatapay,NER,9.55,123.15
PHNOP,PH,NOP,Mactan Island Apt,Mactan Island Apt,,10.3,124.0
PHNUG,PH,NUG,"Nasugbu, Luzon","Nasugbu, Luzon",BTG,14.066666666666666,120.63333333333334
PHODI,PH,ODI,Odiongan,Odiongan,ROM,12.4,121.98333333333333
PHOPO,PH,OPO,Opol,Opol,,8.516666666666667,124.56666666666666
PHORL,PH,ORL,Oroquieta,Oroquieta,MSC,8.483333333333333,123.8
PHORS,PH,ORS,Oras,Oras,EAS,12.15,125.43333333333334
PHPAN,PH,PAN,Panabo,Panabo,DAV,7.3,125.68333333333334
PHPDC,PH,PDC,"Polanco, Mindanao","Polanco, Mindanao",ZAN,8.516666666666667,123.35
PHPGA,PH,PGA,Puerto Galera,Puerto Galera,MDR,13.5,120.93333333333334
PHPGB,PH,PGB,Pagbilao,Pagbilao,QUE,13.966666666666667,121.68333333333334
PHPIS,PH,PIS,Philippines,Philippines,,14.583333333333334,121.0
PHPLL,PH,PLL,"Polillo, Polillo Isl","Polillo, Polillo Isl",QUE,14.7,121.93333333333334
PHPPP,PH,PPP,"Pagudpud, Luzon","Pagudpud, Luzon",LUN,16.616666666666667,120.31666666666666
PHPRA,PH,PRA,Parang,Parang,MAG,7.366666666666666,124.26666666666667
PHPSL,PH,PSL,"Pasaleng, Luzon","Pasaleng, Luzon",ILN,18.55,120.91666666666667
PHROM,PH,ROM,Romblon,Romblon,ROM,12.566666666666666,122.26666666666667
PHSBG,PH,SBG,Sabang,Sabang,PLW,10.183333333333334,118.9
PHSBI,PH,SBI,Subic,Subic,ZMB,14.9,120.23333333333333
PHSIG,PH,SIG,Sigayan/Sultan Naga Dimaporo,Sigayan/Sultan Naga Dimaporo,LAN,7.733333333333333,123.76666666666667
PHSJI,PH,SJI,"San Jose Apt, Mindoro","San Jose Apt, Mindoro",ZAN,12.35,121.08333333333333
PHSLM,PH,SLM,Salomague,Salomague,ILS,17.783333333333335,120.41666666666667
PHSMR,PH,SMR,Semirara,Semirara,ANT,12.066666666666666,121.4
PHTAL,PH,TAL,Talibon,Talibon,BOH,10.133333333333333,124.31666666666666
PHTAN,PH,TAN,Tandayag,Tandayag,NER,9.45,123.21666666666667
PHTBC,PH,TBC,Tabaco/Legaspi,Tabaco/Legaspi,ALB,13.35,123.73333333333333
PHTGO,PH,TGO,Tagoloan,Tagoloan,,8.533333333333333,124.75
PHTIN,PH,TIN,Tindalo Oil Field,Tindalo Oil Field,,11.066666666666666,118.9
PHTON,PH,TON,Tubigon,Tubigon,BOH,9.95,123.96666666666667
PHTTO,PH,TTO,Taganito,Taganito,SUN,9.55,125.81666666666666
PHVTL,PH,VTL,Vitali/Zamboanga,Vitali/Zamboanga,,7.366666666666666,122.28333333333333
PHWNP,PH,WNP,Naga/Zamboanga,Naga/Zamboanga,ZSI,7.8,122.7
PKBQM,PK,BQM,Muhammad Bin Qasim/Karachi,Muhammad Bin Qasim/Karachi,SD,24.766666666666666,67.33333333333333
PKKBA,PK,KBA,Keti Bandar,Keti Bandar,,24.133333333333333,67.43333333333334
PKKCT,PK,KCT,Karachi Container Terminal,Karachi Container Terminal,SD,24.833333333333332,66.96666666666667
PKKIA,PK,KIA,Kiamari,Kiamari,SD,24.816666666666666,66.96666666666667
PL6MA,PL,6MA,Dabrówka,Dabrowka,14,51.61666666666667,20.95
PLBEK,PL,BEK,Bielinek,Bielinek,32,52.93333333333333,14.15
PLBLZ,PL,BLZ,Plblz,Plblz,30,51.9,18.0
PLBRK,PL,BRK,Brzostek Policzko,Brzostek Policzko,,51.05,19.9
PLBZG,PL,BZG,Bydgoszcz,Bydgoszcz,,53.15,18.0
PLBZI,PL,BZI,Burzenin,Burzenin,,51.45,18.833333333333332
PLCDB,PL,CDB,Czarna Dabrowka,Czarna Dabrowka,22,54.35,17.55
PLCH3,PL,CH3,Chróscice,Chroscice,16,50.78333333333333,17.816666666666666
PLCPL,PL,CPL,Chobienice,Chobienice,30,52.166666666666664,15.933333333333334
PLDAR,PL,DAR,Darlowo,Darlowo,32,54.416666666666664,16.416666666666668
PLDCZ,PL,DCZ,Duczki,Duczki,14,52.36666666666667,21.283333333333335
PLDZN,PL,DZN,Dziwnow,Dziwnow,32,54.03333333333333,14.75
PLELB,PL,ELB,Elblag,Elblag,,54.166666666666664,19.383333333333333
PLFBK,PL,FBK,Frombork,Frombork,28,54.35,19.683333333333334
PLGDY,PL,GDY,Gdynia,Gdynia,22,54.5,18.55
PLGKZ,PL,GKZ,Górki Zachodnie,Gorki Zachodnie,22,54.36666666666667,18.766666666666666
PLHEL,PL,HEL,Hel,Hel,,54.6,18.8
PLIT5,PL,IT5,Piorunów,Piorunow,14,52.2,20.566666666666666
PLIYC,PL,IYC,Iwierzyce,Iwierzyce,,50.016666666666666,21.766666666666666
PLJDZ,PL,JDZ,Jedlina-Zdrój,Jedlina-Zdroj,02,50.733333333333334,16.333333333333332
PLKAO,PL,KAO,Kamien Pomorski,Kamien Pomorski,32,53.96666666666667,14.766666666666667
PLKLY,PL,KLY,Kostomloty,Kostomloty,02,51.05,16.616666666666667
PLKMR,PL,KMR,Krynica Morska,Krynica Morska,28,54.38333333333333,19.45
PLKOD,PL,KOD,Krosno Odrzanskie,Krosno Odrzanskie,08,52.05,15.083333333333334
PLKOL,PL,KOL,Kolobrzeg,Kolobrzeg,32,54.18333333333333,15.583333333333334
PLKPW,PL,KPW,Kraplewo,Kraplewo,30,52.3,16.683333333333334
PLKRM,PL,KRM,Krynica Morska,Krynica Morska,PM,54.38333333333333,19.45
PLKUY,PL,KUY,Losiów,Losiow,16,50.78333333333333,17.566666666666666
PLKZ4,PL,KZ4,Korzenna,Korzenna,12,49.68333333333333,20.85
PLLEA,PL,LEA,Leba,Leba,22,54.75,17.55
PLLPN,PL,LPN,Lipiany,Lipiany,32,53.0,14.966666666666667
PLLUU,PL,LUU,Janowiec,Janowiec,06,51.333333333333336,21.883333333333333
PLMA9,PL,MA9,Klaj,Klaj,12,49.983333333333334,20.316666666666666
PLMID,PL,MID,Miedzyzdroje,Miedzyzdroje,32,53.93333333333333,14.45
PLMK9,PL,MK9,Konotopa,Konotopa,14,52.916666666666664,20.316666666666666
PLMKW,PL,MKW,Mietków,Mietkow,02,50.983333333333334,16.65
PLMNN,PL,MNN,Margonin,Margonin,30,52.96666666666667,176.0
PLMRE,PL,MRE,Mrzezyno,Mrzezyno,32,54.15,15.3
PLNCH,PL,NCH,Niechorze,Niechorze,32,54.1,15.066666666666666
PLNOW,PL,NOW,Nowy Port/Gdansk,Nowy Port/Gdansk,,54.4,18.666666666666668
PLNWA,PL,NWA,Nowe Warpno,Nowe Warpno,32,53.733333333333334,14.3
PLNXA,PL,NXA,Mierzyn,Mierzyn,32,54.11666666666667,15.883333333333333
PLOLA,PL,OLA,Olawa,Olawa,02,50.93333333333333,17.3
PLOSD,PL,OSD,Osinów Dolny,Osinow Dolny,32,52.85,14.15
PLPNW,PL,PNW,Polanów,Polanow,,54.1,16.7
PLPTN,PL,PTN,Piatnica,Piatnica,20,53.18333333333333,22.083333333333332
PLPZN,PL,PZN,Pszenno,Pszenno,02,50.86666666666667,16.55
PLROI,PL,ROI,Rokietnica,Rokietnica,WP,52.516666666666666,16.733333333333334
PLRUC,PL,RUC,Ruchocice,Ruchocice,WP,52.18333333333333,16.35
PLRWL,PL,RWL,Rewal,Rewal,32,54.083333333333336,15.016666666666667
PLSCA,PL,SCA,Siennica Rózana,Siennica Rozana,26,51.0,21.316666666666666
PLSJK,PL,SJK,Karsibór,Karsibor,32,53.85,14.3
PLSKJ,PL,SKJ,Skolyszyn,Skolyszyn,18,49.75,21.35
PLSKN,PL,SKN,Skolwin,Skolwin,32,53.483333333333334,14.6
PLSOP,PL,SOP,Sopot,Sopot,22,54.45,18.566666666666666
PLSPA,PL,SPA,Stepnica,Stepnica,,53.65,14.616666666666667
PLSWI,PL,SWI,Swinoujscie,Swinoujscie,,53.9,14.25
PLSY2,PL,SY2,Sroczyn,Sroczyn,30,52.55,17.283333333333335
PLTBZ,PL,TBZ,Trzebiez,Trzebiez,32,53.65,14.516666666666667
PLUMS,PL,UMS,Ustronie Morskie,Ustronie Morskie,32,54.21666666666667,15.75
PLURD,PL,URD,Urad,Urad,,52.266666666666666,14.7
PLUST,PL,UST,Ustka,Ustka,,54.583333333333336,16.85
PLWIU,PL,WIU,Widuchowa,Widuchowa,32,53.11666666666667,142.5
PLWLA,PL,WLA,Wladyslawowo,Wladyslawowo,22,54.78333333333333,18.416666666666668
PLWLI,PL,WLI,Wolin,Wolin,32,53.85,14.616666666666667
PLWOL,PL,WOL,Wolbórz,Wolborz,10,51.5,19.833333333333332
PLWZO,PL,WZO,Wegorzyno,Wegorzyno,,53.53333333333333,15.55
PLZAA,PL,ZAA,Czarna,Czarna,18,50.06666666666667,21.266666666666666
PLZGO,PL,ZGO,Zagorow,Zagorow,30,52.166666666666664,175.66666666666666
PLZIC,PL,ZIC,Dziecmierowo,Dziecmierowo,30,52.266666666666666,17.266666666666666
PLZIN,PL,ZIN,Grodziczno,Grodziczno,28,53.416666666666664,19.766666666666666
PLZNI,PL,ZNI,Znin,Znin,,52.85,17.716666666666665
PMFSP,PM,FSP,Saint-Pierre,Saint-Pierre,,46.766666666666666,-56.166666666666664
PRARR,PR,ARR,Arroyo,Arroyo,,17.966666666666665,-66.06666666666666
PRGUX,PR,GUX,Guanica,Guanica,,17.966666666666665,-66.91666666666667
PRGUY,PR,GUY,Guayanilla,Guayanilla,,17.966666666666665,-66.81666666666666
PRPJO,PR,PJO,Puerto de Jobos,Puerto de Jobos,,17.95,-66.18333333333334
PRPYA,PR,PYA,Puerto Yabucoa,Puerto Yabucoa,,18.05,-65.83333333333333
PRSAL,PR,SAL,Salinas,Salinas,,17.966666666666665,-66.25
PRSBS,PR,SBS,San Sebastián,San Sebastian,,18.3,-66.96666666666667
PRSJU,PR,SJU,San Juan,San Juan,,18.45,-66.08333333333333
PTABF,PT,ABF,Albufeira,Albufeira,08,37.083333333333336,-8.25
PTADG,PT,ADG,Amoreira da Gândara,Amoreira da Gandara,01,40.483333333333334,-8.533333333333333
PTADH,PT,ADH,Angra do Heroísmo,Angra do Heroismo,20,38.65,-27.216666666666665
PTAFR,PT,AFR,São Pedro da Afurada,Sao Pedro da Afurada,13,41.13333333333333,-8.633333333333333
PTAGD,PT,AGD,Aguda,Aguda,13,41.05,-8.65
PTAGR,PT,AGR,Almograve,Almograve,,37.65,-8.8
PTANG,PT,ANG,Angeiras,Angeiras,13,41.266666666666666,-8.716666666666667
PTARP,PT,ARP,Armação de Pêra,Armacao de Pera,08,37.1,-8.35
PTAVE,PT,AVE,Aveiro,Aveiro,01,40.63333333333333,-8.65
PTAVP,PT,AVP,Pindelo,Pindelo,01,40.86666666666667,-8.45
PTAZM,PT,AZM,Azenhas do Mar,Azenhas do Mar,,38.833333333333336,-9.45
PTBAN,PT,BAN,Banatica,Banatica,15,38.666666666666664,-9.2
PTBNG,PT,BNG,Benagil,Benagil,,37.083333333333336,-8.433333333333334
PTBOC,PT,BOC,Bouça,Bouca,17,41.65,-7.216666666666667
PTBRG,PT,BRG,Burgau,Burgau,,37.06666666666667,-8.766666666666667
PTBTR,PT,BTR,Baltar,Baltar,13,41.18333333333333,-8.383333333333333
PTBUS,PT,BUS,Bustos,Bustos,,40.5,-8.6
PTCAC,PT,CAC,Cacém,Cacem,11,38.766666666666666,-9.3
PTCAL,PT,CAL,"Calheta, Island São Jorge","Calheta, Island Sao Jorge",20,38.6,-28.016666666666666
PTCAP,PT,CAP,Costa da Caparica,Costa da Caparica,15,38.63333333333333,-9.216666666666667
PTCAS,PT,CAS,Cascais,Cascais,11,38.7,-9.416666666666666
PTCDP,PT,CDP,Cais do Pico,Cais do Pico,20,38.516666666666666,-28.316666666666666
PTCES,PT,CES,Cambres,Cambres,18,41.13333333333333,-7.8
PTCLS,PT,CLS,Colos,Colos,,37.733333333333334,-8.466666666666667
PTCML,PT,CML,Câmara de Lobos,Camara de Lobos,30,32.63333333333333,-16.966666666666665
PTCNA,PT,CNA,Coina,Coina,15,38.6,-9.05
PTCNL,PT,CNL,Caniçal,Canical,30,32.733333333333334,-16.733333333333334
PTCNV,PT,CNV,Castelo do Neiva,Castelo do Neiva,16,41.63333333333333,-8.8
PTCPL,PT,CPL,Capelo,Capelo,20,38.583333333333336,-28.783333333333335
PTCRB,PT,CRB,Casa Branca,Casa Branca,,38.5,-8.166666666666666
PTCRC,PT,CRC,Carrasqueira,Carrasqueira,15,38.483333333333334,-9.1
PTDFZ,PT,DFZ,Sandim,Sandim,13,41.03333333333333,-8.516666666666667
PTDOU,PT,DOU,Douro,Douro,13,39.88333333333333,-8.266666666666667
PTEST,PT,EST,Estoril,Estoril,11,38.7,-9.4
PTFAE,PT,FAE,Fão,Fao,,41.516666666666666,-8.766666666666667
PTFAO,PT,FAO,Faro,Faro,08,37.016666666666666,-7.933333333333334
PTFDF,PT,FDF,Figueira da Foz,Figueira da Foz,06,40.15,-8.866666666666667
PTFDT,PT,FDT,Fonte da Telha,Fonte da Telha,15,38.56666666666667,-9.183333333333334
PTFNC,PT,FNC,"Funchal, Madeira","Funchal, Madeira",30,32.63333333333333,-16.9
PTFOZ,PT,FOZ,Foz do Arelho,Foz do Arelho,10,39.43333333333333,-9.216666666666667
PTFUZ,PT,FUZ,Fuzeta,Fuzeta,,37.05,-7.75
PTGER,PT,GER,Argeriz,Argeriz,17,41.583333333333336,-7.383333333333334
PTGIF,PT,GIF,Guifões,Guifoes,13,41.2,-8.666666666666666
PTGUE,PT,GUE,Gueifães,Gueifaes,,41.2,-8.6
PTHOR,PT,HOR,Horta,Horta,20,38.53333333333333,-28.633333333333333
PTLAJ,PT,LAJ,Lajes das Flores,Lajes das Flores,20,39.38333333333333,-31.166666666666668
PTLDP,PT,LDP,Lajes,Lajes,20,38.38333333333333,-28.266666666666666
PTLDR,PT,LDR,Lordelo,Lordelo,03,41.36666666666667,-8.383333333333333
PTLE2,PT,LE2,Maceira,Maceira,10,39.68333333333333,-8.883333333333333
PTLEI,PT,LEI,Leixões,Leixoes,13,41.18333333333333,-8.683333333333334
PTLEP,PT,LEP,Leça da Palmeira,Leca da Palmeira,13,41.2,-8.7
PTLIS,PT,LIS,Lisboa,Lisboa,11,38.71666666666667,-9.133333333333333
PTLNS,PT,LNS,Lanheses,Lanheses,16,41.05,-8.666666666666666
PTLOS,PT,LOS,Lagos,Lagos,08,37.1,-8.666666666666666
PTMAD,PT,MAD,Madalena (Madalena do Pico),Madalena (Madalena do Pico),20,38.53333333333333,-28.533333333333335
PTMAT,PT,MAT,Matosinhos,Matosinhos,13,41.18333333333333,-8.7
PTMCH,PT,MCH,Machico,Machico,30,32.7,-16.766666666666666
PTMDM,PT,MDM,Madalena do Mar,Madalena do Mar,30,32.68333333333333,-17.133333333333333
PTNAV,PT,NAV,Nariz,Nariz,01,40.53333333333333,-8.6
PTNGV,PT,NGV,Valongo,Valongo,13,41.18333333333333,-8.5
PTNRD,PT,NRD,Nordeste,Nordeste,20,37.833333333333336,-25.166666666666668
PTOEI,PT,OEI,Oeiras,Oeiras,11,38.68333333333333,-9.316666666666666
PTOLA,PT,OLA,Olhos de Água,Olhos de Agua,,37.083333333333336,-8.183333333333334
PTOLH,PT,OLH,Olhão,Olhao,08,37.03333333333333,-7.833333333333333
PTOPO,PT,OPO,Porto,Porto,13,41.15,-8.616666666666667
PTPCZ,PT,PCZ,Porto da Cruz,Porto da Cruz,30,32.766666666666666,-16.833333333333332
PTPDL,PT,PDL,Ponta Delgada,Ponta Delgada,20,37.733333333333334,-25.666666666666668
PTPDS,PT,PDS,Ponte de Sor,Ponte de Sor,12,39.25,-8.016666666666667
PTPEN,PT,PEN,Peniche,Peniche,10,39.35,-9.383333333333333
PTPFT,PT,PFT,Perafita,Perafita,13,41.21666666666667,-8.7
PTPMZ,PT,PMZ,Porto Moniz,Porto Moniz,30,32.85,-17.166666666666668
PTPOM,PT,POM,Pomarão,Pomarao,02,37.55,-7.533333333333333
PTPRG,PT,PRG,Praia da Graciosa,Praia da Graciosa,20,39.05,-27.966666666666665
PTPRM,PT,PRM,Portimao,Portimao,08,37.13333333333333,-8.533333333333333
PTPRV,PT,PRV,Praia da Vitória,Praia da Vitoria,20,38.733333333333334,-27.066666666666666
PTPVC,PT,PVC,Povoação,Povoacao,20,37.75,-25.25
PTPVH,PT,PVH,Pegoes Velhos,Pegoes Velhos,11,38.68333333333333,-8.666666666666666
PTPXO,PT,PXO,Porto Santo Island,Porto Santo Island,30,33.06666666666667,-16.333333333333332
PTQRT,PT,QRT,Quarteira,Quarteira,08,37.06666666666667,-8.1
PTRPX,PT,RPX,Rabo de Peixe,Rabo de Peixe,20,37.8,-25.583333333333332
PTRQU,PT,RQU,Requião,Requiao,,41.4,-8.483333333333333
PTSAG,PT,SAG,Sagres,Sagres,,37.0,-8.933333333333334
PTSCF,PT,SCF,Santa Cruz das Flores,Santa Cruz das Flores,20,39.45,-31.116666666666667
PTSCG,PT,SCG,Santa Cruz da Graciosa,Santa Cruz da Graciosa,20,39.083333333333336,-28.016666666666666
PTSET,PT,SET,Setúbal,Setubal,15,38.53333333333333,-8.9
PTSHA,PT,SHA,Senhora da Hora,Senhora da Hora,13,41.18333333333333,-8.65
PTSIE,PT,SIE,Sines,Sines,15,37.95,-8.866666666666667
PTSLZ,PT,SLZ,Santa Luzia,Santa Luzia,,37.1,-7.65
PTSMO,PT,SMO,São Martinho do Porto,Sao Martinho do Porto,10,39.516666666666666,-9.133333333333333
PTSMS,PT,SMS,Santa Maria de Sardoura,Santa Maria de Sardoura,01,41.05,-8.283333333333333
PTSMT,PT,SMT,São Mateus,Sao Mateus,20,38.65,-27.266666666666666
PTSSB,PT,SSB,Sesimbra,Sesimbra,15,38.43333333333333,-9.1
PTTER,PT,TER,Terceira Island Apt,Terceira Island Apt,20,38.71666666666667,-27.216666666666665
PTTOA,PT,TOA,Torreira,Torreira,,40.75,-8.7
PTTPO,PT,TPO,Topo,Topo,20,38.55,-27.783333333333335
PTTRF,PT,TRF,Trafaria,Trafaria,15,38.666666666666664,-9.233333333333333
PTVAB,PT,VAB,Valbom,Valbom,13,41.13333333333333,-8.566666666666666
PTVAG,PT,VAG,Vagueira,Vagueira,,40.55,-8.75
PTVAR,PT,VAR,Várzea do Douro,Varzea do Douro,13,41.11666666666667,-8.466666666666667
PTVDC,PT,VDC,Viana do Castelo,Viana do Castelo,16,41.7,-8.833333333333334
PTVDP,PT,VDP,Vila do Porto,Vila do Porto,20,36.93333333333333,-25.15
PTVEL,PT,VEL,Velas,Velas,20,38.68333333333333,-28.216666666666665
PTVFC,PT,VFC,Vila Franca do Campo,Vila Franca do Campo,20,37.71666666666667,-25.433333333333334
PTVFD,PT,VFD,Vila de Frades,Vila de Frades,02,38.21666666666667,-7.816666666666666
PTVFX,PT,VFX,Vila Franca de Xira,Vila Franca de Xira,11,38.95,-8.983333333333333
PTVIC,PT,VIC,Vila do Conde,Vila do Conde,13,41.35,-8.75
PTVLC,PT,VLC,Vila Chã,Vila Cha,,40.85,-8.383333333333333
PTVNC,PT,VNC,Vila Nova do Corvo,Vila Nova do Corvo,20,39.666666666666664,-31.1
PTVNR,PT,VNR,Vila Nova da Rainha,Vila Nova da Rainha,11,39.03333333333333,-8.933333333333334
PTVRE,PT,VRE,Vila Real de Santo António,Vila Real de Santo Antonio,08,37.2,-7.416666666666667
PTXZX,PT,XZX,Escariz,Escariz,01,40.93333333333333,-8.416666666666666
PTZFM,PT,ZFM,Zona Franca da Madeira,Zona Franca da Madeira,30,32.666666666666664,-16.75
PYASU,PY,ASU,Asunción,Asuncion,ASU,-25.266666666666666,-57.666666666666664
PYBCM,PY,BCM,Barrio Caacupé Mí,Barrio Caacupe Mi,11,-25.216666666666665,-57.55
PYCAA,PY,CAA,Caacupé,Caacupe,3,-25.383333333333333,-57.13333333333333
PYCAC,PY,CAC,Calera Cue,Calera Cue,1,-22.533333333333335,-57.81666666666667
PYCNP,PY,CNP,Concepción,Concepcion,1,-23.4,-57.43333333333333
PYENO,PY,ENO,Encarnación,Encarnacion,7,-27.333333333333332,-55.9
PYFUO,PY,FUO,Fuerte Olimpo,Fuerte Olimpo,,-21.05,-57.86666666666667
PYMRA,PY,MRA,Colonia Mariano Roque Alonso,Colonia Mariano Roque Alonso,11,-25.166666666666668,-57.55
PYPAN,PY,PAN,Puerto Antequera,Puerto Antequera,2,-24.083333333333332,-57.2
PYPCJ,PY,PCJ,Puerto la Victoria,Puerto la Victoria,,-22.283333333333335,-57.93333333333333
PYPGU,PY,PGU,Puerto Guarani,Puerto Guarani,16,-21.3,-57.916666666666664
PYPSA,PY,PSA,Puerto Sara,Puerto Sara,11,-25.433333333333334,-57.53333333333333
PYTER,PY,TER,Terport (San Antonio),Terport (San Antonio),,-25.383333333333333,-57.63333333333333
QAASN,QA,ASN,Al Shaheen,Al Shaheen,,26.55,52.06666666666667
QAHMD,QA,HMD,BGN/PCGN1956 - HAMAD,BGN/PCGN1956 - HAMAD,WA,25.0,51.61666666666667
QAQAP,QA,QAP,Qapco,Qapco,US,24.916666666666668,51.56666666666667
QAQCH,QA,QCH,Qchem,Qchem,US,24.85,51.53333333333333
QARLF,QA,RLF,Ras Laffan,Ras Laffan,KH,25.933333333333334,51.53333333333333
QARUS,QA,RUS,Al Ruwais Qatar,Al Ruwais Qatar,MS,26.233333333333334,51.333333333333336
QASLW,QA,SLW,As Salwa,As Salwa,RA,24.733333333333334,50.75
QAUMS,QA,UMS,Umm Sa'id (Mesaieed),Umm Sa'id (Mesaieed),WA,24.983333333333334,51.53333333333333
RELPT,RE,LPT,Le Port,Le Port,,-20.933333333333334,55.31666666666667
REPOS,RE,POS,Possession,Possession,,-20.933333333333334,55.333333333333336
RERSE,RE,RSE,Sainte-Rose,Sainte-Rose,,-21.133333333333333,55.8
RERUN,RE,RUN,Saint-Denis,Saint-Denis,,-20.9,55.516666666666666
RESPL,RE,SPL,Saint-Paul,Saint-Paul,,-20.983333333333334,55.266666666666666
RESSZ,RE,SSZ,Sainte-Suzanne,Sainte-Suzanne,,-20.9,55.6
RO5LI,RO,5LI,Livezeni,Livezeni,MS,46.55,24.633333333333333
ROAGI,RO,AGI,Agigea,Agigea,CT,44.083333333333336,28.616666666666667
ROBAB,RO,BAB,Basarabi,Basarabi,,44.166666666666664,28.366666666666667
ROBCN,RO,BCN,Beclean,Beclean,HR,46.31666666666667,25.3
ROBCT,RO,BCT,Bechet,Bechet,DJ,43.766666666666666,23.933333333333334
ROBEZ,RO,BEZ,Bezdead,Bezdead,DB,45.15,25.516666666666666
ROBZI,RO,BZI,Bazias,Bazias,CS,44.8,21.383333333333333
ROCAF,RO,CAF,Calafat,Calafat,DJ,43.983333333333334,22.933333333333334
ROCAS,RO,CAS,Calarasi,Calarasi,CL,44.2,27.333333333333332
ROCEV,RO,CEV,Cernavoda,Cernavoda,IL,44.35,28.016666666666666
ROCHL,RO,CHL,Chilia Veche,Chilia Veche,TL,45.7,29.466666666666665
ROCHN,RO,CHN,Chiscani,Chiscani,BR,45.18333333333333,27.933333333333334
ROCND,RO,CND,Constanta,Constanta,CT,44.18333333333333,28.65
ROCOB,RO,COB,Corabia,Corabia,OT,43.766666666666666,24.5
ROCTS,RO,CTS,Cristuru Secuiesc,Cristuru Secuiesc,HR,46.28333333333333,25.033333333333335
RODTS,RO,DTS,Drobeta-Turnu Severin,Drobeta-Turnu Severin,MH,44.63333333333333,22.65
ROEFS,RO,EFS,Eforie Sud,Eforie Sud,CT,44.05,28.633333333333333
ROFET,RO,FET,Fetesti,Fetesti,IL,44.38333333333333,27.833333333333332
ROGAL,RO,GAL,Galati,Galati,GL,45.43333333333333,28.05
ROGRG,RO,GRG,Giurgiu,Giurgiu,GR,43.88333333333333,25.95
ROGUU,RO,GUU,Gruiu,Gruiu,B,44.733333333333334,26.233333333333334
ROHAU,RO,HAU,Halchiu,Halchiu,BV,45.766666666666666,25.55
ROHDC,RO,HDC,Hodac,Hodac,MS,46.766666666666666,24.916666666666668
ROISC,RO,ISC,Isaccea,Isaccea,TL,45.266666666666666,28.466666666666665
ROJRT,RO,JRT,Jaristea,Jaristea,VN,45.78333333333333,27.066666666666666
ROLUM,RO,LUM,Luminita,Luminita,CT,44.25,28.616666666666667
ROMAC,RO,MAC,Macin,Macin,TL,45.25,28.166666666666668
ROMAG,RO,MAG,Mangalia,Mangalia,CT,43.833333333333336,28.583333333333332
ROMAH,RO,MAH,Mahmudia,Mahmudia,TL,45.13333333333333,29.133333333333333
ROMED,RO,MED,Medgidia,Medgidia,CT,44.25,28.266666666666666
ROMGU,RO,MGU,Magureni,Magureni,PH,45.06666666666667,25.733333333333334
ROMID,RO,MID,Midia,Midia,CT,44.333333333333336,28.616666666666667
RONDI,RO,NDI,Navodari,Navodari,,44.333333333333336,28.616666666666667
ROOJD,RO,OJD,Ojdula,Ojdula,CV,45.983333333333334,26.25
ROOLT,RO,OLT,Oltenita,Oltenita,CL,44.083333333333336,26.65
ROORV,RO,ORV,Orsova,Orsova,MH,44.7,22.4
ROOVI,RO,OVI,Ovidiu,Ovidiu,CT,44.266666666666666,28.566666666666666
ROPAL,RO,PAL,Poarta Alba,Poarta Alba,CT,44.21666666666667,28.4
ROPAU,RO,PAU,Paulesti,Paulesti,PH,45.0,25.983333333333334
ROPES,RO,PES,Pielesti,Pielesti,DJ,44.333333333333336,23.95
ROPPC,RO,PPC,Prelipca,Prelipca,SV,47.6,26.35
ROPSE,RO,PSE,Pietroasele,Pietroasele,BZ,46.1,26.566666666666666
ROPTA,RO,PTA,Petelea,Petelea,MS,46.733333333333334,24.716666666666665
RORDE,RO,RDE,Rediu,Rediu,IS,46.9,27.583333333333332
RORNN,RO,RNN,Rosia Montana,Rosia Montana,,-46.3,23.133333333333333
RORVA,RO,RVA,Hârsova,Harsova,CT,44.68333333333333,27.95
ROSUL,RO,SUL,Sulina (Port et Zone Franche),Sulina (Port et Zone Franche),TL,45.15,29.666666666666668
ROTCE,RO,TCE,Tulcea,Tulcea,TL,45.18333333333333,28.8
ROTR5,RO,TR5,Tureni,Tureni,CJ,46.61666666666667,23.7
ROTUM,RO,TUM,Turnu Magurele,Turnu Magurele,TR,43.75,24.883333333333333
ROTUT,RO,TUT,Turturesti,Turturesti,BZ,45.11666666666667,26.633333333333333
ROVTR,RO,VTR,Vanatori Neamt,Vanatori Neamt,NT,47.2,26.316666666666666
ROZIC,RO,ZIC,Zimnicea,Zimnicea,TR,43.65,25.35
RS4SN,RS,4SN,Bresnica,Bresnica,17,43.86666666666667,20.583333333333332
RSAPT,RS,APT,Apatin,Apatin,,45.666666666666664,18.983333333333334
RSBPA,RS,BPA,Backa Palanka,Backa Palanka,,45.25,19.383333333333333
RSBZD,RS,BZD,Bezdam,Bezdam,,45.85,18.916666666666668
RSDIM,RS,DIM,Dimitrovgrad,Dimitrovgrad,,43.0,22.766666666666666
RSDOB,RS,DOB,Dobanovci,Dobanovci,00,44.81666666666667,20.216666666666665
RSGNJ,RS,GNJ,Gnjilane,Gnjilane,25,42.46666666666667,21.45
RSKMA,RS,KMA,Kursumlija,Kursumlija,,43.13333333333333,21.266666666666666
RSMSD,RS,MSD,Mesarci,Mesarci,08,44.6,19.916666666666668
RSPHO,RS,PHO,Prahovo,Prahovo,,44.28333333333333,22.583333333333332
RSSKA,RS,SKA,Sremski Karlovci,Sremski Karlovci,,45.2,19.933333333333334
RSVGS,RS,VGS,Veliko Gradiste,Veliko Gradiste,,44.75,21.5
RSVRA,RS,VRA,Vranje,Vranje,,42.55,21.9
RSVS4,RS,VS4,Veternik,Veternik,06,45.25,19.75
RUABC,RU,ABC,Ambarchik,Ambarchik,SA,69.61666666666666,162.3
RUABK,RU,ABK,Abinsk,Abinsk,KDA,44.86666666666667,38.15
RUAER,RU,AER,Sochi,Sochi,KDA,43.6,39.71666666666667
RUAGK,RU,AGK,Angarsk,Angarsk,IRK,52.53333333333333,103.88333333333334
RUAKS,RU,AKS,Aksay,Aksay,ROS,47.25,39.88333333333333
RUAMU,RU,AMU,Amursk,Amursk,KHA,50.21666666666667,136.9
RUAMV,RU,AMV,Amderma,Amderma,NEN,69.76666666666667,61.666666666666664
RUB2L,RU,B2L,Shebekino,Shebekino,BEL,50.4,36.9
RUBGV,RU,BGV,Bagaevskaya,Bagaevskaya,ROS,47.31666666666667,40.38333333333333
RUBKN,RU,BKN,Bolshoy Kamen,Bolshoy Kamen,KHM,62.45,66.23333333333333
RUBKT,RU,BKT,Belaya Kalitva,Belaya Kalitva,ROS,48.166666666666664,40.78333333333333
RUBLK,RU,BLK,Balakhna,Balakhna,NIZ,56.483333333333334,43.61666666666667
RUBLN,RU,BLN,Balakhnya,Balakhnya,IRK,56.8,105.81666666666666
RUBNK,RU,BNK,Bronka Port,Bronka Port,SPE,59.916666666666664,29.666666666666668
RUBOR,RU,BOR,Borisova,Borisova,IRK,57.016666666666666,106.23333333333333
RUBOS,RU,BOS,Boshnyakovo,Boshnyakovo,,49.65,142.16666666666666
RUBRK,RU,BRK,Lomonosov,Lomonosov,SPE,59.9,29.733333333333334
RUBVV,RU,BVV,Kuril'skiy Burevestnik AFB (Burevestnik AFB),Kuril'skiy Burevestnik AFB (Burevestnik AFB),SAK,44.93333333333333,147.63333333333333
RUCHA,RU,CHA,Chamgu,Chamgu,SAK,50.93333333333333,143.6
RUCHB,RU,CHB,Chebarkul',Chebarkul',,54.96666666666667,60.36666666666667
RUCHM,RU,CHM,Chemashi,Chemashi,KHM,63.03333333333333,65.18333333333334
RUCHU,RU,CHU,Chuya,Chuya,IRK,59.266666666666666,112.43333333333334
RUCPC,RU,CPC,Cpc Terminal,Cpc Terminal,,44.666666666666664,37.65
RUDBK,RU,DBK,Dubovka,Dubovka,VLG,49.05,44.81666666666667
RUDEE,RU,DEE,Yuzhno-Kuril'sk,Yuzhno-Kuril'sk,SAK,44.03333333333333,145.85
RUDHA,RU,DHA,Derbeshkinskiy,Derbeshkinskiy,,55.86666666666667,53.5
RUDKS,RU,DKS,Dikson,Dikson,,73.5,80.5
RUDUB,RU,DUB,Dubna,Dubna,TVE,56.75,37.13333333333333
RUEKO,RU,EKO,Ekonomiya,Ekonomiya,ARK,64.7,40.63333333333333
RUFIP,RU,FIP,Vladivostok,Vladivostok,PRI,43.13333333333333,131.9
RUFPT,RU,FPT,Fish Port Terminal,Fish Port Terminal,,43.13333333333333,131.9
RUGSA,RU,GSA,Gorskaya,Gorskaya,LEN,60.05,29.966666666666665
RUGVY,RU,GVY,Gavrilov-Yam,Gavrilov-Yam,,57.3,39.85
RUHTG,RU,HTG,Hatanga,Hatanga,,71.98333333333333,102.46666666666667
RUHZO,RU,HZO,Orekhovo-Zuevo,Orekhovo-Zuevo,MOS,55.81666666666667,38.96666666666667
RUIDG,RU,IDG,Indiga,Indiga,NEN,67.65,49.016666666666666
RUIOY,RU,IOY,Ikryanoye,Ikryanoye,AST,46.083333333333336,47.733333333333334
RUIVO,RU,IVO,Ivanovo,Ivanovo,,57.016666666666666,41.0
RUKAS,RU,KAS,Kashira,Kashira,,54.833333333333336,38.166666666666664
RUKDT,RU,KDT,Kronshtadt,Kronshtadt,,60.0,29.766666666666666
RUKHO,RU,KHO,Kholmsk,Kholmsk,SAK,47.05,142.05
RUKIK,RU,KIK,Kirensk,Kirensk,IRK,57.766666666666666,108.1
RUKIM,RU,KIM,Kimry,Kimry,TVE,56.88333333333333,37.36666666666667
RUKIY,RU,KIY,Kirovskiy,Kirovskiy,,45.083333333333336,133.5
RUKLK,RU,KLK,Kulakovo,Kulakovo,KYA,58.1,93.76666666666667
RUKLT,RU,KLT,Koltogorskiye,Koltogorskiye,TOM,60.666666666666664,77.46666666666667
RUKLY,RU,KLY,Kalyazin,Kalyazin,TVE,57.233333333333334,37.833333333333336
RUKMA,RU,KMA,Kostomuksha,Kostomuksha,,64.68333333333334,30.816666666666666
RUKNL,RU,KNL,Konets Lug,Konets Lug,IRK,57.15,106.91666666666667
RUKNY,RU,KNY,Khvalynsk,Khvalynsk,SAR,52.483333333333334,48.1
RUKOK,RU,KOK,Konakovo,Konakovo,,56.7,36.78333333333333
RUKOT,RU,KOT,Kotel'nyy,Kotel'nyy,SA,76.0,137.93333333333334
RUKPA,RU,KPA,Kondopoga,Kondopoga,,62.2,34.28333333333333
RUKRA,RU,KRA,Krasnoyarsk,Krasnoyarsk,,56.016666666666666,93.06666666666666
RUKRI,RU,KRI,Krivosheino,Krivosheino,TOM,57.333333333333336,83.95
RUKRY,RU,KRY,Krasnyy Yar,Krasnyy Yar,NVS,55.21666666666667,82.86666666666666
RUKSA,RU,KSA,Kharasavey,Kharasavey,NEN,71.1,66.76666666666667
RUKSI,RU,KSI,Kasimov,Kasimov,,54.93333333333333,41.4
RUKSO,RU,KSO,Krasnotur'insk,Krasnotur'insk,SVE,59.766666666666666,60.46666666666667
RUKTY,RU,KTY,Khatyrka,Khatyrka,CHU,62.06666666666667,175.3
RUKUB,RU,KUB,Kubekovo,Kubekovo,KYA,56.15,98.13333333333334
RUKUF,RU,KUF,Samara,Samara,,53.21666666666667,50.166666666666664
RUKUR,RU,KUR,Kureysk,Kureysk,IRK,58.95,111.33333333333333
RUKVO,RU,KVO,Kolpashevo,Kolpashevo,TOM,58.3,82.93333333333334
RUKYB,RU,KYB,Krasnyye Barrikady,Krasnyye Barrikady,AST,46.2,47.85
RUKYI,RU,KYI,Kolguyev Island,Kolguyev Island,NEN,69.08333333333333,49.15
RUKYK,RU,KYK,Kireyevskoye,Kireyevskoye,TOM,56.03333333333333,84.08333333333333
RUKZH,RU,KZH,Kozhevnikovo,Kozhevnikovo,TOM,56.266666666666666,83.98333333333333
RUKZM,RU,KZM,Kozmino Port,Kozmino Port,,42.71666666666667,133.01666666666668
RUKZP,RU,KZP,Kavkaz,Kavkaz,KDA,45.416666666666664,36.766666666666666
RULBU,RU,LBU,Lyubim,Lyubim,YAR,58.35,40.68333333333333
RULDY,RU,LDY,Lebedyan',Lebedyan',,53.0,39.15
RULED,RU,LED,Saint Petersburg (ex Leningrad),Saint Petersburg (ex Leningrad),SPE,59.88333333333333,30.25
RULEO,RU,LEO,Leonova,Leonova,IRK,57.333333333333336,107.45
RULES,RU,LES,Lesogorsk,Lesogorsk,,49.43333333333333,142.11666666666667
RULEU,RU,LEU,Leushinskiye,Leushinskiye,KHM,62.18333333333333,67.18333333333334
RULNK,RU,LNK,Lensk,Lensk,SA,60.71666666666667,114.93333333333334
RULUG,RU,LUG,Lugovoye,Lugovoye,TOM,57.71666666666667,83.8
RULVR,RU,LVR,Lavrentiya,Lavrentiya,CHU,65.58333333333333,-171.0
RUMA2,RU,MA2,Malino,Malino,MOS,55.1,38.166666666666664
RUMAS,RU,MAS,Miass,Miass,,54.983333333333334,60.1
RUMCX,RU,MCX,Makhachkala,Makhachkala,,42.96666666666667,47.5
RUMDY,RU,MDY,Mamadysh,Mamadysh,TA,55.7,51.38333333333333
RUMKR,RU,MKR,Makarovo,Makarovo,IRK,57.483333333333334,107.8
RUMOG,RU,MOG,Mogochin,Mogochin,TOM,57.7,83.58333333333333
RUMON,RU,MON,Molchanovo,Molchanovo,TOM,57.6,83.8
RUMOW,RU,MOW,Moskva,Moskva,MOW,55.75,37.6
RUMSH,RU,MSH,Mys Shmidta,Mys Shmidta,CHU,68.88333333333334,-179.43333333333334
RUNAC,RU,NAC,Naberezhnyye Chelny,Naberezhnyye Chelny,,55.75,52.416666666666664
RUNAR,RU,NAR,Narym,Narym,TOM,58.916666666666664,81.58333333333333
RUNDK,RU,NDK,Novodvinsk,Novodvinsk,,64.41666666666667,40.833333333333336
RUNJC,RU,NJC,Nizhnevartovsk,Nizhnevartovsk,KHM,60.93333333333333,76.56666666666666
RUNLK,RU,NLK,Neftelensk,Neftelensk,IRK,57.333333333333336,107.06666666666666
RUNMK,RU,NMK,Novomoskovsk,Novomoskovsk,,54.083333333333336,38.18333333333333
RUNOG,RU,NOG,Nogliki,Nogliki,SAK,51.81666666666667,143.1
RUNPE,RU,NPE,Nizhnyaya Pesha,Nizhnyaya Pesha,NEN,66.75,47.766666666666666
RUNVS,RU,NVS,Novorossiysk,Novorossiysk,KDA,44.71666666666667,37.766666666666666
RUOKA,RU,OKA,"Okha, Sakhalin","Okha, Sakhalin",,53.56666666666667,143.0
RUOKZ,RU,OKZ,Okruzhnoe,Okruzhnoe,SAK,50.31666666666667,143.8
RUOLB,RU,OLB,Bukhta Ol'ga,Bukhta Ol'ga,KAM,54.55,161.11666666666667
RUOLO,RU,OLO,Oleniy Ostrov,Oleniy Ostrov,,62.03333333333333,35.333333333333336
RUOLP,RU,OLP,Ol'ga,Ol'ga,PRI,43.733333333333334,135.28333333333333
RUOMK,RU,OMK,Olekminsk,Olekminsk,SA,60.36666666666667,120.41666666666667
RUOYA,RU,OYA,Olya,Olya,AST,45.78333333333333,47.53333333333333
RUOYE,RU,OYE,Oktyabrskoye,Oktyabrskoye,KHM,62.45,66.05
RUOZE,RU,OZE,Oranzherei,Oranzherei,AST,45.833333333333336,47.56666666666667
RUOZK,RU,OZK,Ozerko,Ozerko,MUR,69.71666666666667,32.11666666666667
RUOZY,RU,OZY,Ozëry,Ozery,,54.85,38.55
RUPGE,RU,PGE,Peregrebnoye,Peregrebnoye,KHM,62.983333333333334,65.06666666666666
RUPGN,RU,PGN,Prigorodnoye,Prigorodnoye,SAK,46.61666666666667,142.9
RUPHS,RU,PHS,Prokhorovskiy,Prokhorovskiy,TOM,59.5,79.41666666666667
RUPNV,RU,PNV,Polnovat,Polnovat,KHM,63.78333333333333,65.9
RUPNY,RU,PNY,Pionerskiy,Pionerskiy,KGD,54.95,20.216666666666665
RUPOK,RU,POK,Engels,Engels,SAR,51.5,46.11666666666667
RUPRY,RU,PRY,Preobrazheniye,Preobrazheniye,,42.9,133.9
RUPTP,RU,PTP,Potapova,Potapova,IRK,57.38333333333333,107.51666666666667
RUPVS,RU,PVS,"Provideniya, Bukhta","Provideniya, Bukhta",,64.38333333333334,-173.3
RUPYO,RU,PYO,Poyarkovo,Poyarkovo,AMU,49.6,128.68333333333334
RURND,RU,RND,Rostov-na-Donu,Rostov-na-Donu,ROS,47.233333333333334,39.71666666666667
RURUB,RU,RUB,Rubnoye,Rubnoye,KYA,58.11666666666667,94.51666666666667
RURYK,RU,RYK,Krasnoturansk,Krasnoturansk,KYA,54.31666666666667,91.55
RURZV,RU,RZV,Rzhev,Rzhev,,56.25,34.333333333333336
RUSAB,RU,SAB,Sabetta,Sabetta,YAN,71.25,72.08333333333333
RUSAK,RU,SAK,Aleksandrovsk-Sakhalinskiy,Aleksandrovsk-Sakhalinskiy,,50.9,142.15
RUSIZ,RU,SIZ,Siziman,Siziman,,50.71666666666667,140.41666666666666
RUSLH,RU,SLH,Salekhard,Salekhard,YAN,66.51666666666667,66.6
RUSLK,RU,SLK,Solovki,Solovki,ARK,65.41666666666667,35.68333333333333
RUSNG,RU,SNG,Solnechnogorsk,Solnechnogorsk,,56.18333333333333,36.96666666666667
RUSSK,RU,SSK,Sovetsk,Sovetsk,,55.06666666666667,21.883333333333333
RUSTR,RU,STR,Streika,Streika,KYA,58.083333333333336,93.03333333333333
RUSTY,RU,STY,Svetlyy,Svetlyy,KGD,54.7,20.5
RUSZZ,RU,SZZ,Sestroretsk,Sestroretsk,LEN,60.1,29.95
RUTAM,RU,TAM,Taman',Taman',KDA,45.21666666666667,36.71666666666667
RUTAY,RU,TAY,Tayura,Tayura,IRK,57.0,106.65
RUTAZ,RU,TAZ,Tazovskiy,Tazovskiy,NEN,67.46666666666667,78.73333333333333
RUTDO,RU,TDO,Trudfront,Trudfront,AST,45.916666666666664,47.666666666666664
RUTOI,RU,TOI,Tol'yatti,Tol'yatti,,53.46666666666667,49.5
RUTVK,RU,TVK,Timashevsk,Timashevsk,,45.61666666666667,38.93333333333333
RUUCH,RU,UCH,Ust Chaun,Ust Chaun,CHU,68.8,170.5
RUUEL,RU,UEL,Uelen,Uelen,CHU,66.16666666666667,-169.81666666666666
RUUGC,RU,UGC,Uglich,Uglich,YAR,57.516666666666666,38.31666666666667
RUUKK,RU,UKK,Ust-Kamchatsk,Ust-Kamchatsk,,50.21666666666667,162.65
RUULU,RU,ULU,Ust'-Luga,Ust'-Luga,LEN,59.666666666666664,28.316666666666666
RUURA,RU,URA,Ura-Guba,Ura-Guba,,69.28333333333333,32.8
RUVAR,RU,VAR,Varandey,Varandey,,68.78333333333333,57.983333333333334
RUVAY,RU,VAY,Vaygach,Vaygach,NEN,70.41666666666667,58.75
RUVIT,RU,VIT,Vitino,Vitino,MUR,67.08333333333333,32.333333333333336
RUVKR,RU,VKR,Vankarem,Vankarem,CHU,67.83333333333333,-175.86666666666667
RUVLG,RU,VLG,Volga,Volga,YAR,57.95,38.4
RUVMS,RU,VMS,Vostokmorservice,Vostokmorservice,PRI,43.083333333333336,131.86666666666667
RUVOG,RU,VOG,Volgograd,Volgograd,,48.8,44.583333333333336
RUVTM,RU,VTM,Vitim,Vitim,SA,59.416666666666664,112.56666666666666
RUVTZ,RU,VTZ,Vityaz,Vityaz,,42.6,131.16666666666666
RUVYE,RU,VYE,Vertikoye,Vertikoye,TOM,59.38333333333333,79.68333333333334
RUVYK,RU,VYK,Vyksa,Vyksa,NIZ,55.31666666666667,42.166666666666664
RUVYP,RU,VYP,Vostochnyy Port,Vostochnyy Port,,42.766666666666666,133.05
RUVYS,RU,VYS,Vysotsk,Vysotsk,,60.63333333333333,28.566666666666666
RUVZH,RU,VZH,Volzhsk,Volzhsk,,55.833333333333336,48.25
RUXC2,RU,XC2,Kotel'niki,Kotel'niki,MOS,55.63333333333333,37.85
RUYAM,RU,YAM,Yamburg,Yamburg,NEN,68.28333333333333,77.15
RUYTS,RU,YTS,Yartsevo,Yartsevo,SMO,55.06666666666667,32.666666666666664
RUZAR,RU,ZAR,Zarubino,Zarubino,,42.61666666666667,131.08333333333334
RUZCA,RU,ZCA,Balozhi,Balozhi,NGR,58.36666666666667,31.883333333333333
RUZDK,RU,ZDK,Zelënodol'sk,Zelenodol'sk,,55.833333333333336,48.516666666666666
RWNSA,RW,NSA,Nyagatare,Nyagatare,02,-1.2833333333333332,30.316666666666666
RWRW4,RW,RW4,Rwamagana,Rwamagana,02,1.95,30.433333333333334
SAAMU,SA,AMU,Al Muajjiz,Al Muajjiz,,23.466666666666665,38.38333333333333
SAAQK,SA,AQK,Al Khobar,Al Khobar,04,26.283333333333335,50.2
SABUR,SA,BUR,Buraydah,Buraydah,5,26.316666666666666,43.96666666666667
SADHU,SA,DHU,Port of NEOM,Port of NEOM,,27.566666666666666,34.55
SADMM,SA,DMM,Ad Dammam,Ad Dammam,04,26.5,50.2
SAGIZ,SA,GIZ,Jizan,Jizan,,16.9,42.5
SAJBI,SA,JBI,Al Jubayl Industrial City,Al Jubayl Industrial City,,27.083333333333332,49.7
SAJEC,SA,JEC,Jazan Economic City,Jazan Economic City,09,17.283333333333335,42.333333333333336
SAJED,SA,JED,Jeddah,Jeddah,02,21.466666666666665,39.166666666666664
SAJUB,SA,JUB,Jubail,Jubail,,27.016666666666666,49.666666666666664
SAJUT,SA,JUT,Juaymah Terminal,Juaymah Terminal,,26.916666666666668,50.016666666666666
SAJYC,SA,JYC,Jeddah Yachts Club Port,Jeddah Yachts Club Port,02,21.65,39.1
SAKAC,SA,KAC,King Abdullah City,King Abdullah City,02,22.4,39.083333333333336
SAKHU,SA,KHU,Al Khuraibah,Al Khuraibah,07,28.05,35.166666666666664
SANEO,SA,NEO,Neom,Neom,14,27.566666666666666,35.55
SAQAH,SA,QAH,Al Qahmah,Al Qahmah,09,18.016666666666666,41.666666666666664
SAQUN,SA,QUN,Al Qunfudah,Al Qunfudah,09,19.116666666666667,41.06666666666667
SARAZ,SA,RAZ,Ras Al-Khair,Ras Al-Khair,04,27.55,49.2
SARTA,SA,RTA,Ras Tanura,Ras Tanura,,26.633333333333333,50.15
SASHU,SA,SHU,Shuaibah,Shuaibah,,20.683333333333334,39.516666666666666
SAVLA,SA,VLA,Umm Lajj,Umm Lajj,,25.016666666666666,37.266666666666666
SAYBI,SA,YBI,Yanbu Industrial City,Yanbu Industrial City,03,23.933333333333334,38.25
SAYNB,SA,YNB,Yanbu commercial city,Yanbu commercial city,03,24.066666666666666,38.05
SBCHY,SB,CHY,Choiseul Bay,Choiseul Bay,,-6.7,156.43333333333334
SBGZO,SB,GZO,Gizo,Gizo,,-8.1,156.85
SBLAT,SB,LAT,Lata,Lata,TE,-10.716666666666667,165.8
SBLEV,SB,LEV,Lever Harbour,Lever Harbour,,-8.016666666666667,157.6
SBNEM,SB,NEM,Nemba,Nemba,,-10.766666666666667,165.7
SBRIN,SB,RIN,"Ringgi Cove, Kolombangara","Ringgi Cove, Kolombangara",,-8.116666666666667,157.11666666666667
SBSHH,SB,SHH,Shortland Harbour,Shortland Harbour,,-7.083333333333333,155.86666666666667
SBXYA,SB,XYA,"Yandina, Russell Island","Yandina, Russell Island",,-9.116666666666667,159.21666666666667
SCVIC,SC,VIC,Victoria,Victoria,22,-4.616666666666667,55.45
SDMBH,SD,MBH,Marsa Bashayer,Marsa Bashayer,,19.383333333333333,37.3
SEAGB,SE,AGB,Agnesberg,Agnesberg,O,57.78333333333333,11.983333333333333
SEAGE,SE,AGE,Ånge,Ange,Y,62.516666666666666,15.616666666666667
SEAGN,SE,AGN,Älvängen,Alvangen,O,57.95,12.116666666666667
SEAHU,SE,AHU,Åhus,Ahus,M,55.916666666666664,14.283333333333333
SEALA,SE,ALA,Ala,Ala,X,61.21666666666667,17.15
SEALN,SE,ALN,Älvenäs,Alvenas,S,59.38333333333333,13.183333333333334
SEAMA,SE,AMA,Åmål,Amal,O,59.05,12.7
SEANN,SE,ANN,Ånn,Ann,Z,63.31666666666667,12.533333333333333
SEARA,SE,ARA,Arboga,Arboga,U,59.38333333333333,15.85
SEBAA,SE,BAA,Bålsta,Balsta,C,59.583333333333336,17.5
SEBBH,SE,BBH,Barsebäckshamn,Barsebackshamn,M,55.75,12.9
SEBEA,SE,BEA,Bergkvara,Bergkvara,H,56.38333333333333,16.083333333333332
SEBER,SE,BER,Bergs oljehamn,Bergs oljehamn,AB,59.31666666666667,18.166666666666668
SEBGA,SE,BGA,Berga Örlogsskolor,Berga Orlogsskolor,,59.083333333333336,18.15
SEBJR,SE,BJR,Bjärred,Bjarred,M,55.71666666666667,13.016666666666667
SEBOH,SE,BOH,Bohus,Bohus,O,57.85,12.0
SEBOL,SE,BOL,Bollstabruk,Bollstabruk,Y,63.0,17.683333333333334
SEBRO,SE,BRO,Brofjorden,Brofjorden,O,58.35,11.383333333333333
SEBRU,SE,BRU,Brunflo,Brunflo,Z,63.083333333333336,14.816666666666666
SEBVK,SE,BVK,Bråviken,Braviken,E,58.63333333333333,16.533333333333335
SEDJN,SE,DJN,Djurön,Djuron,E,58.63333333333333,16.35
SEDRT,SE,DRT,Drottningholm,Drottningholm,AB,59.31666666666667,17.883333333333333
SEELL,SE,ELL,Elleholm,Elleholm,K,56.166666666666664,14.75
SEELO,SE,ELO,Ellös,Ellos,O,58.18333333333333,11.466666666666667
SEENK,SE,ENK,Enköping,Enkoping,C,59.666666666666664,17.1
SEESS,SE,ESS,Essvik,Essvik,Y,62.3,17.383333333333333
SEFAG,SE,FAG,Falkenberg,Falkenberg,N,56.88333333333333,12.5
SEFAR,SE,FAR,Färjestaden,Farjestaden,H,56.65,16.45
SEFLI,SE,FLI,Flivik,Flivik,H,57.55,16.583333333333332
SEFOR,SE,FOR,Forsmark,Forsmark,C,60.36666666666667,18.15
SEGAM,SE,GAM,Gamleby,Gamleby,H,57.9,16.4
SEGKS,SE,GKS,Gustavsvik/Stockholm,Gustavsvik/Stockholm,AB,59.31666666666667,18.3
SEGKV,SE,GKV,Grankullavik,Grankullavik,H,57.333333333333336,17.1
SEGLM,SE,GLM,Glommen,Glommen,N,56.93333333333333,12.35
SEGNR,SE,GNR,Grönö,Grono,C,60.516666666666666,17.733333333333334
SEGOA,SE,GOA,Göta,Gota,O,58.11666666666667,12.133333333333333
SEGOR,SE,GOR,Gorsingeholm,Gorsingeholm,D,59.35,17.05
SEGOT,SE,GOT,Göteborg,Goteborg,O,57.71666666666667,11.966666666666667
SEGRH,SE,GRH,Grisslehamn,Grisslehamn,AB,60.1,18.833333333333332
SEGRU,SE,GRU,Gruvön,Gruvon,S,59.333333333333336,13.116666666666667
SEGUS,SE,GUS,Gustavsvik,Gustavsvik,Y,62.833333333333336,17.883333333333333
SEGVX,SE,GVX,Gävle,Gavle,X,60.666666666666664,17.166666666666668
SEHAC,SE,HAC,Hackås,Hackas,Z,62.916666666666664,14.516666666666667
SEHAD,SE,HAD,Halmstad,Halmstad,N,56.666666666666664,12.85
SEHAH,SE,HAH,Haraholmen,Haraholmen,BD,65.23333333333333,21.65
SEHAK,SE,HAK,Hallstavik,Hallstavik,AB,60.05,18.6
SEHAN,SE,HAN,Hargshamn,Hargshamn,C,60.166666666666664,18.466666666666665
SEHBV,SE,HBV,Hässelbyverket/Stockholm,Hasselbyverket/Stockholm,AB,59.35,17.483333333333334
SEHMR,SE,HMR,Hammar,Hammar,T,58.81666666666667,14.95
SEHND,SE,HND,Härnösand,Harnosand,Y,62.63333333333333,17.933333333333334
SEHNF,SE,HNF,Hörnefors,Hornefors,AC,63.63333333333333,19.9
SEHOG,SE,HOG,Höganäs,Hoganas,M,56.2,12.55
SEHON,SE,HON,Hönsäter,Honsater,O,58.63333333333333,13.416666666666666
SEHST,SE,HST,Heestrand,Heestrand,O,58.516666666666666,11.283333333333333
SEHUS,SE,HUS,Husum,Husum,Y,63.333333333333336,19.166666666666668
SEHUV,SE,HUV,Hudiksvall,Hudiksvall,X,61.733333333333334,17.1
SEIGG,SE,IGG,Iggesund,Iggesund,X,61.63333333333333,17.066666666666666
SEJAR,SE,JAR,Järfälla,Jarfalla,AB,59.4,17.866666666666667
SEJNA,SE,JNA,Jörlanda,Jorlanda,O,57.983333333333334,11.816666666666666
SEKAA,SE,KAA,Karlskrona,Karlskrona,K,56.166666666666664,15.583333333333334
SEKAF,SE,KAF,Strå,Stra,I,57.88333333333333,19.016666666666666
SEKAL,SE,KAL,Kalmarsand,Kalmarsand,C,59.55,17.55
SEKAN,SE,KAN,Karlshamn,Karlshamn,K,56.166666666666664,14.85
SEKAS,SE,KAS,Karskär,Karskar,X,60.68333333333333,17.266666666666666
SEKBK,SE,KBK,Karlholmsbruk,Karlholmsbruk,C,60.516666666666666,17.616666666666667
SEKGG,SE,KGG,Kagghamra,Kagghamra,,59.083333333333336,17.783333333333335
SEKGM,SE,KGM,Klagshamn,Klagshamn,M,55.53333333333333,12.916666666666666
SEKGR,SE,KGR,Kungsör,Kungsor,U,59.43333333333333,16.1
SEKHN,SE,KHN,Kristinehamn,Kristinehamn,S,59.333333333333336,14.116666666666667
SEKKS,SE,KKS,Kyrkesund,Kyrkesund,O,58.016666666666666,11.516666666666667
SEKLA,SE,KLA,Klavreström,Klavrestrom,G,57.13333333333333,15.133333333333333
SEKLD,SE,KLD,Klädesholmen,Kladesholmen,O,57.95,11.533333333333333
SEKLI,SE,KLI,Klintehamn,Klintehamn,I,57.4,18.2
SEKLR,SE,KLR,Kalmar,Kalmar,H,56.666666666666664,16.366666666666667
SEKMH,SE,KMH,Köpmanholmen,Kopmanholmen,Y,63.166666666666664,18.566666666666666
SEKOG,SE,KOG,Köping,Koping,U,59.516666666666666,15.983333333333333
SEKPH,SE,KPH,Kappelshamn,Kappelshamn,I,57.85,18.783333333333335
SEKPS,SE,KPS,Kapellskär,Kapellskar,AB,59.71666666666667,19.066666666666666
SEKRF,SE,KRF,Kramfors,Kramfors,Y,62.93333333333333,17.783333333333335
SEKRH,SE,KRH,Kårehamn,Karehamn,H,56.95,16.9
SEKSD,SE,KSD,Karlstad,Karlstad,S,59.36666666666667,13.5
SEKUA,SE,KUA,Kungsbacka,Kungsbacka,N,57.483333333333334,12.083333333333334
SEKUN,SE,KUN,Kungshamn,Kungshamn,O,58.35,11.25
SEKVK,SE,KVK,Kalvik,Kalvik,O,59.06666666666667,11.183333333333334
SEKXV,SE,KXV,Karlsborg Axelvik,Karlsborg Axelvik,BD,65.8,23.283333333333335
SELAA,SE,LAA,Landskrona,Landskrona,M,55.86666666666667,12.833333333333334
SELAV,SE,LAV,Landvetter,Landvetter,O,57.68333333333333,12.2
SELDK,SE,LDK,Lidköping,Lidkoping,O,58.5,13.5
SELDO,SE,LDO,Lödöse,Lodose,O,58.03333333333333,12.133333333333333
SELED,SE,LED,Lilla Edet,Lilla Edet,O,58.13333333333333,12.133333333333333
SELIM,SE,LIM,Limhamn,Limhamn,M,55.583333333333336,12.95
SELIS,SE,LIS,Linanäs,Linanas,AB,59.766666666666666,19.133333333333333
SELJP,SE,LJP,Ljungsarp,Ljungsarp,O,57.56666666666667,13.583333333333334
SELJU,SE,LJU,Ljusne,Ljusne,X,61.21666666666667,17.133333333333333
SELLA,SE,LLA,Luleå,Lulea,BD,65.58333333333333,22.15
SELOD,SE,LOD,Löddeköpinge,Loddekopinge,M,55.766666666666666,13.016666666666667
SELOT,SE,LOT,Löten,Loten,,59.416666666666664,17.583333333333332
SELUG,SE,LUG,Lugnvik,Lugnvik,Y,63.28333333333333,18.733333333333334
SELYS,SE,LYS,Lysekil,Lysekil,O,58.28333333333333,11.433333333333334
SEMAD,SE,MAD,Mariestad,Mariestad,O,58.7,13.816666666666666
SEMAV,SE,MAV,Marviken,Marviken,E,58.55,16.833333333333332
SEMLE,SE,MLE,Mölle,Molle,M,56.28333333333333,12.5
SEMMA,SE,MMA,Malmö,Malmo,M,55.6,13.0
SEMON,SE,MON,Mönsterås,Monsteras,H,57.03333333333333,16.433333333333334
SEMOR,SE,MOR,Mörbylånga,Morbylanga,H,56.516666666666666,16.383333333333333
SEMSD,SE,MSD,Marstrand,Marstrand,O,57.88333333333333,13.583333333333334
SEMSK,SE,MSK,Muskö,Musko,AB,58.96666666666667,18.116666666666667
SENOE,SE,NOE,Norrtälje,Norrtalje,AB,59.75,18.716666666666665
SENOG,SE,NOG,Nordmaling,Nordmaling,AC,63.666666666666664,19.416666666666668
SENOL,SE,NOL,Nol (ports),Nol (ports),O,57.916666666666664,12.066666666666666
SENOT,SE,NOT,Norrsundet,Norrsundet,X,60.95,17.133333333333333
SENRK,SE,NRK,Norrköping,Norrkoping,E,58.6,16.183333333333334
SENRR,SE,NRR,Norvik,Norvik,AB,58.93333333333333,17.966666666666665
SENST,SE,NST,Noraström,Norastrom,Y,62.86666666666667,18.033333333333335
SENYN,SE,NYN,Nynäshamn,Nynashamn,AB,58.9,17.95
SENYO,SE,NYO,Nyköping,Nykoping,D,58.916666666666664,17.166666666666668
SEOEN,SE,OEN,Ön,On,C,59.46666666666667,17.383333333333333
SEOER,SE,OER,Örnsköldsvik,Ornskoldsvik,Y,63.3,18.716666666666665
SEORT,SE,ORT,Ortviken,Ortviken,Y,62.38333333333333,17.35
SEOSK,SE,OSK,Oskarshamn,Oskarshamn,H,57.266666666666666,16.433333333333334
SEOST,SE,OST,Östrand,Ostrand,X,62.46666666666667,17.316666666666666
SEOTT,SE,OTT,Otterbäcken,Otterbacken,O,58.95,14.033333333333333
SEOXE,SE,OXE,Oxelösund,Oxelosund,D,58.666666666666664,17.1
SEPHM,SE,PHM,Pataholm,Pataholm,H,56.916666666666664,16.416666666666668
SEPIT,SE,PIT,Piteå,Pitea,BD,65.33333333333333,21.5
SERBY,SE,RBY,Ronnebyhamn,Ronnebyhamn,K,56.18333333333333,15.3
SERIN,SE,RIN,Ringhals,Ringhals,N,57.25,12.083333333333334
SERNB,SE,RNB,Ronneby,Ronneby,K,56.2,15.3
SERNG,SE,RNG,Rönnäng,Ronnang,O,57.93333333333333,11.583333333333334
SERNH,SE,RNH,Ronehamn,Ronehamn,I,57.166666666666664,18.483333333333334
SERUV,SE,RUV,Rundvik,Rundvik,AC,63.53333333333333,19.433333333333334
SESAF,SE,SAF,Säffle,Saffle,S,59.13333333333333,12.916666666666666
SESDK,SE,SDK,Sundsbruk,Sundsbruk,Y,62.45,17.35
SESDL,SE,SDL,Sundsvall,Sundsvall,Y,62.38333333333333,17.3
SESDS,SE,SDS,Studsvik,Studsvik,D,58.766666666666666,17.383333333333333
SESFT,SE,SFT,Skellefteå,Skelleftea,AC,64.76666666666667,20.95
SESGM,SE,SGM,Skagshamn,Skagshamn,Y,63.21666666666667,19.016666666666666
SESGT,SE,SGT,Sigtuna,Sigtuna,AB,59.61666666666667,17.716666666666665
SESIM,SE,SIM,Simrishamn,Simrishamn,M,55.55,14.333333333333334
SESKE,SE,SKE,Skelleftehamn,Skelleftehamn,AC,64.68333333333334,21.233333333333334
SESKM,SE,SKM,Skärhamn,Skarhamn,O,57.983333333333334,11.55
SESKO,SE,SKO,Skoghall,Skoghall,S,59.333333333333336,13.433333333333334
SESKT,SE,SKT,Skattkärr,Skattkarr,S,59.416666666666664,13.633333333333333
SESLI,SE,SLI,Slite,Slite,I,57.71666666666667,18.8
SESMD,SE,SMD,Strömstad,Stromstad,O,58.93333333333333,11.183333333333334
SESMN,SE,SMN,Storuman,Storuman,AC,65.1,17.1
SESND,SE,SND,Svanesund,Svanesund,O,58.13333333333333,11.833333333333334
SESNR,SE,SNR,Skanör,Skanor,M,55.416666666666664,12.85
SESOE,SE,SOE,Södertälje,Sodertalje,AB,59.2,17.616666666666667
SESOL,SE,SOL,Sölvesborg,Solvesborg,K,56.05,14.55
SESOR,SE,SOR,Söråker,Soraker,Y,62.5,17.5
SESPP,SE,SPP,Simpevarp,Simpevarp,H,57.416666666666664,16.666666666666668
SESSR,SE,SSR,Skutskär,Skutskar,C,60.63333333333333,17.416666666666668
SESTA,SE,STA,Stocka,Stocka,X,61.88333333333333,17.333333333333332
SESTE,SE,STE,Stenungsund,Stenungsund,O,58.75,11.816666666666666
SESTG,SE,STG,Stigtomta,Stigtomta,D,58.8,16.783333333333335
SESTJ,SE,STJ,Stavsjö,Stavsjo,G,56.833333333333336,13.8
SESTK,SE,STK,Stockviksverken,Stockviksverken,Y,62.333333333333336,17.35
SESTO,SE,STO,Stockholm,Stockholm,AB,59.333333333333336,18.05
SESTQ,SE,STQ,Strängnäs,Strangnas,D,59.38333333333333,17.033333333333335
SESTR,SE,STR,"Sandvik, Styrsö","Sandvik, Styrso",O,57.61666666666667,11.766666666666667
SESTU,SE,STU,Stugsund,Stugsund,X,61.3,17.05
SESTV,SE,STV,Stora Vika,Stora Vika,AB,58.93333333333333,17.8
SESUR,SE,SUR,Surte,Surte,O,57.81666666666667,12.016666666666667
SESUS,SE,SUS,Storugns,Storugns,I,57.75,18.816666666666666
SETHN,SE,THN,Trollhättan,Trollhattan,O,58.266666666666666,12.3
SETOA,SE,TOA,Torshälla,Torshalla,D,59.416666666666664,16.45
SETOE,SE,TOE,Töre,Tore,BD,65.9,22.65
SETRG,SE,TRG,Trelleborg,Trelleborg,M,55.36666666666667,13.166666666666666
SETSL,SE,TSL,Träslövsläge,Traslovslage,N,57.05,12.266666666666667
SETTD,SE,TTD,Tomtbod,Tomtbod,I,57.18333333333333,18.533333333333335
SETUN,SE,TUN,Tunadal,Tunadal,Y,62.4,17.366666666666667
SEUDD,SE,UDD,Uddevalla,Uddevalla,O,58.36666666666667,11.933333333333334
SEUME,SE,UME,Umeå,Umea,AC,63.833333333333336,20.25
SEUND,SE,UND,Underås,Underas,AB,59.266666666666666,17.533333333333335
SEUPP,SE,UPP,Uppsala,Uppsala,C,59.86666666666667,17.633333333333333
SEVAA,SE,VAA,Vålberg,Valberg,S,59.4,13.166666666666666
SEVAL,SE,VAL,Vallvik,Vallvik,X,61.18333333333333,17.183333333333334
SEVAN,SE,VAN,Vänersborg,Vanersborg,O,58.36666666666667,12.316666666666666
SEVBY,SE,VBY,Visby,Visby,I,57.63333333333333,18.3
SEVGN,SE,VGN,Vargön,Vargon,O,58.36666666666667,12.366666666666667
SEVGO,SE,VGO,Vrångö,Vrango,O,57.56666666666667,11.783333333333333
SEVRB,SE,VRB,Vårby,Varby,AB,59.25,17.866666666666667
SEVST,SE,VST,Västerås,Vasteras,U,59.61666666666667,16.55
SEVVK,SE,VVK,Västervik,Vastervik,H,57.75,16.633333333333333
SEVXH,SE,VXH,Vaxholm,Vaxholm,AB,59.4,18.333333333333332
SEWAL,SE,WAL,Wallhamn,Wallhamn,O,58.016666666666666,11.7
SEYST,SE,YST,Ystad,Ystad,M,55.416666666666664,13.816666666666666
SGAYC,SG,AYC,Pulau Ayer Chawan,Pulau Ayer Chawan,05,1.2666666666666666,103.7
SGCHG,SG,CHG,Changi,Changi,04,1.35,103.98333333333333
SGJUR,SG,JUR,Jurong,Jurong,05,1.3333333333333333,103.7
SGKEP,SG,KEP,Keppel,Keppel,01,1.2666666666666666,103.83333333333333
SGPAP,SG,PAP,Pasir Panjang,Pasir Panjang,05,1.2666666666666666,103.78333333333333
SGPPT,SG,PPT,PASIR PANJANG Terminal,PASIR PANJANG Terminal,05,1.2833333333333332,103.76666666666667
SGPUB,SG,PUB,Pulau Bukom,Pulau Bukom,05,1.2333333333333334,103.76666666666667
SGSEB,SG,SEB,Pulau Sebarok,Pulau Sebarok,05,1.2,103.8
SGSEM,SG,SEM,Sembawang,Sembawang,03,1.45,103.81666666666666
SGSIN,SG,SIN,Singapore,Singapore,,1.2833333333333332,103.85
SGSLT,SG,SLT,Seletar,Seletar,01,1.4,103.86666666666666
SGTPG,SG,TPG,Tanjong Pagar,Tanjong Pagar,01,1.2666666666666666,103.85
SGTPN,SG,TPN,Tanjong Penjuru,Tanjong Penjuru,05,1.3166666666666667,103.73333333333333
SGTUA,SG,TUA,Tuas,Tuas,05,1.3166666666666667,103.65
SHASC,SH,ASC,Ascension,Ascension,,-7.95,-14.35
SHRPT,SH,RPT,Rupert's Bay,Rupert's Bay,HL,-15.916666666666666,-5.7
SIDBO,SI,DBO,Dobrovo,Dobrovo,007,45.983333333333334,133.25
SIJCE,SI,JCE,Jesenice,Jesenice,041,46.416666666666664,14.066666666666666
SILU6,SI,LU6,Trojane,Trojane,068,46.18333333333333,14.866666666666667
SIROG,SI,ROG,Rogasovci,Rogasovci,105,46.8,16.033333333333335
SIS8L,SI,S8L,Selca,Selca,146,46.21666666666667,14.2
SISEC,SI,SEC,Secovlje,Secovlje,090,45.46666666666667,13.616666666666667
SISLV,SI,SLV,Lukovica pri Domzalah,Lukovica pri Domzalah,,46.166666666666664,-144.33333333333334
SISML,SI,SML,Mala Nedelja,Mala Nedelja,063,46.516666666666666,16.05
SITOL,SI,TOL,Tolmin,Tolmin,128,46.166666666666664,13.716666666666667
SIVB9,SI,VB9,Vremski Britof,Vremski Britof,019,45.65,14.016666666666667
SIVOJ,SI,VOJ,Vojnik,Vojnik,139,46.28333333333333,15.3
SIVRA,SI,VRA,Vransko,Vransko,190,46.233333333333334,14.95
SIVUH,SI,VUH,Vuhred,Vuhred,101,46.583333333333336,15.233333333333333
SIXZA,SI,XZA,Zgornji Jakobski Dol,Zgornji Jakobski Dol,089,46.63333333333333,15.75
SIZ35,SI,Z35,Zgornji Leskovec,Zgornji Leskovec,135,46.31666666666667,15.933333333333334
SIZ42,SI,Z42,Zagorje ob Savi,Zagorje ob Savi,142,46.13333333333333,15.0
SIZ95,SI,Z95,Zgornje Jezersko,Zgornje Jezersko,095,46.38333333333333,14.466666666666667
SIZAB,SI,ZAB,Zabnica,Zabnica,052,46.18333333333333,14.316666666666666
SIZAG,SI,ZAG,Zagradec,Zagradec,039,45.85,14.833333333333334
SIZAV,SI,ZAV,Zavrc,Zavrc,028,46.38333333333333,16.033333333333335
SIZBU,SI,ZBU,Zabukovje nad Sevnico,Zabukovje nad Sevnico,110,46.05,15.366666666666667
SIZDO,SI,ZDO,Zdole,Zdole,054,45.96666666666667,15.533333333333333
SIZET,SI,ZET,Zetale,Zetale,069,46.266666666666666,15.783333333333333
SIZGB,SI,ZGB,Zgornja Besnica,Zgornja Besnica,052,46.266666666666666,14.283333333333333
SIZGK,SI,ZGK,Zgornja Korena,Zgornja Korena,026,46.516666666666666,15.75
SIZGL,SI,ZGL,Zgornja Loznica,Zgornja Loznica,113,46.333333333333336,15.65
SIZGP,SI,ZGP,Zgornja Polskava,Zgornja Polskava,113,46.416666666666664,15.6
SIZGV,SI,ZGV,Zgornja Velka,Zgornja Velka,118,46.666666666666664,15.766666666666667
SIZID,SI,ZID,Zidani Most,Zidani Most,057,46.083333333333336,15.166666666666666
SIZIR,SI,ZIR,Zirovnica,Zirovnica,041,46.4,14.133333333333333
SIZUZ,SI,ZUZ,Zuzemberk,Zuzemberk,085,45.833333333333336,14.916666666666666
SJBAR,SJ,BAR,Barentsburg,Barentsburg,,78.06666666666666,14.2
SJLYR,SJ,LYR,Longyearbyen,Longyearbyen,,78.21666666666667,15.633333333333333
SJNYA,SJ,NYA,Ny-Ålesund,Ny-Alesund,,78.93333333333334,11.95
SJSVE,SJ,SVE,Sveagruva,Sveagruva,,77.85,16.65
SKDF4,SK,DF4,Spisský Stiavnik,Spissky Stiavnik,PV,49.0,20.366666666666667
SKDVO,SK,DVO,Dvorniky,Dvorniky,KI,48.6,20.833333333333332
SKDXZ,SK,DXZ,Valaska,Valaska,BC,48.81666666666667,19.583333333333332
SKFD3,SK,FD3,Krásno,Krasno,TC,48.6,18.316666666666666
SKGLT,SK,GLT,Galanta,Galanta,TA,48.2,17.716666666666665
SKHIL,SK,HIL,Mojmírovce,Mojmirovce,NI,48.21666666666667,18.066666666666666
SKK87,SK,K87,Sady nad Torysou,Sady nad Torysou,KI,48.7,21.333333333333332
SKKAO,SK,KAO,Kolárovo,Kolarovo,NI,47.9,17.983333333333334
SKKVE,SK,KVE,Kvetoslavov,Kvetoslavov,TA,48.05,17.35
SKMAT,SK,MAT,Martovce,Martovce,,47.85,18.116666666666667
SKMOD,SK,MOD,Modra,Modra,,48.333333333333336,17.316666666666666
SKPLB,SK,PLB,Praha,Praha,BC,48.36666666666667,19.516666666666666
SKPOP,SK,POP,Poprad,Poprad,PV,49.05,20.3
SKSLK,SK,SLK,Siladice,Siladice,TA,48.36666666666667,17.75
SKTEP,SK,TEP,Teplicka nad Vahom,Teplicka nad Vahom,ZI,49.233333333333334,18.8
SKTLM,SK,TLM,Tlmace,Tlmace,,48.28333333333333,18.533333333333335
SKTNA,SK,TNA,Trnava,Trnava,TA,48.36666666666667,17.583333333333332
SKTUT,SK,TUT,Turcianske Teplice,Turcianske Teplice,ZI,48.86666666666667,18.866666666666667
SKVZK,SK,VZK,Vel'ké Zlievce,Vel'ke Zlievce,BC,48.2,19.45
SKXCV,SK,XCV,Malá Trna,Mala Trna,KI,48.45,21.683333333333334
SKZIA,SK,ZIA,Ziar nad Hronom,Ziar nad Hronom,,48.583333333333336,18.866666666666667
SLKSY,SL,KSY,Kissy,Kissy,W,8.466666666666667,-13.183333333333334
SMAQ8,SM,AQ8,Gualdicciolo,Gualdicciolo,01,43.95,12.4
SNXLS,SN,XLS,Saint Louis,Saint Louis,SL,16.033333333333335,-16.5
SOELM,SO,ELM,El Maan,El Maan,,2.1666666666666665,45.6
SOGHR,SO,GHR,Giohar,Giohar,,2.7666666666666666,45.516666666666666
SOGRC,SO,GRC,Garacad,Garacad,MU,6.933333333333334,49.31666666666667
SRLLW,SR,LLW,Lelydorp,Lelydorp,WA,5.7,-55.233333333333334
SVAPO,SV,APO,Apopa,Apopa,SS,13.8,-89.16666666666667
SVLLD,SV,LLD,La Libertad,La Libertad,LI,13.483333333333333,-89.31666666666666
SVNCU,SV,NCU,Nuevo Cuscatlan,Nuevo Cuscatlan,LI,13.633333333333333,-89.25
SVSSO,SV,SSO,Armenia,Armenia,SO,13.733333333333333,89.48333333333333
SXGES,SX,GES,Gallis Bay,Gallis Bay,,18.016666666666666,-63.06666666666667
SXMAR,SX,MAR,Marigot,Marigot,,18.066666666666666,-63.06666666666667
SXPHI,SX,PHI,Philipsburg,Philipsburg,,18.016666666666666,-63.03333333333333
SXSXM,SX,SXM,Sint-Maarten Apt,Sint-Maarten Apt,,18.05,-63.11666666666667
SYALD,SY,ALD,Al Ladhiqiyah,Al Ladhiqiyah,,35.516666666666666,35.78333333333333
SYARW,SY,ARW,Arwad,Arwad,TA,34.85,35.85
SYBAN,SY,BAN,Baniyas,Baniyas,TA,35.18333333333333,35.95
SYBEN,SY,BEN,Banghazi,Banghazi,,32.11666666666667,20.066666666666666
SYLTK,SY,LTK,Latakia,Latakia,,35.516666666666666,35.78333333333333
SYTAO,SY,TAO,Tartus Oil Terminal,Tartus Oil Terminal,TA,34.96666666666667,35.88333333333333
SYTTS,SY,TTS,Tartus,Tartus,TA,34.9,35.9
SZ7DS,SZ,7DS,Sidvokodvo,Sidvokodvo,MA,-26.616666666666667,31.45
SZMAL,SZ,MAL,Malkerns,Malkerns,LU,-26.566666666666666,31.183333333333334
SZNHL,SZ,NHL,Nhlangano,Nhlangano,,-27.116666666666667,31.2
TC9CB,TC,9CB,Cockburn Harbour,Cockburn Harbour,,21.483333333333334,-71.53333333333333
TFPFR,TF,PFR,Port-aux-Français,Port-aux-Francais,,-49.333333333333336,70.21666666666667
TGANE,TG,ANE,Aného,Aneho,,6.233333333333333,1.6
THBAI,TH,BAI,Bangpoomai,Bangpoomai,11,13.533333333333333,100.66666666666667
THBEN,TH,BEN,Benchamas,Benchamas,,10.516666666666667,101.31666666666666
THBKK,TH,BKK,Bangkok,Bangkok,10,13.75,100.51666666666667
THBMT,TH,BMT,Bangkok Modern Terminals/Bangkok,Bangkok Modern Terminals/Bangkok,,13.6,100.58333333333333
THBND,TH,BND,Ban Don,Ban Don,84,9.183333333333334,99.36666666666666
THBNG,TH,BNG,Bangnara,Bangnara,96,6.433333333333334,101.83333333333333
THBNK,TH,BNK,Ban Kantang,Ban Kantang,92,7.416666666666667,99.5
THBNL,TH,BNL,Ban Laem,Ban Laem,76,13.116666666666667,100.11666666666666
THBPG,TH,BPG,Ban Pong,Ban Pong,,13.8,99.86666666666666
THBPK,TH,BPK,Ban Prakop Customs House,Ban Prakop Customs House,90,6.466666666666667,100.71666666666667
THBSP,TH,BSP,Bang Saphan,Bang Saphan,,11.2,99.51666666666667
THBTC,TH,BTC,Bangpakong Terminal,Bangpakong Terminal,24,13.466666666666667,100.98333333333333
THBTP,TH,BTP,Ban Talat Takua Pa,Ban Talat Takua Pa,82,8.833333333333334,98.36666666666666
THCHA,TH,CHA,Chanthaburi,Chanthaburi,22,12.3,102.23333333333333
THCHS,TH,CHS,Chiang Saen Customs House,Chiang Saen Customs House,57,20.316666666666666,100.06666666666666
THCHU,TH,CHU,Chumphon,Chumphon,86,10.433333333333334,99.26666666666667
THECT,TH,ECT,Ekachai Container Terminal,Ekachai Container Terminal,74,13.583333333333334,100.31666666666666
THERA,TH,ERA,Erawan,Erawan,,9.066666666666666,101.4
THHOP,TH,HOP,Hoping,Hoping,,24.266666666666666,121.73333333333333
THI6C,TH,I6C,T S Transport and Logistics,T S Transport and Logistics,11,13.65,100.56666666666666
THKAN,TH,KAN,Kantang,Kantang,92,7.4,99.51666666666667
THKHA,TH,KHA,Khanom,Khanom,80,9.2,99.88333333333334
THKLA,TH,KLA,Ko Lanta,Ko Lanta,81,8.05,98.9
THKLY,TH,KLY,Khlong Yai,Khlong Yai,23,11.766666666666667,102.9
THKPT,TH,KPT,Kamphaeng Phet,Kamphaeng Phet,62,16.466666666666665,99.51666666666667
THKRU,TH,KRU,Phra Khanong,Phra Khanong,10,13.7,100.6
THKRV,TH,KRV,Krabi,Krabi,81,8.066666666666666,98.73333333333333
THKSI,TH,KSI,Ko Sichang,Ko Sichang,20,13.133333333333333,100.81666666666666
THKSM,TH,KSM,Ko Samui,Ko Samui,84,9.533333333333333,99.93333333333334
THKYO,TH,KYO,Ko Yao,Ko Yao,82,7.9,98.6
THLAS,TH,LAS,Lang Suan,Lang Suan,86,9.95,99.15
THLCH,TH,LCH,Laem Chabang,Laem Chabang,20,13.083333333333334,100.88333333333334
THMAT,TH,MAT,Map Ta Phut,Map Ta Phut,21,12.65,101.3
THMEK,TH,MEK,Mae Klong,Mae Klong,75,13.366666666666667,99.98333333333333
THNHP,TH,NHP,NH Prosperity,NH Prosperity,10,13.183333333333334,100.8
THNIM,TH,NIM,Nim Port,Nim Port,11,13.6,100.56666666666666
THNKT,TH,NKT,Nakhon Si Thammarat,Nakhon Si Thammarat,80,9.233333333333333,99.86666666666666
THNRW,TH,NRW,Narathiwat,Narathiwat,96,6.416666666666667,101.81666666666666
THPHA,TH,PHA,Phang-Nga,Phang-Nga,82,8.4,98.51666666666667
THPKB,TH,PKB,Pakbara,Pakbara,91,6.866666666666667,99.71666666666667
THPKN,TH,PKN,Pak Nam,Pak Nam,11,13.6,100.56666666666666
THPKP,TH,PKP,Pak Phanang,Pak Phanang,80,9.2,99.88333333333334
THPKT,TH,PKT,Phuket Port,Phuket Port,83,7.816666666666666,98.4
THPLA,TH,PLA,Platong,Platong,,9.65,101.46666666666667
THPPA,TH,PPA,Phra Pradaeng,Phra Pradaeng,11,13.616666666666667,100.55
THPPC,TH,PPC,Prachuap Port,Prachuap Port,77,11.2,99.58333333333333
THPTN,TH,PTN,Pattani,Pattani,94,6.883333333333333,101.26666666666667
THPTR,TH,PTR,Photharam,Photharam,70,13.683333333333334,99.85
THPYT,TH,PYT,Phahon Yothin Customs House,Phahon Yothin Customs House,10,13.8,100.53333333333333
THRNN,TH,RNN,Ranong,Ranong,85,9.966666666666667,98.63333333333334
THSAP,TH,SAP,Samut Prakan,Samut Prakan,11,13.6,100.6
THSAT,TH,SAT,Sattahip,Sattahip,20,12.633333333333333,100.91666666666667
THSCS,TH,SCS,Sahathai Coastal Seaport,Sahathai Coastal Seaport,11,13.65,100.53333333333333
THSGK,TH,SGK,Songkhla,Songkhla,90,7.233333333333333,100.56666666666666
THSHT,TH,SHT,Actu-lum,Actu-lum,11,13.65,100.55
THSIC,TH,SIC,Sichon,Sichon,80,9.016666666666667,99.91666666666667
THSNT,TH,SNT,Satun,Satun,91,6.616666666666667,100.06666666666666
THSRI,TH,SRI,Si Racha,Si Racha,20,13.166666666666666,100.88333333333334
THSSW,TH,SSW,Siamgas and Petrochemicals,Siamgas and Petrochemicals,11,13.633333333333333,100.55
THTAB,TH,TAB,Tak Bai Customs House,Tak Bai Customs House,96,6.25,102.05
THTAC,TH,TAC,Tha Chaleap,Tha Chaleap,22,12.583333333333334,101.88333333333334
THTHA,TH,THA,Tha Sala,Tha Sala,80,8.666666666666666,99.95
THTPP,TH,TPP,Tungprong Pt,Tungprong Pt,20,12.7,100.83333333333333
THTRG,TH,TRG,Trang,Trang,92,7.55,99.6
THUCT,TH,UCT,Unithai Container Terminal,Unithai Container Terminal,11,13.583333333333334,100.58333333333333
THURT,TH,URT,Surat Thani,Surat Thani,84,9.133333333333333,99.13333333333334
TKAFU,TK,AFU,Atafu,Atafu,,-8.533333333333333,-172.51666666666668
TKFKO,TK,FKO,Fakaofo,Fakaofo,,-9.366666666666667,-171.25
TKNKU,TK,NKU,Nukunonu,Nukunonu,,-9.166666666666666,-171.85
TLDIL,TL,DIL,Dili,Dili,DI,-8.55,125.56666666666666
TMALT,TM,ALT,Altyn Asyr,Altyn Asyr,,37.88333333333333,58.36666666666667
TMCHE,TM,CHE,Cheleken,Cheleken,B,39.4,53.13333333333333
TMHAL,TM,HAL,Halach,Halach,,38.06666666666667,64.88333333333334
TMKRA,TM,KRA,Krasnovodsk,Krasnovodsk,B,40.016666666666666,52.96666666666667
TMKRW,TM,KRW,Turkmenbashi,Turkmenbashi,B,40.016666666666666,52.96666666666667
TNARI,TN,ARI,Ariana,Ariana,11,36.85,10.183333333333334
TNBJC,TN,BJC,Borj Cedria,Borj Cedria,21,36.7,10.4
TNCHB,TN,CHB,Chebba,Chebba,53,35.233333333333334,11.1
TNDID,TN,DID,Didon,Didon,,33.766666666666666,11.9
TNGAE,TN,GAE,Gabès,Gabes,,33.88333333333333,10.116666666666667
TNHMM,TN,HMM,Al Hammamat,Al Hammamat,,36.4,10.616666666666667
TNJAR,TN,JAR,Jarjis,Jarjis,,33.5,-11.1
TNKEB,TN,KEB,Kebili,Kebili,73,33.7,8.966666666666667
TNKEM,TN,KEM,Ksibet el Médiouni,Ksibet el Mediouni,52,35.666666666666664,10.833333333333334
TNMAD,TN,MAD,Mahdia,Mahdia,53,35.5,11.05
TNOUD,TN,OUD,Oudna,Oudna,,36.266666666666666,11.65
TNRDS,TN,RDS,Radès,Rades,11,36.766666666666666,10.266666666666667
TNSLN,TN,SLN,Soliman,Soliman,21,36.68333333333333,10.483333333333333
TNTAT,TN,TAT,Tazerka Terminal,Tazerka Terminal,,36.6,11.683333333333334
TNTZE,TN,TZE,Al Marsá,Al Marsa,11,36.88333333333333,10.333333333333334
TNZRZ,TN,ZRZ,Zarzis,Zarzis,82,33.5,11.116666666666667
TOTBU,TO,TBU,Nuku'alofa,Nuku'alofa,,-21.133333333333333,-175.2
TR9AK,TR,9AK,Pasaköy,Pasakoy,34,41.016666666666666,29.266666666666666
TRADY,TR,ADY,Yumurtalik,Yumurtalik,01,36.766666666666666,35.78333333333333
TRAKB,TR,AKB,Akçaabat,Akcaabat,61,41.016666666666666,39.56666666666667
TRAKC,TR,AKC,Akcansa,Akcansa,17,40.1,26.383333333333333
TRAKD,TR,AKD,Akdeniz,Akdeniz,,36.86666666666667,34.7
TRAKY,TR,AKY,Akçay,Akcay,10,39.583333333333336,26.933333333333334
TRALA,TR,ALA,Alanya,Alanya,07,36.53333333333333,31.983333333333334
TRAMR,TR,AMR,Ambarli,Ambarli,34,40.96666666666667,28.7
TRANA,TR,ANA,Anamur,Anamur,33,36.06666666666667,32.85
TRAUT,TR,AUT,Yeniköy-Autoport,Yenikoy-Autoport,41,40.71666666666667,29.866666666666667
TRAYA,TR,AYA,Ayancik,Ayancik,57,41.93333333333333,34.583333333333336
TRAYT,TR,AYT,Antalya,Antalya,07,36.833333333333336,30.6
TRAYV,TR,AYV,Ayvalik,Ayvalik,10,39.31666666666667,26.683333333333334
TRBBI,TR,BBI,Beylerbeyi,Beylerbeyi,34,41.05,29.05
TRBBP,TR,BBP,Baba Point,Baba Point,17,39.46666666666667,26.066666666666666
TRBDM,TR,BDM,Bandirma,Bandirma,10,40.35,27.966666666666665
TRBOT,TR,BOT,Botas,Botas,01,36.81666666666667,36.166666666666664
TRBTS,TR,BTS,Besiktas,Besiktas,34,41.05,29.016666666666666
TRBUY,TR,BUY,Büyükçukur,Buyukcukur,16,41.06666666666667,35.96666666666667
TRBXN,TR,BXN,Bodrum,Bodrum,48,37.03333333333333,27.416666666666668
TRBZC,TR,BZC,Bozcaada,Bozcaada,17,39.833333333333336,26.066666666666666
TRCAM,TR,CAM,Çamalti,Camalti,35,41.65,32.38333333333333
TRCES,TR,CES,Çesme,Cesme,35,38.31666666666667,26.3
TRCID,TR,CID,Cide,Cide,37,41.9,32.983333333333334
TRCKZ,TR,CKZ,Çanakkale,Canakkale,17,40.15,26.4
TRDAT,TR,DAT,Datça,Datca,48,36.75,27.666666666666668
TRDIK,TR,DIK,Dikili,Dikili,35,39.06666666666667,26.883333333333333
TRDYL,TR,DYL,Dörtyol,Dortyol,31,36.86666666666667,36.2
TREDO,TR,EDO,Edremit,Edremit,10,39.583333333333336,27.016666666666666
TRENE,TR,ENE,Enez,Enez,22,40.71666666666667,26.066666666666666
TRERE,TR,ERE,Eregli,Eregli,67,41.28333333333333,31.4
TRERK,TR,ERK,Erdek,Erdek,10,40.38333333333333,27.783333333333335
TREYP,TR,EYP,Evyap Port /Kocaeli,Evyap Port /Kocaeli,41,40.766666666666666,29.7
TRFAS,TR,FAS,Fatsa,Fatsa,52,41.03333333333333,37.483333333333334
TRFET,TR,FET,Fethiye,Fethiye,48,36.61666666666667,29.1
TRFIN,TR,FIN,Finike,Finike,07,36.28333333333333,30.133333333333333
TRFOC,TR,FOC,Foça,Foca,35,38.666666666666664,26.75
TRFRZ,TR,FRZ,Firuzköy,Firuzkoy,34,41.0,28.7
TRGCA,TR,GCA,Gokceada,Gokceada,17,40.18333333333333,25.916666666666668
TRGCK,TR,GCK,Gocek,Gocek,48,36.75,28.933333333333334
TRGEB,TR,GEB,Gebze,Gebze,41,40.78333333333333,29.416666666666668
TRGEM,TR,GEM,Gemlik,Gemlik,16,40.416666666666664,29.15
TRGIR,TR,GIR,Giresun,Giresun,28,40.916666666666664,38.38333333333333
TRGKV,TR,GKV,Akçapinar,Akcapinar,48,37.016666666666666,28.366666666666667
TRGOR,TR,GOR,Görele,Gorele,28,41.03333333333333,39.0
TRGUL,TR,GUL,Güllük,Gulluk,48,37.233333333333334,27.6
TRGZE,TR,GZE,Gerze,Gerze,57,41.63333333333333,36.18333333333333
TRHAS,TR,HAS,Hasköy,Haskoy,34,41.03333333333333,28.966666666666665
TRHIS,TR,HIS,Hisarönü,Hisaronu,48,36.78333333333333,28.133333333333333
TRHOP,TR,HOP,Hopa,Hopa,08,41.4,41.416666666666664
TRIDM,TR,IDM,Isdemir,Isdemir,31,36.71666666666667,36.18333333333333
TRIDS,TR,IDS,Icdas Jetty,Icdas Jetty,17,40.45,27.3
TRIGN,TR,IGN,Igneada,Igneada,39,41.88333333333333,28.016666666666666
TRINE,TR,INE,Inebolu,Inebolu,37,41.96666666666667,33.766666666666666
TRISK,TR,ISK,Iskenderun,Iskenderun,31,36.583333333333336,36.166666666666664
TRIST,TR,IST,Istanbul,Istanbul,34,41.016666666666666,28.966666666666665
TRIZM,TR,IZM,Izmir,Izmir,35,38.416666666666664,27.15
TRIZT,TR,IZT,Izmit,Izmit,41,40.78333333333333,29.95
TRKAS,TR,KAS,Kas,Kas,07,36.18333333333333,29.633333333333333
TRKBS,TR,KBS,Kabatas,Kabatas,,41.03333333333333,29.0
TRKFK,TR,KFK,Kefken,Kefken,41,41.2,30.25
TRKFZ,TR,KFZ,Körfez,Korfez,41,40.78333333333333,29.733333333333334
TRKKY,TR,KKY,Karaköy/Istambul,Karakoy/Istambul,34,41.03333333333333,28.983333333333334
TRKMR,TR,KMR,Kemer,Kemer,07,36.583333333333336,30.55
TRKMX,TR,KMX,Kumport,Kumport,34,40.95,28.816666666666666
TRKN2,TR,KN2,Konak,Konak,35,38.4,27.1
TRKPE,TR,KPE,Kartepe,Kartepe,41,40.733333333333334,29.966666666666665
TRKRB,TR,KRB,Karabiga,Karabiga,17,40.4,27.3
TRKRS,TR,KRS,Karasu,Karasu,54,41.06666666666667,30.783333333333335
TRKRT,TR,KRT,Karatas,Karatas,01,36.55,35.38333333333333
TRKSP,TR,KSP,Port of Karasu,Port of Karasu,54,41.11666666666667,30.666666666666668
TRKUS,TR,KUS,Kusadasi,Kusadasi,09,37.85,27.25
TRLMA,TR,LMA,Limas,Limas,41,40.71666666666667,29.883333333333333
TRM47,TR,M47,Nusaybin,Nusaybin,47,37.06666666666667,41.21666666666667
TRMAD,TR,MAD,Mardas,Mardas,34,41.016666666666666,28.95
TRMER,TR,MER,Mersin,Mersin,33,36.71666666666667,34.63333333333333
TRMFZ,TR,MFZ,Mersin-Free Zone,Mersin-Free Zone,33,36.8,34.63333333333333
TRMIM,TR,MIM,Mimarsinan,Mimarsinan,34,41.016666666666666,28.55
TRMRA,TR,MRA,Marmara Adasi,Marmara Adasi,10,40.583333333333336,27.55
TRMRM,TR,MRM,Marmaris,Marmaris,48,36.85,28.266666666666666
TRMUD,TR,MUD,Mudanya,Mudanya,16,40.36666666666667,28.883333333333333
TRMVG,TR,MVG,Manavgat,Manavgat,07,36.766666666666666,31.45
TRORD,TR,ORD,Ordu,Ordu,52,40.983333333333334,37.86666666666667
TRPLP,TR,PLP,Poliport,Poliport,41,37.983333333333334,42.05
TRPZR,TR,PZR,Pazar,Pazar,53,41.166666666666664,40.88333333333333
TRRIZ,TR,RIZ,Rize,Rize,53,41.03333333333333,40.483333333333334
TRRZY,TR,RZY,Rota-Izmit Bay,Rota-Izmit Bay,35,29.716666666666665,40.766666666666666
TRSIC,TR,SIC,Sinop,Sinop,57,42.016666666666666,35.13333333333333
TRSIL,TR,SIL,Silivri,Silivri,34,41.06666666666667,28.25
TRSLE,TR,SLE,Sile,Sile,34,41.166666666666664,29.6
TRSRL,TR,SRL,Saraylar,Saraylar,10,40.666666666666664,27.666666666666668
TRSRS,TR,SRS,Sariseki,Sariseki,31,36.666666666666664,36.21666666666667
TRSSX,TR,SSX,Samsun,Samsun,55,41.28333333333333,36.333333333333336
TRSUR,TR,SUR,Surmene,Surmene,61,40.9,40.11666666666667
TRTAS,TR,TAS,Tasucu,Tasucu,33,36.31666666666667,33.86666666666667
TRTEK,TR,TEK,Tekirdag,Tekirdag,59,40.96666666666667,27.516666666666666
TRTGT,TR,TGT,"Toros Gubre Terminal, Gubre","Toros Gubre Terminal, Gubre",31,36.916666666666664,35.983333333333334
TRTIR,TR,TIR,Tirebolu,Tirebolu,28,41.0,38.8
TRTUZ,TR,TUZ,Tuzla,Tuzla,34,40.833333333333336,29.25
TRTZX,TR,TZX,Trabzon,Trabzon,61,41.0,39.733333333333334
TRUNY,TR,UNY,Ünye,Unye,52,41.13333333333333,37.28333333333333
TRUSK,TR,USK,Üsküdar,Uskudar,34,41.016666666666666,29.05
TRVAK,TR,VAK,Vakfikebir,Vakfikebir,61,41.03333333333333,39.266666666666666
TRYAL,TR,YAL,Yalova,Yalova,77,40.65,29.266666666666666
TRYIK,TR,YIK,Yesilovacik,Yesilovacik,33,36.2,33.666666666666664
TRYPO,TR,YPO,Yilport,Yilport,41,40.766666666666666,29.533333333333335
TRZON,TR,ZON,Zonguldak,Zonguldak,67,41.45,31.783333333333335
TTCHV,TT,CHV,Charlotteville,Charlotteville,ETO,11.316666666666666,-60.55
TTCLA,TT,CLA,Claxton Bay,Claxton Bay,CTT,10.35,-61.46666666666667
TTCRN,TT,CRN,Carenage,Carenage,,10.683333333333334,-61.6
TTCVA,TT,CVA,Couva,Couva,,10.416666666666666,-61.45
TTFPT,TT,FPT,Saint Mary's,Saint Mary's,CTT,10.216666666666667,-61.53333333333333
TTFRE,TT,FRE,Freeport,Freeport,CTT,10.45,-61.416666666666664
TTGUA,TT,GUA,Guayaguayare,Guayaguayare,,10.133333333333333,-61.03333333333333
TTPOS,TT,POS,Port-of-Spain,Port-of-Spain,POS,10.65,-61.516666666666666
TWBAL,TW,BAL,Bali,Bali,,25.15,121.4
TWBDA,TW,BDA,Budai,Budai,,23.366666666666667,120.1
TWHUK,TW,HUK,Hukou,Hukou,HSQ,24.9,121.05
TWLGM,TW,LGM,Lung-men,Lung-men,,23.566666666666666,119.66666666666667
TWMAL,TW,MAL,Mai-Liai,Mai-Liai,,23.75,120.25
TWMLI,TW,MLI,Mai-liao,Mai-liao,,23.1,120.13333333333334
TWNAN,TW,NAN,Nantou,Nantou,,23.9,120.68333333333334
TWSHL,TW,SHL,Sha-lun,Sha-lun,,25.1,121.21666666666667
TWTPE,TW,TPE,Taipei,Taipei,TPE,25.033333333333335,121.51666666666667
TWWTU,TW,WTU,Wu-tu,Wu-tu,,25.083333333333332,121.66666666666667
TZDAR,TZ,DAR,Dar es Salaam,Dar es Salaam,,-6.8,39.28333333333333
TZIKW,TZ,IKW,Ikwiriri,Ikwiriri,,-7.983333333333333,39.016666666666666
TZKAG,TZ,KAG,Kagera,Kagera,,-4.65,30.666666666666668
TZMWZ,TZ,MWZ,Mwanza,Mwanza,18,-2.5166666666666666,32.9
UABGD,UA,BGD,Bilhorod-Dnistrovskyi,Bilhorod-Dnistrovskyi,51,46.18333333333333,30.366666666666667
UADSK,UA,DSK,Svitlovodsk,Svitlovodsk,35,49.05,33.233333333333334
UAERD,UA,ERD,Berdiansk,Berdiansk,23,46.75,36.766666666666666
UAILK,UA,ILK,Chornomorsk,Chornomorsk,51,46.31666666666667,30.666666666666668
UAIZM,UA,IZM,Izmail,Izmail,51,45.31666666666667,28.85
UAKHE,UA,KHE,Kherson,Kherson,65,46.61666666666667,32.61666666666667
UAKIA,UA,KIA,Kiliia,Kiliia,,45.43333333333333,29.266666666666666
UAMPW,UA,MPW,Mariupol,Mariupol,14,47.05,37.5
UANLV,UA,NLV,Mykolaiv,Mykolaiv,48,46.93333333333333,32.0
UAOCH,UA,OCH,Ochakiv,Ochakiv,48,46.6,31.566666666666666
UAOCT,UA,OCT,Olviia,Olviia,48,46.833333333333336,31.95
UAODS,UA,ODS,Odesa,Odesa,51,46.5,30.75
UARNI,UA,RNI,Reni,Reni,51,45.416666666666664,28.283333333333335
UASKD,UA,SKD,Skadovsk,Skadovsk,65,46.1,32.9
UAUDY,UA,UDY,Ust-Dunaisk/Vylkove,Ust-Dunaisk/Vylkove,51,45.46666666666667,29.7
UAVYL,UA,VYL,Vylkove,Vylkove,51,45.4,29.583333333333332
UAYUZ,UA,YUZ,Pivdennyi,Pivdennyi,51,46.6,31.016666666666666
UAZPR,UA,ZPR,Zaporizhzhia,Zaporizhzhia,23,47.81666666666667,35.166666666666664
UGMKN,UG,MKN,Galiraya,Galiraya,108,1.3,32.86666666666667
US2BY,US,2BY,Ballston Lake,Ballston Lake,NY,42.9,-73.86666666666666
US2OG,US,2OG,South Ogden,South Ogden,UT,41.18333333333333,-111.96666666666667
US2PA,US,2PA,Clearville,Clearville,PA,39.916666666666664,-78.38333333333334
US2SI,US,2SI,Sinton,Sinton,TX,28.033333333333335,-97.5
US2TO,US,2TO,Clifford Township,Clifford Township,PA,41.666666666666664,-75.55
US2TT,US,2TT,Cottrellville,Cottrellville,MI,42.68333333333333,-82.53333333333333
US3BR,US,3BR,Berry Creek,Berry Creek,CA,39.63333333333333,-121.4
US3DC,US,3DC,Westwood,Westwood,CA,34.05,-118.41666666666667
US3DU,US,3DU,Victor,Victor,CA,38.13333333333333,-121.2
US3DV,US,3DV,Ulupalakua,Ulupalakua,HI,20.65,-156.38333333333333
US3OL,US,3OL,Wellfleet,Wellfleet,MA,41.93333333333333,-70.03333333333333
US3SD,US,3SD,Mabscott,Mabscott,WV,37.766666666666666,-81.2
US3TR,US,3TR,Vineburg,Vineburg,CA,38.266666666666666,-122.43333333333334
US3TU,US,3TU,West Newton,West Newton,MA,42.35,-71.23333333333333
US3VC,US,3VC,Outlook,Outlook,WA,46.31666666666667,-120.08333333333333
US3WA,US,3WA,Lyle,Lyle,WA,45.68333333333333,-121.28333333333333
US4CP,US,4CP,Captiva,Captiva,FL,26.516666666666666,-82.18333333333334
US4HE,US,4HE,East Fairfield,East Fairfield,OH,40.81666666666667,-80.63333333333334
US4NJ,US,4NJ,New Era,New Era,MI,43.55,-86.33333333333333
US4NM,US,4NM,Ponce de Leon,Ponce de Leon,FL,30.716666666666665,-85.93333333333334
US4TP,US,4TP,Ulm,Ulm,AR,34.56666666666667,-91.45
US4WR,US,4WR,West Glocester,West Glocester,RI,41.916666666666664,-71.78333333333333
US5BL,US,5BL,Laurence Harbor,Laurence Harbor,NJ,40.45,-74.23333333333333
US5MN,US,5MN,Hardwick,Hardwick,MN,43.766666666666666,-96.18333333333334
US6ER,US,6ER,Lake Saint Louis,Lake Saint Louis,MO,38.78333333333333,-90.78333333333333
US6TT,US,6TT,Saint Pete Beach,Saint Pete Beach,FL,27.716666666666665,-82.73333333333333
US7AL,US,7AL,Detroit,Detroit,AL,34.016666666666666,-88.16666666666667
US7BA,US,7BA,Speedwell,Speedwell,TN,36.45,-83.86666666666666
US7CA,US,7CA,Penn Valley,Penn Valley,CA,39.18333333333333,-121.18333333333334
US7OL,US,7OL,Sea Cliff,Sea Cliff,NY,40.833333333333336,-73.63333333333334
US7SD,US,7SD,Lowden,Lowden,WA,46.05,-118.58333333333333
US7YT,US,7YT,Lynnfield,Lynnfield,MA,42.53333333333333,-71.03333333333333
US8DC,US,8DC,Woodacre,Woodacre,CA,38.0,-122.63333333333334
US8DD,US,8DD,Ranchos de Taos,Ranchos de Taos,NM,36.35,-105.6
US8MN,US,8MN,Orcutt,Orcutt,CA,34.85,-120.43333333333334
US8PR,US,8PR,Zamora,Zamora,CA,38.78333333333333,-121.86666666666666
US8QA,US,8QA,Vallecito,Vallecito,CA,38.083333333333336,-120.46666666666667
US8TT,US,8TT,Woodbury,Woodbury,NY,41.35,-74.1
US8UY,US,8UY,Waldo,Waldo,OH,40.45,-83.06666666666666
US8XC,US,8XC,Woodmere,Woodmere,NY,40.61666666666667,-73.7
US8XD,US,8XD,Woodmere,Woodmere,OH,41.45,-81.46666666666667
US8YI,US,8YI,Tres Pinos,Tres Pinos,CA,36.78333333333333,-121.31666666666666
US999,US,999,Waterville,Waterville,PA,41.21666666666667,-76.36666666666666
US99W,US,99W,East Windsor,East Windsor,CT,41.916666666666664,-72.55
US9AI,US,9AI,Waianae,Waianae,HI,21.433333333333334,-158.18333333333334
US9CP,US,9CP,Chapman,Chapman,KS,38.96666666666667,-97.01666666666667
US9DK,US,9DK,Penngrove,Penngrove,CA,38.28333333333333,-122.65
US9IU,US,9IU,Point Reyes Station,Point Reyes Station,CA,38.06666666666667,-122.8
US9OH,US,9OH,Moreland Hills,Moreland Hills,OH,41.43333333333333,-81.41666666666667
US9QA,US,9QA,Umpqua,Umpqua,OR,43.35,-123.46666666666667
US9WA,US,9WA,Hoodsport,Hoodsport,WA,47.4,-123.13333333333334
USA22,US,A22,Ashville,Ashville,PA,40.55,-78.53333333333333
USA8C,US,A8C,Accord,Accord,MA,42.166666666666664,-70.88333333333334
USAA2,US,AA2,Alabama Pt.,Alabama Pt.,AL,30.35,-88.1
USAA9,US,AA9,South Mills,South Mills,NC,36.43333333333333,-76.31666666666666
USAB3,US,AB3,Aberdeen,Aberdeen,NJ,40.38333333333333,-74.25
USABC,US,ABC,Port Hadlock,Port Hadlock,WA,48.016666666666666,-122.75
USACC,US,ACC,Raymond,Raymond,WA,46.68333333333333,-123.71666666666667
USACQ,US,ACQ,Ancram,Ancram,NY,42.05,-73.63333333333334
USADQ,US,ADQ,Kodiak,Kodiak,AK,57.8,-152.38333333333333
USAEK,US,AEK,Aberdeen,Aberdeen,MS,33.81666666666667,-88.55
USAEO,US,AEO,Calverton,Calverton,VA,38.61666666666667,-77.66666666666667
USAEZ,US,AEZ,Armstrong,Armstrong,IA,43.38333333333333,-94.46666666666667
USAF5,US,AF5,Afton,Afton,IA,41.016666666666666,-94.18333333333334
USAFA,US,AFA,Alstead,Alstead,NH,43.15,-72.36666666666666
USAFH,US,AFH,Bath,Bath,NC,35.46666666666667,-76.8
USAFK,US,AFK,Afognak,Afognak,AK,58.0,-152.76666666666668
USAFM,US,AFM,Bingham,Bingham,ME,45.06666666666667,-69.88333333333334
USAFV,US,AFV,Battenville,Battenville,NY,43.1,-73.43333333333334
USAFW,US,AFW,"Webster, Harris","Webster, Harris",TX,29.533333333333335,-95.11666666666666
USAGQ,US,AGQ,Algonquin,Algonquin,IL,42.166666666666664,-88.3
USAGV,US,AGV,Autaugaville,Autaugaville,AL,32.43333333333333,-86.65
USAHU,US,AHU,Alachua,Alachua,FL,29.783333333333335,-82.48333333333333
USAHZ,US,AHZ,Atlantic Highlands,Atlantic Highlands,NJ,40.4,-74.03333333333333
USAKJ,US,AKJ,Oak Grove,Oak Grove,VA,38.983333333333334,-77.4
USAL3,US,AL3,Alliance,Alliance,LA,31.516666666666666,-93.65
USAL5,US,AL5,Delta,Delta,AL,33.43333333333333,-85.68333333333334
USAL7,US,AL7,Aldie,Aldie,VA,38.96666666666667,-77.63333333333334
USALC,US,ALC,Amelia City,Amelia City,FL,30.583333333333332,-81.45
USAMF,US,AMF,Amagansett,Amagansett,NY,40.96666666666667,-72.15
USAMG,US,AMG,Cambridge,Cambridge,WI,43.0,-89.0
USANW,US,ANW,Avon,Avon,CO,39.63333333333333,-106.51666666666667
USAOU,US,AOU,Avalon,Avalon,CA,33.333333333333336,-118.31666666666666
USAPY,US,APY,Alpine,Alpine,NJ,40.95,-73.93333333333334
USAQJ,US,AQJ,Maltby,Maltby,WA,47.8,-122.1
USAQQ,US,AQQ,Camden,Camden,ME,44.2,-69.05
USAQW,US,AQW,Abbottstown,Abbottstown,PA,39.88333333333333,-76.98333333333333
USAR5,US,AR5,Damascus,Damascus,AR,35.36666666666667,-92.4
USASS,US,ASS,Ware Shoals,Ware Shoals,SC,34.38333333333333,-82.23333333333333
USASZ,US,ASZ,Sumiton,Sumiton,AL,33.75,-87.05
USATR,US,ATR,Atreco,Atreco,TX,29.966666666666665,-93.86666666666666
USATX,US,ATX,Allenstown,Allenstown,NH,43.13333333333333,-71.45
USAV9,US,AV9,Averill Park,Averill Park,NY,42.63333333333333,-73.55
USAWS,US,AWS,Newcastle,Newcastle,ME,44.03333333333333,-69.53333333333333
USAWY,US,AWY,Gallaway,Gallaway,TN,35.31666666666667,-89.6
USAXR,US,AXR,Alexandria,Alexandria,VA,38.8,-77.03333333333333
USAXZ,US,AXZ,Andover,Andover,KS,37.7,-97.13333333333334
USAY5,US,AY5,Laytonville,Laytonville,CA,39.68333333333333,-123.46666666666667
USAY7,US,AY7,Mayville,Mayville,NY,42.25,-79.5
USAZL,US,AZL,Azle,Azle,TX,32.88333333333333,-97.53333333333333
USB27,US,B27,Bolinas,Bolinas,CA,37.9,-122.68333333333334
USB2N,US,B2N,Brinnon,Brinnon,WA,47.666666666666664,-122.88333333333334
USB2V,US,B2V,Buena Vista,Buena Vista,GA,32.31666666666667,-84.51666666666667
USB44,US,B44,Bellbrook,Bellbrook,OH,39.63333333333333,-84.06666666666666
USB7S,US,B7S,Bridgewater,Bridgewater,SD,43.55,-97.5
USBA3,US,BA3,Belfair,Belfair,WA,47.68333333333333,-123.4
USBA7,US,BA7,Balmorhea,Balmorhea,TX,30.983333333333334,-103.73333333333333
USBAL,US,BAL,Baltimore,Baltimore,MD,39.28333333333333,-76.61666666666666
USBB8,US,BB8,Broad Brook,Broad Brook,CT,41.9,-72.53333333333333
USBBA,US,BBA,Bethany Beach,Bethany Beach,DE,38.53333333333333,-75.05
USBCG,US,BCG,Boca Grande,Boca Grande,FL,26.733333333333334,-82.25
USBCH,US,BCH,Brushvale,Brushvale,MN,46.36666666666667,-96.65
USBCI,US,BCI,Berlin,Berlin,MD,38.31666666666667,-75.21666666666667
USBCL,US,BCL,Beulaville,Beulaville,NC,34.916666666666664,-77.76666666666667
USBCM,US,BCM,Bruceton Mills,Bruceton Mills,WV,39.666666666666664,-79.63333333333334
USBCW,US,BCW,Brewster,Brewster,MA,41.766666666666666,-70.08333333333333
USBD3,US,BD3,Beaver Dam,Beaver Dam,KY,37.4,-84.88333333333334
USBDB,US,BDB,Bridgeport,Bridgeport,NY,43.15,-75.96666666666667
USBDS,US,BDS,Biscoe,Biscoe,NC,35.36666666666667,-79.78333333333333
USBE8,US,BE8,Belle Harbor,Belle Harbor,NY,40.56666666666667,-73.83333333333333
USBEX,US,BEX,Bethlehem,Bethlehem,PA,40.61666666666667,-75.36666666666666
USBF6,US,BF6,Bonners Ferry,Bonners Ferry,ID,48.68333333333333,-116.31666666666666
USBFJ,US,BFJ,Briarcliff Manor,Briarcliff Manor,NY,41.15,-73.81666666666666
USBFY,US,BFY,Buckeye Lake,Buckeye Lake,OH,39.93333333333333,-82.46666666666667
USBG7,US,BG7,Barnegat,Barnegat,NJ,39.75,-74.21666666666667
USBHC,US,BHC,Bridgehampton,Bridgehampton,NY,40.93333333333333,-72.3
USBHF,US,BHF,Brandon,Brandon,MS,32.266666666666666,-89.98333333333333
USBHI,US,BHI,Bruce,Bruce,WI,45.45,-91.26666666666667
USBHJ,US,BHJ,Burlington,Burlington,KY,39.03333333333333,-84.71666666666667
USBI2,US,BI2,Beaver Island,Beaver Island,MI,45.65,-85.55
USBI8,US,BI8,Blount Island,Blount Island,FL,30.4,-81.51666666666667
USBKO,US,BKO,Becker,Becker,MN,45.38333333333333,-93.86666666666666
USBKQ,US,BKQ,Brooksville,Brooksville,IN,39.416666666666664,-85.0
USBM3,US,BM3,Bromley,Bromley,KY,38.63333333333333,-84.83333333333333
USBM4,US,BM4,Brevort,Brevort,MI,46.016666666666666,-85.03333333333333
USBMH,US,BMH,Sandoval,Sandoval,IL,38.61666666666667,-89.11666666666666
USBN9,US,BN9,Battle Ground,Battle Ground,IN,40.5,-86.83333333333333
USBNB,US,BNB,Burns Harbor,Burns Harbor,IN,41.61666666666667,-87.13333333333334
USBNC,US,BNC,Benicia,Benicia,CA,38.05,-122.15
USBNH,US,BNH,Burnham,Burnham,ME,44.68333333333333,-69.43333333333334
USBNI,US,BNI,Burnsville,Burnsville,NC,35.916666666666664,-82.3
USBNP,US,BNP,Brayton Point,Brayton Point,MA,41.7,-71.18333333333334
USBOC,US,BOC,Brooklyn,Brooklyn,CT,41.78333333333333,-71.95
USBOY,US,BOY,Brooklyn/New York,Brooklyn/New York,NY,40.733333333333334,-73.93333333333334
USBPV,US,BPV,Belhaven,Belhaven,NC,35.53333333333333,-76.61666666666666
USBRA,US,BRA,Bradwood,Bradwood,OR,46.18333333333333,-123.43333333333334
USBRO,US,BRO,Brownsville,Brownsville,TX,25.9,-97.48333333333333
USBS9,US,BS9,Bushkill,Bushkill,PA,41.083333333333336,-75.0
USBSM,US,BSM,Big Sandy,Big Sandy,MT,48.18333333333333,-110.11666666666666
USBTH,US,BTH,Bath,Bath,ME,43.9,-69.81666666666666
USBTR,US,BTR,Baton Rouge,Baton Rouge,LA,30.45,-91.13333333333334
USBU2,US,BU2,Butte Meadows,Butte Meadows,CA,40.06666666666667,-121.55
USBUI,US,BUI,Butler,Butler,IN,41.416666666666664,-84.86666666666666
USBUJ,US,BUJ,Butler,Butler,KY,38.78333333333333,-84.36666666666666
USBV6,US,BV6,Blairesville,Blairesville,GA,34.85,-83.93333333333334
USBV8,US,BV8,Brownsville,Brownsville,PA,40.016666666666666,-79.88333333333334
USBVV,US,BVV,Berryville,Berryville,AR,36.36666666666667,-93.56666666666666
USBW5,US,BW5,New Brockton,New Brockton,AL,31.383333333333333,-85.91666666666667
USBWB,US,BWB,Brownsburg,Brownsburg,IN,39.833333333333336,-86.38333333333334
USBWH,US,BWH,Bigelow,Bigelow,AR,35.0,-92.61666666666666
USBYZ,US,BYZ,Boyne City,Boyne City,MI,45.21666666666667,-85.0
USBZZ,US,BZZ,Blacklick,Blacklick,OH,39.983333333333334,-82.8
USC25,US,C25,Connelly Springs,Connelly Springs,NC,35.733333333333334,-81.5
USC35,US,C35,Cornville,Cornville,AZ,34.71666666666667,-111.91666666666667
USC3A,US,C3A,Kensington,Kensington,CA,37.9,-122.26666666666667
USC3B,US,C3B,Cedar Bluffs,Cedar Bluffs,NE,41.38333333333333,-96.6
USC4H,US,C4H,Castle Hills,Castle Hills,TX,29.516666666666666,-98.5
USC4N,US,C4N,Clinton,Clinton,LA,30.85,-91.0
USC55,US,C55,Cochise,Cochise,AZ,32.1,-109.91666666666667
USC74,US,C74,Crimora,Crimora,VA,38.15,-78.85
USC8T,US,C8T,Creston,Creston,CA,35.516666666666666,-120.51666666666667
USCA3,US,CA3,Chatham,Chatham,MA,41.666666666666664,-69.93333333333334
USCAP,US,CAP,Capitan,Capitan,CA,34.45,-120.03333333333333
USCBD,US,CBD,Cambridge,Cambridge,MN,45.56666666666667,-93.21666666666667
USCBS,US,CBS,Centerburg,Centerburg,OH,40.3,-82.7
USCBT,US,CBT,Clinton,Clinton,MO,38.36666666666667,-93.78333333333333
USCC2,US,CC2,Cape Coral,Cape Coral,FL,26.566666666666666,-81.95
USCC8,US,CC8,Chesapeake City,Chesapeake City,MD,39.516666666666666,-75.8
USCCS,US,CCS,Cave City,Cave City,KY,37.13333333333333,-85.96666666666667
USCD4,US,CD4,Coronado,Coronado,CA,32.68333333333333,-117.16666666666667
USCDD,US,CDD,Camden,Camden,AL,31.983333333333334,-87.28333333333333
USCDF,US,CDF,Candler,Candler,NC,35.53333333333333,-82.7
USCDU,US,CDU,Cedar Lake,Cedar Lake,MI,43.4,-84.96666666666667
USCDZ,US,CDZ,Caledonia,Caledonia,MI,42.78333333333333,-85.51666666666667
USCFF,US,CFF,Cherryfield,Cherryfield,ME,44.6,-67.91666666666667
USCFG,US,CFG,Chesterfield,Chesterfield,NH,42.88333333333333,-72.46666666666667
USCG4,US,CG4,Clarksburg,Clarksburg,NJ,40.833333333333336,-74.98333333333333
USCGF,US,CGF,Cape May,Cape May,NJ,38.93333333333333,-74.91666666666667
USCGJ,US,CGJ,Cerro Gordo,Cerro Gordo,IL,39.88333333333333,-88.73333333333333
USCGP,US,CGP,Capitola,Capitola,CA,36.96666666666667,-121.95
USCGW,US,CGW,Chickasaw,Chickasaw,AL,30.766666666666666,-88.06666666666666
USCGX,US,CGX,Carthage,Carthage,TN,36.25,-85.95
USCI6,US,CI6,Chimayo,Chimayo,NM,36.0,-105.93333333333334
USCIB,US,CIB,Casselberry,Casselberry,FL,28.683333333333334,-81.33333333333333
USCJ8,US,CJ8,Cortland,Cortland,IN,38.96666666666667,-85.95
USCJC,US,CJC,Chinook,Chinook,WA,46.266666666666666,-123.93333333333334
USCJO,US,CJO,Caro,Caro,MI,43.483333333333334,-83.4
USCK2,US,CK2,Cobbs Creek,Cobbs Creek,VA,37.5,-76.38333333333334
USCK9,US,CK9,Cockrell Hill,Cockrell Hill,TX,32.733333333333334,-96.88333333333334
USCKG,US,CKG,Cherokee,Cherokee,AL,34.75,-87.96666666666667
USCKI,US,CKI,Catalina Island,Catalina Island,CA,33.38333333333333,-118.41666666666667
USCLE,US,CLE,Cleveland,Cleveland,OH,41.5,-81.66666666666667
USCM9,US,CM9,Carrier Mills,Carrier Mills,IL,37.68333333333333,-88.61666666666666
USCMU,US,CMU,Cameron,Cameron,NC,35.333333333333336,-79.25
USCN3,US,CN3,Clayton,Clayton,GA,34.86666666666667,-83.4
USCNM,US,CNM,Carlsbad,Carlsbad,NM,32.416666666666664,-104.21666666666667
USCO3,US,CO3,Claremont,Claremont,VA,37.266666666666666,-76.96666666666667
USCO9,US,CO9,Copper Canyon,Copper Canyon,TX,33.166666666666664,-97.15
USCOJ,US,COJ,Cochranton,Cochranton,PA,41.516666666666666,-80.05
USCP6,US,CP6,Cove Point,Cove Point,MD,38.36666666666667,-76.38333333333334
USCR5,US,CR5,Chester,Chester,WV,40.61666666666667,-80.56666666666666
USCS4,US,CS4,Saint Clair Shores,Saint Clair Shores,MI,42.483333333333334,-82.88333333333334
USCS6,US,CS6,"Coxsackie, Greene","Coxsackie, Greene",NY,42.35,-73.8
USCSJ,US,CSJ,Carlisle,Carlisle,MA,42.53333333333333,-71.35
USCU2,US,CU2,Clute,Clute,TX,29.016666666666666,-95.4
USCU6,US,CU6,Colesburg,Colesburg,IA,42.63333333333333,-91.2
USCUM,US,CUM,Canaan,Canaan,CT,42.016666666666666,-73.33333333333333
USCUQ,US,CUQ,Caney,Caney,KS,37.016666666666666,-95.93333333333334
USCUU,US,CUU,Cannelton,Cannelton,IN,37.916666666666664,-86.75
USCUZ,US,CUZ,Carlisle,Carlisle,AR,34.78333333333333,-91.75
USCWF,US,CWF,Centerville,Centerville,MN,45.15,-93.05
USCWQ,US,CWQ,Center Valley,Center Valley,PA,40.53333333333333,-75.4
USCWU,US,CWU,Carroll,Carroll,OH,39.8,-82.7
USCWW,US,CWW,Clarkesville,Clarkesville,GA,34.61666666666667,-83.53333333333333
USCWX,US,CWX,Cleveland,Cleveland,MO,38.68333333333333,-94.6
USCWZ,US,CWZ,Clinton,Clinton,WI,42.55,-88.86666666666666
USCXV,US,CXV,Clover,Clover,SC,35.11666666666667,-81.23333333333333
USCY2,US,CY2,The Colony,The Colony,TX,33.083333333333336,-96.88333333333334
USCYI,US,CYI,Cloverdale,Cloverdale,CA,38.8,-123.01666666666667
USCZI,US,CZI,Cassopolis,Cassopolis,MI,41.9,-86.0
USD5W,US,D5W,Dagsboro,Dagsboro,DE,38.53333333333333,-75.23333333333333
USDA8,US,DA8,Dauphin,Dauphin,PA,40.36666666666667,-76.91666666666667
USDC6,US,DC6,Dallas Center,Dallas Center,IA,41.68333333333333,-93.95
USDCB,US,DCB,DeKalb,DeKalb,IL,41.916666666666664,-88.75
USDCI,US,DCI,Delaware City,Delaware City,DE,39.56666666666667,-75.58333333333333
USDCY,US,DCY,Dill City,Dill City,OK,35.28333333333333,-99.13333333333334
USDD6,US,DD6,Linden Hill,Linden Hill,NY,40.7,-73.91666666666667
USDDR,US,DDR,Darien,Darien,WI,42.6,-88.7
USDE5,US,DE5,Depue,Depue,IL,41.31666666666667,-89.3
USDET,US,DET,Detroit,Detroit,MI,42.31666666666667,-83.03333333333333
USDFU,US,DFU,Dunnellon,Dunnellon,FL,29.033333333333335,-82.45
USDGE,US,DGE,Chenango Bridge,Chenango Bridge,NY,42.166666666666664,-75.86666666666666
USDHA,US,DHA,Daphne,Daphne,AL,30.6,-87.9
USDHB,US,DHB,Bodega Bay,Bodega Bay,CA,38.333333333333336,-123.05
USDIA,US,DIA,Adrian,Adrian,WI,43.93333333333333,-90.6
USDIJ,US,DIJ,Delhi,Delhi,OH,39.1,-84.6
USDIV,US,DIV,Cedar River,Cedar River,MI,45.4,-87.35
USDKH,US,DKH,Old Rock Hill,Old Rock Hill,GA,31.0,-83.56666666666666
USDKK,US,DKK,Dunkirk,Dunkirk,NY,42.483333333333334,-79.26666666666667
USDM4,US,DM4,Diamondville,Diamondville,WY,41.766666666666666,-110.53333333333333
USDN2,US,DN2,Del Norte,Del Norte,CO,37.68333333333333,-106.35
USDNE,US,DNE,Dane,Dane,WI,43.25,-89.5
USDOG,US,DOG,"Douglas, Allegan","Douglas, Allegan",MI,42.63333333333333,-86.2
USDP5,US,DP5,Deer Park,Deer Park,CA,38.516666666666666,-122.46666666666667
USDPH,US,DPH,Doniphan,Doniphan,MO,36.61666666666667,-90.81666666666666
USDR3,US,DR3,Drytown,Drytown,CA,38.43333333333333,-120.85
USDRW,US,DRW,De Pere,De Pere,WI,44.45,-88.05
USDSH,US,DSH,Deshler,Deshler,OH,41.2,-83.88333333333334
USDSL,US,DSL,Donalsonville,Donalsonville,GA,31.033333333333335,-84.86666666666666
USDSR,US,DSR,Deshler,Deshler,NE,40.13333333333333,-97.71666666666667
USDST,US,DST,Adamston,Adamston,WV,39.28333333333333,-80.35
USDT4,US,DT4,De Tour Village,De Tour Village,MI,45.983333333333334,-83.9
USDTC,US,DTC,Delta,Delta,CO,38.75,-108.06666666666666
USDTP,US,DTP,Portland,Portland,TX,27.866666666666667,-97.31666666666666
USDU3,US,DU3,Dunmore,Dunmore,WV,38.35,-79.86666666666666
USDU5,US,DU5,De Funiak Springs,De Funiak Springs,FL,30.716666666666665,-86.1
USDUH,US,DUH,Duxbury,Duxbury,MA,42.05,-70.66666666666667
USDUP,US,DUP,Dupo,Dupo,IL,38.5,-90.2
USDVA,US,DVA,Delevan,Delevan,NY,42.483333333333334,-78.48333333333333
USDVQ,US,DVQ,Delmont,Delmont,PA,40.4,-79.56666666666666
USDWD,US,DWD,Deerwood,Deerwood,MN,46.46666666666667,-93.88333333333334
USDWQ,US,DWQ,Downsville,Downsville,NY,42.06666666666667,-74.98333333333333
USDWX,US,DWX,De Witt,De Witt,NE,40.38333333333333,-96.91666666666667
USDXX,US,DXX,Old Brookville,Old Brookville,NY,40.81666666666667,-73.6
USDY2,US,DY2,Dayton,Dayton,KY,39.11666666666667,-84.46666666666667
USDZM,US,DZM,Dorchester,Dorchester,MA,42.28333333333333,-71.06666666666666
USE2D,US,E2D,Eddington,Eddington,ME,44.81666666666667,-68.68333333333334
USE2L,US,E2L,East Lake,East Lake,OH,41.65,-81.45
USE3K,US,E3K,Elk Horn,Elk Horn,KY,37.3,-85.28333333333333
USE5P,US,E5P,Deep Gap,Deep Gap,NC,36.233333333333334,-81.5
USEAZ,US,EAZ,Mechanic Falls,Mechanic Falls,ME,44.1,-70.38333333333334
USEB4,US,EB4,Elbert,Elbert,CO,39.21666666666667,-104.53333333333333
USEBZ,US,EBZ,Ellabell,Ellabell,GA,32.11666666666667,-81.48333333333333
USECP,US,ECP,El Campo,El Campo,TX,29.183333333333334,-96.26666666666667
USECR,US,ECR,Spencer,Spencer,NC,35.68333333333333,-80.43333333333334
USEDL,US,EDL,Allendale,Allendale,SC,33.0,-81.3
USEDV,US,EDV,Eddyville,Eddyville,KY,37.083333333333336,-88.06666666666666
USEE8,US,EE8,Freeport,Freeport,PA,40.666666666666664,-79.68333333333334
USEFN,US,EFN,East Freetown,East Freetown,MA,41.766666666666666,-70.95
USEFS,US,EFS,Etiwanda,Etiwanda,CA,34.11666666666667,-117.51666666666667
USEGH,US,EGH,Effingham,Effingham,SC,34.05,-79.75
USEHI,US,EHI,El Dorado Hills,El Dorado Hills,CA,38.666666666666664,-121.06666666666666
USEHL,US,EHL,Bethlehem,Bethlehem,GA,33.93333333333333,-83.71666666666667
USEIE,US,EIE,Bernie,Bernie,MO,36.666666666666664,-89.96666666666667
USEIF,US,EIF,Madeira Beach,Madeira Beach,FL,27.783333333333335,-82.78333333333333
USEJK,US,EJK,Macks Creek,Macks Creek,MO,37.95,-92.96666666666667
USEKB,US,EKB,East Keansburg,East Keansburg,NJ,40.43333333333333,-74.11666666666666
USEKT,US,EKT,Elkton,Elkton,KY,36.8,-87.15
USEKZ,US,EKZ,Elkton,Elkton,SD,44.233333333333334,-96.48333333333333
USEL3,US,EL3,Ellwood,Ellwood,CA,34.416666666666664,-119.88333333333334
USEL4,US,EL4,Elmer,Elmer,NJ,39.583333333333336,-75.16666666666667
USEM4,US,EM4,Emigrant Gap,Emigrant Gap,CA,39.28333333333333,-120.66666666666667
USEM7,US,EM7,East Machias,East Machias,ME,44.733333333333334,-67.38333333333334
USEMG,US,EMG,Emmetsburg,Emmetsburg,IA,43.11666666666667,-94.68333333333334
USEMY,US,EMY,Emery,Emery,SD,43.6,-97.61666666666666
USEN5,US,EN5,Ennice,Ennice,NC,36.86666666666667,-81.6
USEOG,US,EOG,East Orange,East Orange,NJ,40.766666666666666,-74.2
USEOM,US,EOM,Welcome,Welcome,LA,30.05,-90.86666666666666
USEOY,US,EOY,Eloy,Eloy,AZ,32.75,-111.55
USEPA,US,EPA,Earl Park,Earl Park,IN,40.666666666666664,-87.4
USEPE,US,EPE,Empire,Empire,LA,29.383333333333333,-89.6
USEPM,US,EPM,Eastport,Eastport,ME,44.9,-66.98333333333333
USEPY,US,EPY,East Point,East Point,KY,37.75,-82.78333333333333
USEQ4,US,EQ4,East Lansing,East Lansing,MI,42.733333333333334,-84.48333333333333
USEQE,US,EQE,East Dubuque,East Dubuque,IL,42.483333333333334,-90.63333333333334
USEQW,US,EQW,Elwood,Elwood,CA,34.43333333333333,-119.88333333333334
USEQZ,US,EQZ,Ellport,Ellport,PA,40.85,-80.25
USER2,US,ER2,Elk River,Elk River,MN,45.3,-93.56666666666666
USERE,US,ERE,Earl,Earl,NC,35.18333333333333,-81.53333333333333
USERN,US,ERN,Clermont,Clermont,IA,43.0,-91.65
USERY,US,ERY,Elroy,Elroy,WI,43.733333333333334,-90.26666666666667
USESG,US,ESG,Estero,Estero,FL,26.433333333333334,-81.81666666666666
USETI,US,ETI,Centerville,Centerville,UT,40.916666666666664,-111.86666666666666
USETT,US,ETT,Etter,Etter,TX,36.016666666666666,-101.98333333333333
USETW,US,ETW,Edgartown,Edgartown,MA,41.38333333333333,-70.51666666666667
USEU3,US,EU3,Leucadia,Leucadia,CA,33.06666666666667,-117.3
USEUD,US,EUD,Eudora,Eudora,AR,33.1,-91.25
USEUU,US,EUU,Placida,Placida,FL,26.833333333333332,-82.26666666666667
USEV6,US,EV6,Eden,Eden,VT,44.7,-72.53333333333333
USEV7,US,EV7,Evendale,Evendale,OH,39.25,-84.41666666666667
USEVV,US,EVV,Evansville,Evansville,IN,37.96666666666667,-87.55
USEWG,US,EWG,Clearwater,Clearwater,MN,45.416666666666664,-94.05
USEWO,US,EWO,Bellwood,Bellwood,PA,40.6,-78.33333333333333
USEWR,US,EWR,Newark,Newark,NJ,40.733333333333334,-74.16666666666667
USF2S,US,F2S,Fawnskin,Fawnskin,CA,34.266666666666666,-116.93333333333334
USFA2,US,FA2,Felda,Felda,FL,26.533333333333335,-81.43333333333334
USFA3,US,FA3,Farmington,Farmington,KY,36.666666666666664,-88.51666666666667
USFAU,US,FAU,Franklin Furnace,Franklin Furnace,OH,38.63333333333333,-82.83333333333333
USFAV,US,FAV,Fall River,Fall River,MA,41.7,-71.16666666666667
USFBF,US,FBF,Flagler Beach,Flagler Beach,FL,29.466666666666665,-81.11666666666666
USFCC,US,FCC,Forest City,Forest City,IL,40.36666666666667,-89.83333333333333
USFCV,US,FCV,Francesville,Francesville,IN,40.983333333333334,-86.86666666666666
USFDE,US,FDE,Fredericksburg,Fredericksburg,OH,40.666666666666664,-52.233333333333334
USFDF,US,FDF,Fairfield,Fairfield,NC,35.53333333333333,-76.21666666666667
USFEB,US,FEB,Fernandina Beach,Fernandina Beach,FL,30.666666666666668,-81.45
USFEL,US,FEL,Fellsmere,Fellsmere,FL,27.766666666666666,-80.6
USFFO,US,FFO,Buffalo,Buffalo,WV,38.61666666666667,-81.98333333333333
USFGQ,US,FGQ,Farmingville,Farmingville,NY,40.81666666666667,-73.01666666666667
USFGX,US,FGX,Fairfield,Fairfield,GA,33.583333333333336,-83.81666666666666
USFH2,US,FH2,Fair Haven,Fair Haven,NJ,40.36666666666667,-74.03333333333333
USFI3,US,FI3,Fiddletown,Fiddletown,CA,38.5,-120.75
USFI7,US,FI7,Fleming Island,Fleming Island,FL,30.083333333333332,-81.71666666666667
USFIK,US,FIK,Fishkill,Fishkill,NY,41.53333333333333,-73.9
USFJY,US,FJY,Deer Park,Deer Park,IL,42.15,-88.08333333333333
USFL8,US,FL8,Bal Harbour,Bal Harbour,FL,25.883333333333333,-80.11666666666666
USFLL,US,FLL,Fort Lauderdale,Fort Lauderdale,FL,26.116666666666667,-80.13333333333334
USFLZ,US,FLZ,Florence,Florence,CO,38.38333333333333,-105.13333333333334
USFMU,US,FMU,Fairmount,Fairmount,GA,34.43333333333333,-84.7
USFMW,US,FMW,"Fairmont, Will","Fairmont, Will",IL,41.55,-88.05
USFNB,US,FNB,Freeland,Freeland,WA,48.0,-122.53333333333333
USFNE,US,FNE,Florence,Florence,AL,34.78333333333333,-87.66666666666667
USFNF,US,FNF,Frankfort,Frankfort,MI,44.63333333333333,-86.23333333333333
USFO9,US,FO9,Forestville,Forestville,CA,38.46666666666667,-122.88333333333334
USFOC,US,FOC,Port Fourchon,Port Fourchon,LA,29.1,-90.18333333333334
USFPL,US,FPL,Fair Play,Fair Play,CA,38.583333333333336,-120.65
USFPT,US,FPT,Fairport Harbor Village,Fairport Harbor Village,OH,41.75,-81.26666666666667
USFR6,US,FR6,Four Oaks,Four Oaks,NC,35.43333333333333,-78.41666666666667
USFSP,US,FSP,Friendship,Friendship,ME,43.983333333333334,-69.33333333333333
USFSQ,US,FSQ,Forest Dale,Forest Dale,VT,43.81666666666667,-73.05
USFSY,US,FSY,Falls City,Falls City,NE,40.05,-95.6
USFTA,US,FTA,Forest Park,Forest Park,AR,34.43333333333333,-92.38333333333334
USFTC,US,FTC,Fort Calhoun,Fort Calhoun,NE,41.45,-96.01666666666667
USFTM,US,FTM,Fort Monmouth,Fort Monmouth,NJ,40.31666666666667,-74.03333333333333
USFU7,US,FU7,Sanford,Sanford,MI,43.666666666666664,-84.36666666666666
USFVP,US,FVP,Fairview Park,Fairview Park,OH,41.43333333333333,-81.85
USFVR,US,FVR,Fort Recovery,Fort Recovery,OH,40.4,-84.76666666666667
USFW2,US,FW2,Floodwood,Floodwood,MN,46.93333333333333,-92.9
USFZZ,US,FZZ,Freedom,Freedom,PA,40.68333333333333,-80.25
USG2H,US,G2H,Glendale Heights,Glendale Heights,IL,41.9,-88.06666666666666
USG44,US,G44,Garden Valley,Garden Valley,CA,38.85,-120.85
USG77,US,G77,Griswold,Griswold,CT,41.583333333333336,-71.91666666666667
USG8Y,US,G8Y,Guy,Guy,AR,35.31666666666667,-92.33333333333333
USGA7,US,GA7,Garrison,Garrison,NY,41.38333333333333,-73.93333333333334
USGAJ,US,GAJ,Bagley,Bagley,MN,47.516666666666666,-95.4
USGBC,US,GBC,Gibson City,Gibson City,IL,40.45,-88.36666666666666
USGBV,US,GBV,Garberville,Garberville,CA,40.1,123.8
USGCA,US,GCA,Golconda,Golconda,NV,40.95,-117.48333333333333
USGCL,US,GCL,Coolidge,Coolidge,GA,31.0,-83.86666666666666
USGDJ,US,GDJ,Guildhall,Guildhall,VT,44.56666666666667,-71.56666666666666
USGEB,US,GEB,Greenboro,Greenboro,NY,43.63333333333333,-75.88333333333334
USGEZ,US,GEZ,Gilbertville,Gilbertville,MA,42.31666666666667,-72.2
USGG2,US,GG2,Gallatin Gateway,Gallatin Gateway,MT,45.6,-111.21666666666667
USGHC,US,GHC,Grays Harbor City,Grays Harbor City,WA,46.983333333333334,-123.95
USGHE,US,GHE,Ghent,Ghent,KY,38.733333333333334,-85.05
USGID,US,GID,Gideon,Gideon,MO,36.45,-89.91666666666667
USGJQ,US,GJQ,Glen Ridge,Glen Ridge,NJ,40.8,-74.2
USGKX,US,GKX,Glenwood,Glenwood,GA,34.13333333333333,-85.16666666666667
USGLA,US,GLA,Goldendale,Goldendale,WA,45.81666666666667,-120.81666666666666
USGM2,US,GM2,Gypsum,Gypsum,CO,39.65,-106.95
USGME,US,GME,Edgemere,Edgemere,MD,39.233333333333334,-76.45
USGNC,US,GNC,Garner,Garner,NC,35.7,-78.6
USGNR,US,GNR,Garner,Garner,IA,43.1,-93.6
USGNS,US,GNS,"Greenwood, Guernsey","Greenwood, Guernsey",OH,39.916666666666664,-81.46666666666667
USGOH,US,GOH,Goshen,Goshen,CT,41.85,-73.23333333333333
USGOP,US,GOP,Good Hope,Good Hope,LA,29.983333333333334,-90.4
USGP2,US,GP2,Gosport,Gosport,IN,39.35,-86.66666666666667
USGP4,US,GP4,Greenport,Greenport,NY,41.1,-72.36666666666666
USGPW,US,GPW,Grosse Point Woods,Grosse Point Woods,MI,42.43333333333333,-82.9
USGQJ,US,GQJ,Big Stone City,Big Stone City,SD,45.28333333333333,-96.45
USGQQ,US,GQQ,Galion,Galion,OH,40.733333333333334,-82.78333333333333
USGRB,US,GRB,Green Bay,Green Bay,WI,44.516666666666666,-88.01666666666667
USGSF,US,GSF,Gales Ferry,Gales Ferry,CT,41.416666666666664,-72.08333333333333
USGSQ,US,GSQ,Gasport,Gasport,NY,43.18333333333333,-78.56666666666666
USGT4,US,GT4,Gary,Gary,TX,32.016666666666666,-94.36666666666666
USGT9,US,GT9,Gardendale,Gardendale,TX,32.016666666666666,-102.36666666666666
USGTG,US,GTG,Grovetown,Grovetown,GA,33.45,-82.15
USGUG,US,GUG,Guttenberg,Guttenberg,NJ,40.78333333333333,-74.0
USGUM,US,GUM,Gulfmex Lightering Area,Gulfmex Lightering Area,,27.75,-90.83333333333333
USGVA,US,GVA,Gore,Gore,VA,39.25,-78.31666666666666
USGVB,US,GVB,Grover Beach,Grover Beach,CA,35.11666666666667,-120.61666666666666
USGVR,US,GVR,Gansevoort,Gansevoort,NY,43.18333333333333,-73.65
USGVZ,US,GVZ,Gordonville,Gordonville,PA,40.016666666666666,-76.13333333333334
USGXH,US,GXH,Sag Harbor,Sag Harbor,NY,41.016666666666666,-72.3
USGXR,US,GXR,Gold River,Gold River,CA,38.6,-121.26666666666667
USGZB,US,GZB,Grabill,Grabill,IN,41.2,-84.96666666666667
USGZI,US,GZI,Granite City,Granite City,IL,38.71666666666667,-90.11666666666666
USH2N,US,H2N,Hancock,Hancock,MD,39.7,-78.18333333333334
USH4H,US,H4H,Howland Hook,Howland Hook,NJ,40.63333333333333,-74.18333333333334
USH8N,US,H8N,Hudson,Hudson,IN,41.516666666666666,-85.06666666666666
USH99,US,H99,Henderson,Henderson,MN,44.516666666666666,-93.9
USH9R,US,H9R,Harris,Harris,IA,43.43333333333333,-95.41666666666667
USH9S,US,H9S,Walnut Shade,Walnut Shade,MO,36.71666666666667,-93.18333333333334
USHA7,US,HA7,Haleiwa,Haleiwa,HI,21.583333333333332,-158.1
USHB3,US,HB3,Harrisburg,Harrisburg,OR,44.266666666666666,-123.16666666666667
USHB4,US,HB4,Harbor Beach,Harbor Beach,MI,43.85,-82.65
USHCO,US,HCO,Hickory Creek,Hickory Creek,TX,33.11666666666667,-97.03333333333333
USHG2,US,HG2,Hastings,Hastings,MI,42.63333333333333,-85.28333333333333
USHGU,US,HGU,Huguenot,Huguenot,NY,41.416666666666664,-74.63333333333334
USHGW,US,HGW,Huntington Woods,Huntington Woods,MI,42.46666666666667,-83.16666666666667
USHH7,US,HH7,Southhaven,Southhaven,MS,34.983333333333334,-90.11666666666666
USHHK,US,HHK,Ho-Ho-Kus,Ho-Ho-Kus,NJ,41.0,-74.1
USHHT,US,HHT,Harwood Heights,Harwood Heights,IL,41.96666666666667,-87.8
USHID,US,HID,Hidalgo,Hidalgo,TX,26.1,-98.26666666666667
USHIF,US,HIF,Hill Air Force Base,Hill Air Force Base,UT,41.11666666666667,-111.98333333333333
USHJD,US,HJD,Sugar City,Sugar City,ID,43.86666666666667,-111.73333333333333
USHJS,US,HJS,Harbor Island,Harbor Island,TX,27.866666666666667,-97.06666666666666
USHKG,US,HKG,"Hickory Grove, York","Hickory Grove, York",SC,34.983333333333334,-81.41666666666667
USHL5,US,HL5,Havelock,Havelock,NC,34.88333333333333,-76.91666666666667
USHLJ,US,HLJ,Halls,Halls,TN,36.13333333333333,-88.16666666666667
USHLM,US,HLM,Holland,Holland,MI,42.78333333333333,-86.1
USHM3,US,HM3,Hickman,Hickman,KY,36.56666666666667,-89.18333333333334
USHM4,US,HM4,Herculaneum,Herculaneum,MO,38.266666666666666,-90.38333333333334
USHM7,US,HM7,Hamilton,Hamilton,NC,35.93333333333333,-77.2
USHMR,US,HMR,Hamer,Hamer,ID,43.916666666666664,-112.2
USHN9,US,HN9,Huron,Huron,MO,37.71666666666667,-93.35
USHNL,US,HNL,Honolulu,Honolulu,HI,21.3,-157.85
USHO7,US,HO7,Hooper,Hooper,UT,41.15,-112.11666666666666
USHOR,US,HOR,Homer,Homer,NY,42.63333333333333,-76.16666666666667
USHOU,US,HOU,Houston,Houston,TX,29.75,-95.35
USHQ2,US,HQ2,Cold Spring Harbor,Cold Spring Harbor,NY,40.86666666666667,-73.45
USHR3,US,HR3,Hampton Roads Pt,Hampton Roads Pt,VA,36.96666666666667,-76.35
USHR4,US,HR4,Hector,Hector,NY,42.5,-76.86666666666666
USHR5,US,HR5,Hilger,Hilger,MT,47.25,-109.35
USHRM,US,HRM,Hollister,Hollister,MO,36.61666666666667,-93.2
USHRQ,US,HRQ,High Ridge,High Ridge,MO,38.45,-90.53333333333333
USHS2,US,HS2,Hackensack,Hackensack,MN,46.93333333333333,-94.51666666666667
USHS3,US,HS3,Harbor Springs,Harbor Springs,MI,45.43333333333333,-84.98333333333333
USHS6,US,HS6,Hallstead,Hallstead,PA,41.96666666666667,-75.75
USHSF,US,HSF,Hudson,Hudson,FL,28.35,-82.7
USHU8,US,HU8,House Springs,House Springs,MO,38.4,-90.56666666666666
USHV2,US,HV2,Hughesville,Hughesville,PA,41.28333333333333,-76.71666666666667
USHWJ,US,HWJ,Black Hawk,Black Hawk,CO,39.78333333333333,-105.48333333333333
USHWN,US,HWN,Hagerstown,Hagerstown,IN,39.9,-85.16666666666667
USHWX,US,HWX,Hewlett,Hewlett,NY,40.65,-73.68333333333334
USHXD,US,HXD,Cumberland,Cumberland,KY,36.96666666666667,-82.98333333333333
USHXF,US,HXF,Hungerford,Hungerford,TX,29.4,-96.08333333333333
USHXK,US,HXK,Haiku,Haiku,HI,20.916666666666668,-156.31666666666666
USHXU,US,HXU,Hercules,Hercules,CA,38.016666666666666,-122.28333333333333
USHZA,US,HZA,Saint Henry,Saint Henry,OH,40.416666666666664,-84.63333333333334
USHZZ,US,HZZ,Hawesville,Hawesville,KY,37.9,-86.75
USIA2,US,IA2,Manning,Manning,IA,41.9,-95.05
USIA3,US,IA3,Onawa,Onawa,IA,42.016666666666666,-96.08333333333333
USIAB,US,IAB,Addison,Addison,ME,44.61666666666667,-67.75
USIAM,US,IAM,Miamisburg,Miamisburg,OH,39.63333333333333,-84.28333333333333
USICH,US,ICH,Nicholls,Nicholls,GA,31.516666666666666,-82.63333333333334
USIEG,US,IEG,Ingleside,Ingleside,IL,42.36666666666667,-88.13333333333334
USIFL,US,IFL,Island Falls,Island Falls,ME,46.0,-68.26666666666667
USIFT,US,IFT,Clifton,Clifton,TN,35.38333333333333,-87.98333333333333
USIGS,US,IGS,Big Stone,Big Stone,DE,38.983333333333334,-75.31666666666666
USIIM,US,IIM,Williamston,Williamston,MI,42.68333333333333,-84.28333333333333
USIIW,US,IIW,Williams,Williams,CA,39.15,-122.15
USIJM,US,IJM,Benton City,Benton City,WA,46.25,-119.48333333333333
USILM,US,ILM,Wilmington,Wilmington,NC,34.21666666666667,-77.93333333333334
USILW,US,ILW,Eleanor,Eleanor,WV,38.53333333333333,-81.93333333333334
USINV,US,INV,Madisonville,Madisonville,LA,30.4,-90.16666666666667
USINX,US,INX,Mosinee,Mosinee,WI,44.78333333333333,-89.7
USIO2,US,IO2,Indian Orchard,Indian Orchard,MA,42.166666666666664,-73.33333333333333
USIOA,US,IOA,Arion,Arion,IA,41.95,-95.46666666666667
USIOH,US,IOH,South Willamsport,South Willamsport,PA,41.233333333333334,-77.0
USIOR,US,IOR,Samoa,Samoa,CA,40.78333333333333,-124.2
USIPR,US,IPR,Millport,Millport,AL,33.55,-88.06666666666666
USIPX,US,IPX,Ship Island,Ship Island,MS,30.2,-88.95
USIR2,US,IR2,Indian River City,Indian River City,FL,28.566666666666666,-80.8
USIS3,US,IS3,City Island,City Island,NY,40.833333333333336,-73.78333333333333
USITN,US,ITN,Smithton,Smithton,PA,40.15,-79.73333333333333
USITV,US,ITV,Pittsville,Pittsville,WI,44.43333333333333,-90.11666666666666
USIUH,US,IUH,Clendenin,Clendenin,WV,38.483333333333334,-81.33333333333333
USIUK,US,IUK,Iuka,Iuka,MS,34.8,-88.18333333333334
USIVA,US,IVA,Isle,Isle,MN,46.13333333333333,-93.48333333333333
USIVG,US,IVG,Incline Village,Incline Village,NV,39.25,-119.98333333333333
USIVK,US,IVK,Irvine,Irvine,KY,37.68333333333333,-83.96666666666667
USIWO,US,IWO,Birchwood,Birchwood,WI,45.666666666666664,-91.55
USIYH,US,IYH,Miami Beach,Miami Beach,FL,25.783333333333335,-80.13333333333334
USIZK,US,IZK,Renick,Renick,WV,37.46666666666667,-80.31666666666666
USJ3C,US,J3C,Jacksonville,Jacksonville,OR,42.3,-122.95
USJA2,US,JA2,Jamaica,Jamaica,VA,37.7,-76.68333333333334
USJAM,US,JAM,Jackman,Jackman,ME,45.61666666666667,-70.23333333333333
USJAY,US,JAY,Jay,Jay,ME,44.5,-70.21666666666667
USJBG,US,JBG,Johnsburg,Johnsburg,IL,42.38333333333333,-88.25
USJCQ,US,JCQ,Warrensburg,Warrensburg,IL,39.916666666666664,-89.05
USJCX,US,JCX,Jacinto City,Jacinto City,TX,29.766666666666666,-95.23333333333333
USJDT,US,JDT,Port Laudania,Port Laudania,FL,26.05,-80.11666666666666
USJE2,US,JE2,Jefferson Hills,Jefferson Hills,PA,40.28333333333333,-79.91666666666667
USJE7,US,JE7,Renville,Renville,MN,44.78333333333333,-95.2
USJFZ,US,JFZ,Jefferson,Jefferson,NC,36.416666666666664,-81.46666666666667
USJHO,US,JHO,District Heights,District Heights,MD,38.85,-76.88333333333334
USJJQ,US,JJQ,Meadows of Dan,Meadows of Dan,VA,36.733333333333334,-80.38333333333334
USJKF,US,JKF,Jakolof Bay,Jakolof Bay,AK,59.45,-151.51666666666668
USJMB,US,JMB,Jamesburg,Jamesburg,NJ,40.35,-74.43333333333334
USJMX,US,JMX,Climax,Climax,CO,39.36666666666667,-106.16666666666667
USJNP,US,JNP,Newport Beach,Newport Beach,CA,33.61666666666667,-117.91666666666667
USJO4,US,JO4,Saint Johns,Saint Johns,FL,30.083333333333332,-81.58333333333333
USJOA,US,JOA,Johnson,Johnson,AR,36.13333333333333,-94.16666666666667
USJON,US,JON,Jonesport,Jonesport,ME,44.516666666666666,-67.61666666666666
USJPY,US,JPY,Jamesport,Jamesport,NY,40.95,-72.58333333333333
USJQJ,US,JQJ,Santa Rosa Beach,Santa Rosa Beach,FL,30.4,-86.23333333333333
USJQK,US,JQK,Jacksboro,Jacksboro,TN,36.31666666666667,-84.18333333333334
USJQQ,US,JQQ,Concord,Concord,GA,32.13333333333333,-84.36666666666666
USJS3,US,JS3,Jackson,Jackson,KY,37.55,-83.36666666666666
USJSA,US,JSA,Judsonia,Judsonia,AR,35.266666666666666,-91.63333333333334
USJSY,US,JSY,Saint James City,Saint James City,FL,26.483333333333334,-82.08333333333333
USJUK,US,JUK,Jenks,Jenks,OK,36.016666666666666,-95.96666666666667
USJUY,US,JUY,Pembroke,Pembroke,NH,43.13333333333333,-71.45
USJVL,US,JVL,Janesville,Janesville,WI,42.666666666666664,-89.01666666666667
USJWQ,US,JWQ,West Milton,West Milton,OH,39.95,-84.31666666666666
USJWY,US,JWY,Frenchtown,Frenchtown,NJ,40.516666666666666,-75.05
USK99,US,K99,Knob Noster,Knob Noster,MO,38.766666666666666,-93.55
USKA7,US,KA7,Kailua,Kailua,HI,21.4,-157.73333333333332
USKAB,US,KAB,Kiska Harbour,Kiska Harbour,AK,51.96666666666667,177.56666666666666
USKAG,US,KAG,Kaguyak,Kaguyak,AK,56.86666666666667,-153.78333333333333
USKAJ,US,KAJ,Land O'Lakes,Land O'Lakes,FL,28.216666666666665,-82.45
USKAY,US,KAY,Kaysville,Kaysville,UT,41.03333333333333,-111.93333333333334
USKDC,US,KDC,John F Kennedy Space Center/Cape Canaveral,John F Kennedy Space Center/Cape Canaveral,FL,28.666666666666668,-80.7
USKE7,US,KE7,Kenwood,Kenwood,CA,38.4,-122.53333333333333
USKGM,US,KGM,Kings Mills,Kings Mills,OH,39.35,-84.25
USKHB,US,KHB,Keego Harbor,Keego Harbor,MI,42.6,-83.33333333333333
USKHW,US,KHW,Eleele,Eleele,HI,21.916666666666668,-159.58333333333334
USKIH,US,KIH,Kihei,Kihei,HI,20.783333333333335,-156.45
USKIS,US,KIS,Kiska Island,Kiska Island,AK,51.95,177.55
USKJH,US,KJH,Washington,Washington,CT,41.65,-73.31666666666666
USKKV,US,KKV,Miami River,Miami River,FL,25.766666666666666,-80.18333333333334
USKL9,US,KL9,Kahuku,Kahuku,HI,21.666666666666668,-157.95
USKMR,US,KMR,Kenmore,Kenmore,NY,42.95,-78.86666666666666
USKPP,US,KPP,Koppel,Koppel,PA,40.833333333333336,-80.31666666666666
USKQC,US,KQC,Cheshire,Cheshire,OH,38.95,-82.11666666666666
USKSH,US,KSH,Hooksett,Hooksett,NH,43.1,-71.46666666666667
USKTT,US,KTT,Kitty Hawk,Kitty Hawk,NC,36.06666666666667,-75.7
USKTZ,US,KTZ,Keota,Keota,OK,35.166666666666664,-94.91666666666667
USKU4,US,KU4,Kendall Park,Kendall Park,NJ,40.416666666666664,-74.55
USKUB,US,KUB,Kuluk Bay,Kuluk Bay,AK,51.86666666666667,-176.56666666666666
USKW2,US,KW2,Konawa,Konawa,OK,34.96666666666667,-96.75
USKW7,US,KW7,Kawkawlin,Kawkawlin,MI,43.65,-83.93333333333334
USKWM,US,KWM,King William,King William,VA,37.68333333333333,-77.0
USKWU,US,KWU,Kewaunee,Kewaunee,WI,44.45,-87.5
USKXK,US,KXK,Kittery,Kittery,ME,43.083333333333336,-70.73333333333333
USKYP,US,KYP,Keyport,Keyport,WA,47.7,-122.61666666666666
USL2D,US,L2D,Little Deer Isle,Little Deer Isle,ME,44.28333333333333,-68.68333333333334
USL2P,US,L2P,Lighthouse Point,Lighthouse Point,FL,26.266666666666666,-80.08333333333333
USL3Y,US,L3Y,West Grove,West Grove,PA,39.81666666666667,-75.81666666666666
USL54,US,L54,Lanesville,Lanesville,IN,38.233333333333334,-85.98333333333333
USL55,US,L55,Collegeville,Collegeville,CA,37.9,-121.13333333333334
USL5A,US,L5A,Lagunitas,Lagunitas,CA,38.0,-122.7
USL99,US,L99,Centerville,Centerville,IN,39.8,-84.98333333333333
USL9G,US,L9G,LaGrange,LaGrange,GA,33.03333333333333,-85.01666666666667
USL9K,US,L9K,Longboat Key,Longboat Key,FL,27.4,-82.65
USLA2,US,LA2,Lake Arrowhead,Lake Arrowhead,CA,34.25,-117.18333333333334
USLAT,US,LAT,Los Alamitos,Los Alamitos,CA,33.8,-118.06666666666666
USLAX,US,LAX,Los Angeles,Los Angeles,CA,34.05,-118.25
USLB2,US,LB2,Lubec,Lubec,ME,44.85,-66.98333333333333
USLB9,US,LB9,Lansdowne-Baltimore,Lansdowne-Baltimore,MD,39.233333333333334,-76.65
USLBQ,US,LBQ,Calabash,Calabash,NC,33.88333333333333,-78.56666666666666
USLC2,US,LC2,Loup City,Loup City,NE,41.28333333333333,-98.96666666666667
USLCF,US,LCF,Leitchfield,Leitchfield,KY,37.46666666666667,-86.28333333333333
USLCJ,US,LCJ,Long Branch,Long Branch,NJ,40.3,-74.0
USLDK,US,LDK,Baldwin,Baldwin,LA,29.833333333333332,-91.55
USLE3,US,LE3,Lake Elsinore,Lake Elsinore,CA,33.666666666666664,-117.33333333333333
USLEQ,US,LEQ,Lewis Center,Lewis Center,OH,40.18333333333333,-83.0
USLG2,US,LG2,Lake George,Lake George,NY,43.43333333333333,-73.71666666666667
USLGB,US,LGB,Long Beach,Long Beach,CA,33.766666666666666,-118.18333333333334
USLGK,US,LGK,La Grange,La Grange,MO,40.05,-91.5
USLH7,US,LH7,Lenard Harbour,Lenard Harbour,AK,55.11666666666667,-162.41666666666666
USLHK,US,LHK,Little Hocking,Little Hocking,OH,39.25,-81.7
USLIB,US,LIB,Liberty,Liberty,MO,39.233333333333334,-94.41666666666667
USLIZ,US,LIZ,Limestone,Limestone,ME,46.9,-67.81666666666666
USLLB,US,LLB,Lino Lakes,Lino Lakes,MN,45.15,-93.13333333333334
USLLC,US,LLC,Leland,Leland,NC,34.25,-78.03333333333333
USLLJ,US,LLJ,Gordonville,Gordonville,KY,36.833333333333336,-87.01666666666667
USLLM,US,LLM,Stillmore,Stillmore,GA,32.43333333333333,-82.2
USLLU,US,LLU,Los Lunas,Los Lunas,NM,34.8,-106.71666666666667
USLMY,US,LMY,Lemay,Lemay,MO,38.53333333333333,-90.26666666666667
USLN5,US,LN5,Linnton,Linnton,OR,45.6,-122.78333333333333
USLO7,US,LO7,Lodi,Lodi,NY,42.6,-76.81666666666666
USLO8,US,LO8,Louisiana Offshore Oil Port (Loop),Louisiana Offshore Oil Port (Loop),LA,28.883333333333333,-90.01666666666667
USLO9,US,LO9,Loop Terminal,Loop Terminal,LA,28.883333333333333,-90.01666666666667
USLP2,US,LP2,Lupton,Lupton,MI,44.416666666666664,-84.01666666666667
USLPQ,US,LPQ,Lake Park,Lake Park,FL,26.8,-80.06666666666666
USLR3,US,LR3,Little River,Little River,SC,33.86666666666667,-78.61666666666666
USLRC,US,LRC,Long Reach,Long Reach,WV,39.483333333333334,-81.08333333333333
USLRP,US,LRP,Lake Orion,Lake Orion,MI,42.78333333333333,-83.23333333333333
USLS4,US,LS4,Lakeshore,Lakeshore,CA,40.88333333333333,-122.38333333333334
USLTG,US,LTG,Little Genesee,Little Genesee,NY,42.016666666666666,-78.2
USLTZ,US,LTZ,Lutz,Lutz,FL,28.15,-82.45
USLU7,US,LU7,Lake Huntington,Lake Huntington,NY,41.68333333333333,-74.98333333333333
USLU8,US,LU8,Port Of South Louisiana,Port Of South Louisiana,LA,30.05,-90.5
USLUF,US,LUF,Blue Earth,Blue Earth,MN,43.63333333333333,-94.1
USLUI,US,LUI,Louisville,Louisville,KY,38.233333333333334,-85.76666666666667
USLUU,US,LUU,Le Sueur,Le Sueur,MN,44.45,-93.9
USLW5,US,LW5,Lawton,Lawton,MI,42.166666666666664,-85.83333333333333
USLWD,US,LWD,Lewisport,Lewisport,KY,37.93333333333333,-86.9
USLWE,US,LWE,Lawrence,Lawrence,NY,40.61666666666667,-73.71666666666667
USLWY,US,LWY,Lowell,Lowell,AR,36.25,-94.11666666666666
USLX8,US,LX8,Spillville,Spillville,IA,43.2,-91.95
USLXQ,US,LXQ,Llano,Llano,CA,34.5,-117.81666666666666
USLXW,US,LXW,Blawnox,Blawnox,PA,40.5,-79.86666666666666
USLYM,US,LYM,Lynn Haven,Lynn Haven,FL,30.233333333333334,-85.65
USLYR,US,LYR,Lyerly,Lyerly,GA,34.4,-85.4
USLZC,US,LZC,Lancaster,Lancaster,MN,48.85,-96.81666666666666
USLZV,US,LZV,Landing,Landing,NJ,40.9,-74.65
USM2B,US,M2B,Milburn,Milburn,OK,34.233333333333334,-96.53333333333333
USM2P,US,M2P,Midway Park,Midway Park,NC,34.71666666666667,-77.33333333333333
USM2S,US,M2S,Osceola,Osceola,MO,38.05,-93.7
USM44,US,M44,Middletown,Middletown,MD,39.43333333333333,-77.53333333333333
USM47,US,M47,Molena,Molena,GA,33.016666666666666,-84.5
USM4I,US,M4I,Miami Shores,Miami Shores,FL,25.85,-80.18333333333334
USM4U,US,M4U,Turners Falls,Turners Falls,MA,42.583333333333336,-72.55
USM4X,US,M4X,Monroe,Monroe,NH,44.25,-72.05
USM5V,US,M5V,Morrisonville,Morrisonville,IL,39.416666666666664,-89.45
USM8N,US,M8N,Mendon,Mendon,NY,42.983333333333334,-77.5
USM9O,US,M9O,Monmouth Beach,Monmouth Beach,NJ,40.31666666666667,-73.96666666666667
USMAH,US,MAH,Marcus Hook,Marcus Hook,PA,39.81666666666667,-75.41666666666667
USMCR,US,MCR,Manchester,Manchester,WA,47.55,-122.53333333333333
USMD5,US,MD5,Meredith,Meredith,NH,43.666666666666664,-71.5
USMF6,US,MF6,McFarland,McFarland,WI,43.016666666666666,-89.3
USMG5,US,MG5,Malaga,Malaga,WA,47.35,-120.18333333333334
USMGF,US,MGF,Melvindale,Melvindale,MI,42.266666666666666,-83.16666666666667
USMGQ,US,MGQ,Mount Gilead,Mount Gilead,NC,35.2,-80.0
USMH2,US,MH2,Marblehead,Marblehead,MA,42.5,-70.85
USMH8,US,MH8,Manhasset,Manhasset,NY,40.8,-73.7
USMI3,US,MI3,Calcite,Calcite,MI,45.4,-83.78333333333333
USMKC,US,MKC,Kansas City,Kansas City,MO,39.1,-94.56666666666666
USMKG,US,MKG,Muskegon,Muskegon,MI,43.21666666666667,-86.23333333333333
USMKI,US,MKI,Mukilteo,Mukilteo,WA,47.95,-122.3
USMKJ,US,MKJ,McKees Rocks,McKees Rocks,PA,40.45,-80.05
USMKW,US,MKW,Mill Creek,Mill Creek,WA,47.85,-122.2
USMKZ,US,MKZ,Mukwonago,Mukwonago,WI,42.86666666666667,-88.33333333333333
USMN5,US,MN5,Menemsha,Menemsha,MA,41.35,-70.76666666666667
USMNH,US,MNH,Manhattan/New York,Manhattan/New York,NY,40.78333333333333,-73.96666666666667
USMP2,US,MP2,Mauckport,Mauckport,IN,38.016666666666666,-86.2
USMP5,US,MP5,Machesney Park,Machesney Park,IL,42.333333333333336,-89.05
USMP7,US,MP7,Mediapolis,Mediapolis,IA,41.0,-91.15
USMR2,US,MR2,Marseilles,Marseilles,IL,41.31666666666667,-88.7
USMRQ,US,MRQ,Milford,Milford,OH,39.166666666666664,-84.28333333333333
USMS6,US,MS6,Mims,Mims,FL,28.666666666666668,-80.85
USMT5,US,MT5,Milton,Milton,VT,44.63333333333333,-73.11666666666666
USMT6,US,MT6,Mentone,Mentone,AL,34.56666666666667,-85.58333333333333
USMTK,US,MTK,Mount Carmel,Mount Carmel,PA,40.78333333333333,-76.4
USMU4,US,MU4,Mountain,Mountain,WI,45.18333333333333,-88.46666666666667
USMW3,US,MW3,Moscow,Moscow,IA,41.55,-91.1
USMW4,US,MW4,Millwood,Millwood,WV,38.88333333333333,-81.86666666666666
USMXP,US,MXP,Meraux,Meraux,LA,29.916666666666668,-89.93333333333334
USMY3,US,MY3,Monterey,Monterey,CA,36.6,-121.9
USMY6,US,MY6,Mayo,Mayo,SC,35.083333333333336,-81.85
USMYC,US,MYC,Mystic,Mystic,CT,41.35,-71.95
USN2R,US,N2R,North Houston,North Houston,TX,29.916666666666668,-95.5
USN3E,US,N3E,Goehner,Goehner,NE,40.81666666666667,-97.21666666666667
USN4B,US,N4B,North Beach,North Beach,MD,38.7,-76.51666666666667
USN5B,US,N5B,Niobrara,Niobrara,NE,42.75,-98.01666666666667
USN5T,US,N5T,New Tripoli,New Tripoli,PA,40.666666666666664,-75.75
USN8P,US,N8P,Neponset,Neponset,IL,41.28333333333333,-89.78333333333333
USN99,US,N99,North Bay Village,North Bay Village,FL,25.833333333333332,-80.15
USNAK,US,NAK,Natick,Natick,MA,42.28333333333333,-71.35
USNAU,US,NAU,North Augusta,North Augusta,SC,33.46666666666667,-81.98333333333333
USNB4,US,NB4,Neets Bay,Neets Bay,AK,55.78333333333333,-131.6
USNBD,US,NBD,New Bedford,New Bedford,MA,41.63333333333333,-70.93333333333334
USNBL,US,NBL,New Bloomfield,New Bloomfield,MO,38.71666666666667,-92.08333333333333
USNCX,US,NCX,Norcross,Norcross,VA,37.35,-80.7
USNCY,US,NCY,New Caney,New Caney,TX,30.15,-95.2
USNDA,US,NDA,Neodesha,Neodesha,KS,37.416666666666664,-95.66666666666667
USNDB,US,NDB,North Dartmouth,North Dartmouth,MA,41.63333333333333,-70.96666666666667
USNE5,US,NE5,Shelby,Shelby,NE,41.18333333333333,-97.41666666666667
USNED,US,NED,New London,New London,OH,41.083333333333336,-82.4
USNEJ,US,NEJ,Necedah,Necedah,WI,44.03333333333333,-90.06666666666666
USNFE,US,NFE,Newfane,Newfane,NY,43.28333333333333,-78.71666666666667
USNFR,US,NFR,New Freedom,New Freedom,PA,39.733333333333334,-76.7
USNH2,US,NH2,New Haven,New Haven,MO,38.6,-91.21666666666667
USNHM,US,NHM,Northampton,Northampton,MA,42.333333333333336,-72.63333333333334
USNHN,US,NHN,New Hudson,New Hudson,MI,42.5,-83.6
USNHQ,US,NHQ,North Hartland,North Hartland,VT,43.583333333333336,-72.35
USNI2,US,NI2,Norman,Norman,IN,38.95,-86.26666666666667
USNIJ,US,NIJ,Nawiliwili,Nawiliwili,HI,21.966666666666665,-159.36666666666667
USNIX,US,NIX,Nixon,Nixon,PA,41.93333333333333,-76.13333333333334
USNJF,US,NJF,Fairton,Fairton,NJ,39.36666666666667,-75.21666666666667
USNJQ,US,NJQ,Terrebonne,Terrebonne,OR,44.35,-121.16666666666667
USNK3,US,NK3,Noank,Noank,CT,41.31666666666667,-52.31666666666667
USNKO,US,NKO,Anadarko,Anadarko,OK,35.06666666666667,-98.23333333333333
USNLI,US,NLI,New Lisbon,New Lisbon,WI,43.86666666666667,-90.15
USNM2,US,NM2,New Martinsville,New Martinsville,WV,39.63333333333333,-80.86666666666666
USNMA,US,NMA,Marshall,Marshall,NC,35.78333333333333,-82.68333333333334
USNMH,US,NMH,Champlin,Champlin,MN,45.18333333333333,-93.38333333333334
USNNS,US,NNS,Newport News,Newport News,VA,36.96666666666667,-76.41666666666667
USNOQ,US,NOQ,Nelsonia,Nelsonia,VA,37.81666666666667,-75.58333333333333
USNOW,US,NOW,Norwell,Norwell,MA,42.15,-70.78333333333333
USNOZ,US,NOZ,Newport,Newport,ME,44.833333333333336,-69.28333333333333
USNP7,US,NP7,New Enterprise,New Enterprise,PA,40.166666666666664,-78.4
USNPC,US,NPC,Neptune City,Neptune City,NJ,40.2,-74.01666666666667
USNPO,US,NPO,Newport,Newport,OR,44.63333333333333,-124.05
USNPX,US,NPX,New Providence,New Providence,NJ,40.68333333333333,-74.4
USNQH,US,NQH,Annisquam Harbour,Annisquam Harbour,MA,42.666666666666664,-70.68333333333334
USNQV,US,NQV,New London,New London,MO,39.583333333333336,-91.4
USNQZ,US,NQZ,North Rose,North Rose,NY,43.18333333333333,-76.88333333333334
USNRP,US,NRP,"Newport, Perry","Newport, Perry",PA,40.46666666666667,-77.11666666666666
USNSB,US,NSB,New Smyrna Beach,New Smyrna Beach,FL,29.033333333333335,-80.93333333333334
USNSC,US,NSC,North Sioux City,North Sioux City,SD,42.516666666666666,-96.46666666666667
USNSV,US,NSV,Mannsville,Mannsville,NY,43.71666666666667,-76.06666666666666
USNSX,US,NSX,New Castle,New Castle,CO,39.36666666666667,-107.15
USNTD,US,NTD,Port Hueneme,Port Hueneme,CA,34.13333333333333,-119.18333333333334
USNTR,US,NTR,Norton Shores,Norton Shores,MI,43.15,-86.25
USNVA,US,NVA,Navarre,Navarre,FL,30.4,-86.85
USNVV,US,NVV,Coconut Grove,Coconut Grove,FL,25.716666666666665,-80.25
USNW2,US,NW2,North Wildwood,North Wildwood,NJ,38.983333333333334,-74.81666666666666
USNWZ,US,NWZ,Newington,Newington,NH,43.1,-70.81666666666666
USNXL,US,NXL,Norwood,Norwood,PA,39.88333333333333,-75.3
USNXR,US,NXR,Gardiner,Gardiner,NY,41.666666666666664,-74.15
USNXZ,US,NXZ,Nesbit,Nesbit,MS,34.86666666666667,-90.0
USNY5,US,NY5,North Salem,North Salem,NY,41.333333333333336,-73.56666666666666
USNYC,US,NYC,New York,New York,NY,40.7,-74.0
USNYI,US,NYI,"Stony Point, Rockland","Stony Point, Rockland",NY,41.233333333333334,-73.98333333333333
USNYU,US,NYU,Nassau,Nassau,NY,42.5,-73.6
USNYX,US,NYX,Nyack,Nyack,NY,41.083333333333336,-73.91666666666667
USNZQ,US,NZQ,Needmore,Needmore,PA,39.833333333333336,-78.13333333333334
USO82,US,O82,Odessa,Odessa,MN,45.25,-96.31666666666666
USOAM,US,OAM,Ocean Gate,Ocean Gate,NJ,39.916666666666664,-74.13333333333334
USOAX,US,OAX,Asotin,Asotin,WA,46.333333333333336,-117.05
USOB2,US,OB2,Oak Bluffs,Oak Bluffs,MA,41.45,-70.56666666666666
USOBC,US,OBC,Orange Beach,Orange Beach,AL,30.283333333333335,-87.56666666666666
USOBI,US,OBI,Obion,Obion,TN,36.25,-89.18333333333334
USOC7,US,OC7,Ocoee,Ocoee,TN,35.11666666666667,-84.71666666666667
USOCP,US,OCP,Oceanport,Oceanport,NJ,40.31666666666667,-74.01666666666667
USOCX,US,OCX,Ocean View,Ocean View,DE,38.9,-75.16666666666667
USODT,US,ODT,South Dartmouth,South Dartmouth,MA,41.583333333333336,-70.93333333333334
USOEG,US,OEG,Oregon,Oregon,OH,41.63333333333333,-83.48333333333333
USOEN,US,OEN,Goshen,Goshen,NY,41.4,-74.31666666666666
USOFX,US,OFX,Colfax,Colfax,NC,36.1,-80.0
USOGG,US,OGG,Kahului,Kahului,HI,20.883333333333333,-156.46666666666667
USOGY,US,OGY,Oglesby,Oglesby,IL,41.28333333333333,-89.05
USOI7,US,OI7,Three Oaks,Three Oaks,MI,41.78333333333333,-86.6
USOIS,US,OIS,Meredosia,Meredosia,IL,39.833333333333336,-90.56666666666666
USOIT,US,OIT,Lolita,Lolita,TX,28.833333333333332,-96.53333333333333
USOJL,US,OJL,Thenard,Thenard,CA,33.78333333333333,-118.23333333333333
USOK9,US,OK9,Saint Louis,Saint Louis,OK,35.06666666666667,-96.85
USOKV,US,OKV,Oakville,Oakville,CT,41.583333333333336,-73.08333333333333
USOKX,US,OKX,Okemos,Okemos,MI,42.71666666666667,-84.41666666666667
USOL2,US,OL2,Oleum,Oleum,CA,38.03333333333333,-122.23333333333333
USOMD,US,OMD,Romoland,Romoland,CA,33.733333333333334,-117.16666666666667
USOMM,US,OMM,Commerce Township,Commerce Township,MI,42.56666666666667,-83.48333333333333
USOMU,US,OMU,Solomons,Solomons,MD,38.31666666666667,-76.45
USOMW,US,OMW,Castile,Castile,NY,42.61666666666667,-78.05
USONA,US,ONA,Winona,Winona,MN,44.05,-91.63333333333334
USONG,US,ONG,Ontonagon,Ontonagon,MI,46.86666666666667,-89.28333333333333
USOO9,US,OO9,Monmouth,Monmouth,OR,44.833333333333336,-123.21666666666667
USOOM,US,OOM,Bloomer,Bloomer,WI,45.1,-91.48333333333333
USOPB,US,OPB,Copan,Copan,OK,36.9,-95.93333333333334
USOR8,US,OR8,Glendale,Glendale,OR,42.733333333333334,-123.41666666666667
USOS3,US,OS3,Oskaloosa,Oskaloosa,KS,39.2,-95.3
USOSM,US,OSM,Selma,Selma,OR,42.266666666666666,-123.6
USOSV,US,OSV,Ottsville,Ottsville,PA,40.46666666666667,-75.16666666666667
USOSW,US,OSW,Oswego,Oswego,NY,43.45,-76.5
USOSZ,US,OSZ,Orca,Orca,AK,60.56666666666667,-145.7
USOT5,US,OT5,Ontario,Ontario,OH,40.75,-82.58333333333333
USOTL,US,OTL,Ottawa Lake,Ottawa Lake,MI,41.75,-83.73333333333333
USOV3,US,OV3,Osterville,Osterville,MA,41.63333333333333,-70.38333333333334
USOW4,US,OW4,Point Wells,Point Wells,WA,47.78333333333333,-122.4
USOYH,US,OYH,Boothbay Harbor,Boothbay Harbor,ME,43.85,-69.63333333333334
USOYY,US,OYY,Troy,Troy,IN,38.0,-86.8
USOZN,US,OZN,South Ozone Park,South Ozone Park,NY,40.666666666666664,-73.81666666666666
USP2L,US,P2L,Pleasant Lake,Pleasant Lake,IN,41.56666666666667,-85.0
USP3N,US,P3N,Chappaqua,Chappaqua,NY,41.15,-73.75
USP43,US,P43,Priceville,Priceville,AL,34.9,-87.46666666666667
USP64,US,P64,Palmetto Bay,Palmetto Bay,FL,25.616666666666667,-80.31666666666666
USP77,US,P77,Panora,Panora,IA,41.68333333333333,-94.35
USP9O,US,P9O,Pinto Island,Pinto Island,AL,30.666666666666668,-88.01666666666667
USPA2,US,PA2,Point Arena,Point Arena,CA,38.9,-123.68333333333334
USPA9,US,PA9,Greentown,Greentown,PA,41.31666666666667,-75.3
USPAA,US,PAA,Pine Apple,Pine Apple,AL,31.866666666666667,-86.98333333333333
USPAH,US,PAH,Paducah,Paducah,KY,37.083333333333336,-88.61666666666666
USPAL,US,PAL,Port Allen,Port Allen,HI,21.9,-159.58333333333334
USPAS,US,PAS,Pasadena,Pasadena,TX,29.683333333333334,-95.2
USPB4,US,PB4,Pensacola Beach,Pensacola Beach,FL,30.333333333333332,-87.13333333333334
USPB7,US,PB7,Cape Blanco,Cape Blanco,OR,42.833333333333336,-124.56666666666666
USPBE,US,PBE,Palatine Bridge,Palatine Bridge,NY,42.916666666666664,-74.56666666666666
USPCP,US,PCP,Patchogue,Patchogue,NY,40.766666666666666,-73.01666666666667
USPCV,US,PCV,Port Canaveral,Port Canaveral,FL,28.4,-80.6
USPDI,US,PDI,Port Madison,Port Madison,WA,47.7,-122.56666666666666
USPE2,US,PE2,Port Ewen,Port Ewen,NY,41.9,-73.98333333333333
USPEB,US,PEB,Port Elizabeth,Port Elizabeth,NJ,39.3,-74.96666666666667
USPEF,US,PEF,Port Everglades,Port Everglades,FL,26.1,-80.13333333333334
USPG8,US,PG8,Pound Ridge,Pound Ridge,NY,41.2,-73.56666666666666
USPGE,US,PGE,Pagedale,Pagedale,MO,38.68333333333333,-90.3
USPGH,US,PGH,Port Gamble,Port Gamble,WA,47.85,-122.58333333333333
USPGQ,US,PGQ,Puget Sound,Puget Sound,WA,47.81666666666667,-122.43333333333334
USPGX,US,PGX,Pillager,Pillager,MN,46.333333333333336,-94.46666666666667
USPGY,US,PGY,"Spring Valley, San Diego","Spring Valley, San Diego",CA,32.733333333333334,-116.98333333333333
USPGZ,US,PGZ,Palo Pinto,Palo Pinto,TX,32.766666666666666,-98.28333333333333
USPHN,US,PHN,Port Huron,Port Huron,MI,42.96666666666667,-82.41666666666667
USPI7,US,PI7,Pleasant Island,Pleasant Island,AK,58.35,-135.63333333333333
USPIE,US,PIE,Saint Petersburg,Saint Petersburg,FL,27.766666666666666,-82.68333333333334
USPIW,US,PIW,Pilottown,Pilottown,LA,29.183333333333334,-89.25
USPK3,US,PK3,Parks,Parks,AZ,35.266666666666666,-111.95
USPKT,US,PKT,Parkton,Parkton,NC,34.9,-79.0
USPLL,US,PLL,Port Allen,Port Allen,LA,30.45,-91.2
USPLP,US,PLP,Pleasant Prairie,Pleasant Prairie,WI,42.55,-87.93333333333334
USPLU,US,PLU,Port Ludlow,Port Ludlow,WA,47.916666666666664,-122.68333333333334
USPLV,US,PLV,Port Lavaca,Port Lavaca,TX,28.6,-96.61666666666666
USPM3,US,PM3,Port Monmouth,Port Monmouth,NJ,40.43333333333333,-74.1
USPM4,US,PM4,"Port Morris, Bronx","Port Morris, Bronx",NY,40.8,-73.91666666666667
USPM8,US,PM8,Pilot Mountain,Pilot Mountain,NC,36.38333333333333,-80.46666666666667
USPME,US,PME,Port Manatee,Port Manatee,FL,27.633333333333333,-82.55
USPMV,US,PMV,Port MacKenzie,Port MacKenzie,AK,61.266666666666666,-149.91666666666666
USPMZ,US,PMZ,Palmertown,Palmertown,PA,40.46666666666667,-79.16666666666667
USPNJ,US,PNJ,Port Newark,Port Newark,NJ,40.68333333333333,-74.11666666666666
USPO2,US,PO2,Port Orford,Port Orford,OR,42.75,-124.5
USPO7,US,PO7,Ponsford,Ponsford,MN,46.96666666666667,-95.38333333333334
USPO8,US,PO8,Pompton,Pompton,NJ,40.983333333333334,-74.26666666666667
USPOA,US,POA,Port Arthur,Port Arthur,TX,29.883333333333333,-93.91666666666667
USPOB,US,POB,Port Bolivar,Port Bolivar,TX,29.366666666666667,-94.75
USPOD,US,POD,Porterdale,Porterdale,GA,33.56666666666667,-83.88333333333334
USPOJ,US,POJ,Portage,Portage,IN,41.583333333333336,-87.2
USPOW,US,POW,Port Washington,Port Washington,NY,40.81666666666667,-73.68333333333334
USPP3,US,PP3,Point Pleasant Beach,Point Pleasant Beach,NJ,40.083333333333336,-74.05
USPP4,US,PP4,Powells Point,Powells Point,NC,36.15,-75.85
USPP5,US,PP5,Point Conception,Point Conception,CA,34.45,-120.46666666666667
USPP9,US,PP9,Prospect,Prospect,VA,37.3,-78.55
USPPS,US,PPS,Pennsauken,Pennsauken,NJ,39.95,-75.05
USPQM,US,PQM,Palm,Palm,PA,40.416666666666664,-75.53333333333333
USPQN,US,PQN,Pequannock,Pequannock,NJ,40.95,-74.28333333333333
USPRS,US,PRS,Point Roberts,Point Roberts,WA,48.983333333333334,-123.06666666666666
USPRY,US,PRY,Port Blakely,Port Blakely,WA,47.6,-122.5
USPS3,US,PS3,Prairie du Sac,Prairie du Sac,WI,43.28333333333333,-89.71666666666667
USPS6,US,PS6,Pearson,Pearson,WI,45.35,-89.0
USPS9,US,PS9,Preston,Preston,ID,42.083333333333336,-111.86666666666666
USPSJ,US,PSJ,Port Saint Joe,Port Saint Joe,FL,29.8,-85.3
USPSL,US,PSL,Port San Luis,Port San Luis,CA,35.166666666666664,-120.75
USPT7,US,PT7,Prichard,Prichard,WV,38.233333333333334,-82.58333333333333
USPTJ,US,PTJ,Port Jefferson,Port Jefferson,NY,40.93333333333333,-73.06666666666666
USPTM,US,PTM,Portsmouth,Portsmouth,VA,36.833333333333336,-76.3
USPWG,US,PWG,Paterson,Paterson,WA,45.93333333333333,-119.6
USPXD,US,PXD,South Padre Island,South Padre Island,TX,26.1,-97.15
USPY6,US,PY6,Paisley,Paisley,FL,28.983333333333334,-81.53333333333333
USPYB,US,PYB,Perryman,Perryman,MD,39.46666666666667,-76.2
USPZH,US,PZH,Port Chicago,Port Chicago,CA,38.05,-122.01666666666667
USQAC,US,QAC,Cato,Cato,NY,43.166666666666664,-76.56666666666666
USQAI,US,QAI,Clare,Clare,IL,42.016666666666666,-88.83333333333333
USQAP,US,QAP,Creekside,Creekside,PA,40.666666666666664,-79.18333333333334
USQCB,US,QCB,Claysburg,Claysburg,PA,40.3,-78.45
USQCC,US,QCC,Chevy Chase,Chevy Chase,MD,38.96666666666667,-77.08333333333333
USQCH,US,QCH,Carthage,Carthage,NY,43.983333333333334,-75.61666666666666
USQCN,US,QCN,Coal Center,Coal Center,PA,40.06666666666667,-79.9
USQCQ,US,QCQ,Chautauqua,Chautauqua,NY,42.2,-79.46666666666667
USQCZ,US,QCZ,Cozad,Cozad,NE,40.85,-99.98333333333333
USQDM,US,QDM,Elmont,Elmont,NY,40.7,-73.7
USQDQ,US,QDQ,DeQuincy,DeQuincy,LA,30.45,-93.41666666666667
USQDU,US,QDU,Lexington,Lexington,MO,39.016666666666666,-92.48333333333333
USQDV,US,QDV,Devenscrest,Devenscrest,MA,42.55,-71.56666666666666
USQDY,US,QDY,Dolgeville,Dolgeville,NY,43.1,-74.76666666666667
USQEB,US,QEB,Edinboro,Edinboro,PA,41.86666666666667,-80.11666666666666
USQEI,US,QEI,Ewing,Ewing,NJ,40.266666666666666,-74.8
USQEO,US,QEO,Earlington,Earlington,KY,37.266666666666666,-87.5
USQET,US,QET,East Setauket,East Setauket,NY,40.93333333333333,-73.1
USQEV,US,QEV,Earlville,Earlville,IA,42.46666666666667,-91.26666666666667
USQEW,US,QEW,Erwins,Erwins,NY,42.1,-77.13333333333334
USQEY,US,QEY,Eakly,Eakly,OK,35.3,-98.55
USQFA,US,QFA,Fort Davis,Fort Davis,TX,30.583333333333332,-103.88333333333334
USQFC,US,QFC,Fairmont City,Fairmont City,PA,41.016666666666666,-79.31666666666666
USQFI,US,QFI,Ferriday,Ferriday,LA,31.616666666666667,-91.55
USQFM,US,QFM,Farmington Hill,Farmington Hill,PA,41.916666666666664,-77.23333333333333
USQFU,US,QFU,Fort Lupton,Fort Lupton,CO,40.083333333333336,-104.8
USQFY,US,QFY,Fairmont City,Fairmont City,IL,38.63333333333333,-90.08333333333333
USQGB,US,QGB,Grand Blanc,Grand Blanc,MI,42.916666666666664,-83.61666666666666
USQGT,US,QGT,Garrett,Garrett,IN,41.333333333333336,-85.13333333333334
USQGX,US,QGX,Goldthwaite,Goldthwaite,TX,31.433333333333334,-98.56666666666666
USQHA,US,QHA,Hatton,Hatton,ND,47.63333333333333,-97.45
USQHE,US,QHE,Hooker,Hooker,OK,36.85,-101.2
USQHG,US,QHG,Huger,Huger,SC,33.083333333333336,-79.8
USQHH,US,QHH,Ambrose Channel Light,Ambrose Channel Light,NJ,40.45,-73.83333333333333
USQHK,US,QHK,Hopkinton,Hopkinton,IA,42.333333333333336,-91.23333333333333
USQHS,US,QHS,Mount Holly Springs,Mount Holly Springs,PA,40.11666666666667,-77.18333333333334
USQHT,US,QHT,Huber Heights,Huber Heights,OH,39.833333333333336,-84.11666666666666
USQIL,US,QIL,Idabel,Idabel,OK,33.88333333333333,-94.81666666666666
USQIM,US,QIM,Coldwater,Coldwater,MS,32.7,-89.2
USQIS,US,QIS,Inverness,Inverness,CA,38.1,-122.85
USQJB,US,QJB,Jobstown,Jobstown,NJ,40.03333333333333,-74.68333333333334
USQJC,US,QJC,Lake Park,Lake Park,IA,43.45,-95.31666666666666
USQJZ,US,QJZ,Scales Mound,Scales Mound,IL,42.46666666666667,-90.25
USQKC,US,QKC,Kimberling City,Kimberling City,MO,36.63333333333333,-93.41666666666667
USQKK,US,QKK,Keswick,Keswick,IA,41.45,-92.23333333333333
USQKM,US,QKM,Ketchum,Ketchum,ID,43.666666666666664,-114.35
USQLF,US,QLF,Linn Creek,Linn Creek,MO,38.03333333333333,-92.7
USQLH,US,QLH,Laurelville,Laurelville,OH,39.46666666666667,-82.73333333333333
USQLI,US,QLI,Loves Park,Loves Park,IL,42.31666666666667,-89.05
USQLO,US,QLO,Leonia,Leonia,NJ,40.85,-73.98333333333333
USQLR,US,QLR,Laureldale,Laureldale,PA,40.38333333333333,-75.91666666666667
USQLT,US,QLT,Loretto,Loretto,PA,40.5,-78.61666666666666
USQLY,US,QLY,Lyles,Lyles,TN,35.916666666666664,-87.33333333333333
USQMC,US,QMC,McLeansville,McLeansville,NC,36.1,-79.65
USQMK,US,QMK,Markleville,Markleville,IN,39.96666666666667,-85.6
USQMM,US,QMM,Marne,Marne,MI,43.03333333333333,-85.81666666666666
USQMU,US,QMU,Mantua,Mantua,NJ,39.78333333333333,-75.16666666666667
USQMW,US,QMW,McCleary,McCleary,WA,47.05,-123.25
USQNE,US,QNE,Newportville,Newportville,PA,40.11666666666667,-74.9
USQNM,US,QNM,North Miami,North Miami,FL,25.883333333333333,-80.18333333333334
USQNN,US,QNN,New Ipswich,New Ipswich,NH,42.733333333333334,-71.85
USQNV,US,QNV,Nokesville,Nokesville,VA,38.68333333333333,-77.56666666666666
USQOA,US,QOA,Olyphant,Olyphant,PA,41.46666666666667,-75.6
USQOC,US,QOC,Port Orchard,Port Orchard,,47.53333333333333,-122.63333333333334
USQOP,US,QOP,Oak Park,Oak Park,IL,41.88333333333333,-87.78333333333333
USQOR,US,QOR,Moravia,Moravia,IA,40.88333333333333,-92.8
USQOT,US,QOT,Olton,Olton,TX,34.18333333333333,-102.13333333333334
USQPD,US,QPD,Poland,Poland,OH,41.016666666666666,-80.6
USQPH,US,QPH,Pocahontas,Pocahontas,TN,35.63333333333333,-86.03333333333333
USQPM,US,QPM,Pamplin,Pamplin,VA,37.25,-78.66666666666667
USQPN,US,QPN,Peconic,Peconic,NY,41.03333333333333,-72.45
USQPR,US,QPR,Port Eads,Port Eads,LA,29.0,-89.16666666666667
USQPS,US,QPS,Pine Bluffs,Pine Bluffs,WY,41.166666666666664,-104.06666666666666
USQPX,US,QPX,Prosper,Prosper,TX,33.233333333333334,-96.8
USQPY,US,QPY,Pine Plains,Pine Plains,NY,41.96666666666667,-73.65
USQQN,US,QQN,River Ridge,River Ridge,LA,29.95,-90.2
USQQX,US,QQX,Steelton,Steelton,PA,40.233333333333334,-76.83333333333333
USQR5,US,QR5,Grimes,Grimes,CA,39.06666666666667,-121.88333333333334
USQRI,US,QRI,Burlison,Burlison,TN,35.55,-89.78333333333333
USQRL,US,QRL,Erial,Erial,NJ,39.766666666666666,-75.0
USQSG,US,QSG,Spring Green,Spring Green,WI,43.166666666666664,-90.06666666666666
USQSK,US,QSK,Saco,Saco,ME,43.5,-70.45
USQST,US,QST,Stoystown,Stoystown,PA,40.1,-78.93333333333334
USQSW,US,QSW,South Walpole,South Walpole,MA,42.1,-71.25
USQTB,US,QTB,Tabor City,Tabor City,NC,34.13333333333333,-78.86666666666666
USQTF,US,QTF,Three Forks Junction,Three Forks Junction,MT,45.88333333333333,-111.58333333333333
USQTH,US,QTH,Tomah,Tomah,WI,43.96666666666667,-90.5
USQTI,US,QTI,Trinity,Trinity,AL,33.583333333333336,-85.86666666666666
USQTN,US,QTN,Tornillo,Tornillo,TX,31.433333333333334,-106.08333333333333
USQTO,US,QTO,Tonica,Tonica,IL,41.2,-89.06666666666666
USQTY,US,QTY,Terry,Terry,MS,32.083333333333336,-90.28333333333333
USQUI,US,QUI,Quincy,Quincy,CA,39.916666666666664,-120.91666666666667
USQUS,US,QUS,Upper Saint Regis,Upper Saint Regis,NY,44.4,-74.26666666666667
USQWD,US,QWD,Waelder,Waelder,TX,29.683333333333334,-97.28333333333333
USQWL,US,QWL,Willimantic,Willimantic,CT,41.7,-72.2
USQWW,US,QWW,Wynnewood,Wynnewood,PA,40.0,-75.26666666666667
USQXY,US,QXY,Browns Mills,Browns Mills,NJ,39.96666666666667,-74.58333333333333
USQYL,US,QYL,Loudonville,Loudonville,NY,42.7,-73.75
USQZJ,US,QZJ,Windsor,Windsor,ME,44.3,-69.56666666666666
USQZN,US,QZN,New Point,New Point,VA,37.35,-76.28333333333333
USR2V,US,R2V,Rockville,Rockville,VA,37.71666666666667,-77.66666666666667
USR34,US,R34,Rootstown,Rootstown,OH,41.083333333333336,-81.23333333333333
USR3O,US,R3O,Rollinsford,Rollinsford,NH,43.233333333333334,-70.81666666666666
USR55,US,R55,Rochelle,Rochelle,VA,38.28333333333333,-78.26666666666667
USR5W,US,R5W,Rowena,Rowena,SD,43.516666666666666,-96.55
USR63,US,R63,Rockport,Rockport,IL,39.53333333333333,-91.0
USR88,US,R88,Rio,Rio,WI,43.45,-89.23333333333333
USRA3,US,RA3,Forest Ranch,Forest Ranch,CA,39.86666666666667,-121.66666666666667
USRAF,US,RAF,Ringle,Ringle,WI,44.88333333333333,-89.41666666666667
USRAJ,US,RAJ,Rotterdam,Rotterdam,NY,42.78333333333333,-73.96666666666667
USRBO,US,RBO,Rancho Bernardo,Rancho Bernardo,CA,33.016666666666666,-117.05
USRC6,US,RC6,Rock Creek,Rock Creek,OH,41.65,-80.85
USRD4,US,RD4,Rodeo,Rodeo,CA,38.016666666666666,-122.25
USRDK,US,RDK,Red Oak,Red Oak,IA,41.0,-95.21666666666667
USRF5,US,RF5,Red Feather Lakes,Red Feather Lakes,CO,40.8,-105.58333333333333
USRG6,US,RG6,River Grove,River Grove,IL,41.916666666666664,-87.83333333333333
USRGA,US,RGA,Baraga,Baraga,MI,46.78333333333333,-88.5
USRGJ,US,RGJ,Rivergate,Rivergate,OR,45.61666666666667,-122.76666666666667
USRGS,US,RGS,Rogers,Rogers,CT,41.833333333333336,-71.9
USRH2,US,RH2,Rogers Haven,Rogers Haven,DE,38.56666666666667,-75.1
USRHG,US,RHG,Rancho Mirage,Rancho Mirage,CA,33.733333333333334,-116.41666666666667
USRHY,US,RHY,Red Hill,Red Hill,PA,40.36666666666667,-75.48333333333333
USRI4,US,RI4,Port Richmond,Port Richmond,PA,39.983333333333334,-75.1
USRIC,US,RIC,Richmond,Richmond,VA,37.55,-77.45
USRIM,US,RIM,Rimer,Rimer,OH,40.88333333333333,-84.2
USRJQ,US,RJQ,Roggen,Roggen,CO,40.166666666666664,-104.36666666666666
USRJT,US,RJT,Roseton,Roseton,NY,41.56666666666667,-74.0
USRKY,US,RKY,Rocky River,Rocky River,OH,41.46666666666667,-81.83333333333333
USRL5,US,RL5,Starlight,Starlight,IN,38.4,-85.88333333333334
USRLT,US,RLT,Roosevelt,Roosevelt,WA,45.733333333333334,-120.2
USRMA,US,RMA,Hermann,Hermann,MO,38.7,-91.43333333333334
USRNN,US,RNN,Clarendon,Clarendon,AR,34.68333333333333,-91.3
USRO2,US,RO2,Santa Rosa Island,Santa Rosa Island,CA,33.95,-120.1
USROJ,US,ROJ,Ronks,Ronks,PA,40.016666666666666,-76.16666666666667
USRP3,US,RP3,Rockport,Rockport,ME,44.18333333333333,-69.08333333333333
USRR6,US,RR6,Redwood Valley,Redwood Valley,CA,39.25,-123.2
USRSG,US,RSG,Rosenberg,Rosenberg,TX,29.55,-95.8
USRSK,US,RSK,Rosiclare,Rosiclare,IL,37.416666666666664,-88.35
USRUX,US,RUX,Barboursville,Barboursville,VA,38.166666666666664,-78.26666666666667
USRV4,US,RV4,Saddle River,Saddle River,NJ,41.016666666666666,-74.1
USRV5,US,RV5,Riverdale,Riverdale,NY,43.2,-75.41666666666667
USRWK,US,RWK,Berwick,Berwick,LA,29.683333333333334,-91.21666666666667
USRWQ,US,RWQ,Spencer,Spencer,IN,39.28333333333333,-86.75
USRWX,US,RWX,Casselton,Casselton,ND,46.9,-12.65
USRXF,US,RXF,Rexford,Rexford,MT,48.9,-115.16666666666667
USRXO,US,RXO,Clearlake Oaks,Clearlake Oaks,CA,39.03333333333333,-122.66666666666667
USRYF,US,RYF,Rocky Face,Rocky Face,GA,34.8,-85.01666666666667
USRYK,US,RYK,Rockaway Parks,Rockaway Parks,NY,40.56666666666667,-73.83333333333333
USRYN,US,RYN,Roslyn Heights,Roslyn Heights,NY,40.78333333333333,-73.63333333333334
USS2B,US,S2B,Salemburg,Salemburg,NC,35.93333333333333,-78.18333333333334
USS3G,US,S3G,Spring Grove,Spring Grove,VA,37.266666666666666,-79.85
USS44,US,S44,Scio,Scio,OR,44.7,-122.83333333333333
USS4Y,US,S4Y,Sarita,Sarita,TX,27.216666666666665,-97.78333333333333
USS67,US,S67,Saint Paul Park,Saint Paul Park,MN,44.833333333333336,-92.98333333333333
USS7I,US,S7I,Sidney,Sidney,KY,37.61666666666667,-82.35
USS7K,US,S7K,South Kingstown,South Kingstown,RI,41.43333333333333,-71.51666666666667
USS7T,US,S7T,Saint Charles,Saint Charles,MO,38.78333333333333,-90.5
USS7Y,US,S7Y,Smyrna,Smyrna,NC,34.75,-76.51666666666667
USS8K,US,S8K,South Salt Lake,South Salt Lake,UT,40.71666666666667,-111.88333333333334
USS8T,US,S8T,Stony Point,Stony Point,NY,41.21666666666667,-73.98333333333333
USSA3,US,SA3,Saint Albans,Saint Albans,WV,38.38333333333333,-81.81666666666666
USSA6,US,SA6,Santee,Santee,SC,33.46666666666667,-80.48333333333333
USSAC,US,SAC,Sacramento,Sacramento,CA,38.56666666666667,-121.48333333333333
USSAN,US,SAN,San Diego,San Diego,CA,32.7,-117.15
USSBB,US,SBB,Sabina,Sabina,OH,39.483333333333334,-83.63333333333334
USSBQ,US,SBQ,Ship Bottom,Ship Bottom,NJ,39.65,-74.18333333333334
USSCK,US,SCK,Stockton,Stockton,CA,37.95,-121.28333333333333
USSE3,US,SE3,Soap Lake,Soap Lake,WA,47.38333333333333,-119.48333333333333
USSE4,US,SE4,Sedan,Sedan,KS,37.11666666666667,-96.18333333333334
USSG3,US,SG3,Spring Grove,Spring Grove,IL,42.43333333333333,-88.18333333333334
USSGI,US,SGI,Sterling,Sterling,IL,41.78333333333333,-89.68333333333334
USSGN,US,SGN,Stonington,Stonington,CT,41.333333333333336,-71.9
USSI2,US,SI2,Sledge Island,Sledge Island,AK,64.48333333333333,-166.2
USSI7,US,SI7,Sierra Vista,Sierra Vista,CA,37.15,-120.28333333333333
USSK3,US,SK3,Summerland Key,Summerland Key,FL,24.65,-81.45
USSK4,US,SK4,Smackover,Smackover,AR,33.35,-92.71666666666667
USSKT,US,SKT,Stickney,Stickney,IL,41.81666666666667,-87.76666666666667
USSKY,US,SKY,"Sandusky, Erie","Sandusky, Erie",OH,41.43333333333333,-82.7
USSKZ,US,SKZ,Saint Clair,Saint Clair,PA,40.71666666666667,-76.18333333333334
USSO9,US,SO9,Stookey,Stookey,IL,38.5,-90.08333333333333
USSP2,US,SP2,Sagaponack,Sagaponack,NY,40.916666666666664,-72.28333333333333
USSPT,US,SPT,South Saint Paul,South Saint Paul,MN,44.88333333333333,-93.05
USSR4,US,SR4,Shalimar,Shalimar,FL,30.45,-86.58333333333333
USSR9,US,SR9,Stansbury park,Stansbury park,UT,40.63333333333333,-112.28333333333333
USSRE,US,SRE,Saint Rose,Saint Rose,LA,29.95,-90.31666666666666
USSRN,US,SRN,Saranac,Saranac,MI,42.916666666666664,-85.2
USSS3,US,SS3,Somerset,Somerset,MA,41.733333333333334,-71.16666666666667
USST9,US,ST9,Saint George,Saint George,ME,44.016666666666666,-69.18333333333334
USSTL,US,STL,Saint Louis,Saint Louis,MO,38.61666666666667,-90.18333333333334
USSTZ,US,STZ,Scottsdale,Scottsdale,AZ,33.5,-111.88333333333334
USSUL,US,SUL,Port Sulphur,Port Sulphur,LA,29.466666666666665,-89.68333333333334
USSUT,US,SUT,Sunny Point,Sunny Point,NC,33.983333333333334,-77.95
UST2R,US,T2R,Trempealeau,Trempealeau,WI,44.333333333333336,-91.51666666666667
UST5W,US,T5W,Tow,Tow,TX,30.883333333333333,-98.46666666666667
UST9X,US,T9X,Millican,Millican,TX,30.466666666666665,-96.2
USTA2,US,TA2,Talihina,Talihina,OK,34.75,-95.03333333333333
USTA3,US,TA3,Tahuya,Tahuya,WA,47.36666666666667,-123.05
USTAJ,US,TAJ,Alta Loma,Alta Loma,CA,34.11666666666667,-117.58333333333333
USTAW,US,TAW,Matawan,Matawan,NJ,40.4,-74.21666666666667
USTB3,US,TB3,Tabor,Tabor,SD,42.93333333333333,-97.65
USTBH,US,TBH,Atlantic Beach,Atlantic Beach,NC,34.7,-76.73333333333333
USTBJ,US,TBJ,Tanaga Bay,Tanaga Bay,AK,51.733333333333334,-178.03333333333333
USTBW,US,TBW,Point Barrow,Point Barrow,AK,71.28333333333333,-156.66666666666666
USTBZ,US,TBZ,Tubac,Tubac,AZ,31.616666666666667,-111.05
USTC4,US,TC4,Town and Country,Town and Country,MO,38.6,-90.45
USTCH,US,TCH,Taconite Harbor,Taconite Harbor,MN,47.516666666666666,-90.91666666666667
USTDI,US,TDI,Tatoosh Island,Tatoosh Island,WA,48.38333333333333,-124.73333333333333
USTE8,US,TE8,Tyee,Tyee,AK,57.05,-134.55
USTEP,US,TEP,Stephentown,Stephentown,NY,42.53333333333333,-73.36666666666666
USTFG,US,TFG,Trafalgar,Trafalgar,IN,39.4,-86.15
USTFO,US,TFO,Stratford,Stratford,WI,44.8,-90.06666666666666
USTFR,US,TFR,Transfer,Transfer,PA,41.31666666666667,-80.41666666666667
USTFT,US,TFT,Taft,Taft,LA,29.983333333333334,-90.43333333333334
USTGB,US,TGB,Indian Mills,Indian Mills,NJ,39.78333333333333,-74.73333333333333
USTHF,US,THF,Thompson Falls,Thompson Falls,MT,47.6,-115.35
USTHN,US,THN,Athena,Athena,OR,45.8,-118.48333333333333
USTHU,US,THU,Croton-on-Hudson,Croton-on-Hudson,NY,41.2,-73.88333333333334
USTIE,US,TIE,Wolcottville,Wolcottville,IN,41.516666666666666,-85.36666666666666
USTIS,US,TIS,Stillwater,Stillwater,MN,45.05,-92.8
USTJB,US,TJB,Brilliant,Brilliant,OH,40.25,-81.21666666666667
USTJJ,US,TJJ,Platte,Platte,MO,39.35,-94.76666666666667
USTK9,US,TK9,Stockett,Stockett,MT,47.35,-111.16666666666667
USTKN,US,TKN,Tomkins Cove,Tomkins Cove,NY,41.25,-73.98333333333333
USTL8,US,TL8,Tillson,Tillson,NY,41.81666666666667,-74.06666666666666
USTLQ,US,TLQ,Hilton,Hilton,NY,43.28333333333333,-77.61666666666666
USTMM,US,TMM,Tamms,Tamms,IL,37.233333333333334,-89.26666666666667
USTMN,US,TMN,Trumann,Trumann,AR,35.666666666666664,-90.5
USTMZ,US,TMZ,Tecumseh,Tecumseh,MO,36.583333333333336,-92.3
USTNE,US,TNE,Tavernier,Tavernier,FL,25.0,-80.51666666666667
USTNI,US,TNI,Tunica,Tunica,MS,34.68333333333333,-90.36666666666666
USTNV,US,TNV,Triangle,Triangle,VA,38.55,-77.33333333333333
USTO3,US,TO3,Corralitos,Corralitos,CA,36.983333333333334,-121.8
USTOU,US,TOU,Saint Johnsville,Saint Johnsville,NY,43.0,-74.68333333333334
USTOZ,US,TOZ,Low Moor,Low Moor,VA,37.78333333333333,-79.88333333333334
USTP2,US,TP2,Tupper Lake,Tupper Lake,NY,44.21666666666667,-74.46666666666667
USTPC,US,TPC,Cape Carteret,Cape Carteret,NC,34.68333333333333,-77.06666666666666
USTPS,US,TPS,Thompson,Thompson,OH,41.68333333333333,-81.05
USTPW,US,TPW,Thompsontown,Thompsontown,PA,40.81666666666667,-78.61666666666666
USTQT,US,TQT,Tionesta,Tionesta,PA,41.483333333333334,-79.45
USTRK,US,TRK,Tamarac,Tamarac,FL,26.2,-80.25
USTRY,US,TRY,Troy,Troy,NY,42.71666666666667,-73.68333333333334
USTS4,US,TS4,Chatsworth,Chatsworth,IL,40.75,-88.28333333333333
USTSA,US,TSA,Savannah,Savannah,TN,35.21666666666667,-88.23333333333333
USTSI,US,TSI,Tishomingo,Tishomingo,OK,34.25,-96.68333333333334
USTSL,US,TSL,Ten Sleep,Ten Sleep,WY,44.03333333333333,-107.45
USTSN,US,TSN,Fort Snelling,Fort Snelling,MN,44.9,-93.16666666666667
USTSO,US,TSO,Lost Hills,Lost Hills,CA,35.61666666666667,-119.68333333333334
USTSX,US,TSX,Mauston,Mauston,WI,43.833333333333336,-90.63333333333334
USTSZ,US,TSZ,Bronston,Bronston,KY,36.983333333333334,-84.61666666666666
USTT9,US,TT9,Tuscan,Tuscan,NY,42.583333333333336,-74.76666666666667
USTTS,US,TTS,Scottsville,Scottsville,VA,37.78333333333333,-78.48333333333333
USTTV,US,TTV,"Tottenville, Staten Island","Tottenville, Staten Island",NY,40.516666666666666,-74.25
USTUB,US,TUB,Boutte,Boutte,LA,29.9,-90.38333333333334
USTUV,US,TUV,Gertrude Cove,Gertrude Cove,AK,51.93333333333333,177.45
USTW2,US,TW2,Twin Lake,Twin Lake,MI,43.35,-86.15
USTWM,US,TWM,"Stewart, McLeod","Stewart, McLeod",MN,44.71666666666667,-94.35
USTWZ,US,TWZ,Tarrytown,Tarrytown,NY,41.06666666666667,-73.86666666666666
USTX3,US,TX3,Fairview,Fairview,TX,32.5,-97.8
USTXQ,US,TXQ,Noti,Noti,OR,44.05,-123.43333333333334
USTXU,US,TXU,Garden City,Garden City,ID,44.5,-114.21666666666667
USTXX,US,TXX,Powderly,Powderly,TX,33.8,-95.51666666666667
USTYY,US,TYY,East Troy,East Troy,WI,42.78333333333333,-88.4
USU3V,US,U3V,Weybridge,Weybridge,VT,44.05,-73.2
USUA7,US,UA7,Laurelton,Laurelton,NY,40.666666666666664,-73.75
USUCR,US,UCR,Urbancrest,Urbancrest,OH,39.9,-83.08333333333333
USUDC,US,UDC,Cumberland City,Cumberland City,TN,36.38333333333333,-87.61666666666666
USUGE,US,UGE,Council Grove,Council Grove,KS,38.666666666666664,-96.5
USUGN,US,UGN,Waukegan,Waukegan,IL,42.35,-87.83333333333333
USUHI,US,UHI,Unity,Unity,ME,44.6,-69.33333333333333
USUHO,US,UHO,North Monmouth,North Monmouth,ME,44.266666666666666,-70.01666666666667
USUIT,US,UIT,Susitna,Susitna,AK,61.53333333333333,-150.5
USUKK,US,UKK,University Park,University Park,TX,32.85,-96.8
USULO,US,ULO,Bunola,Bunola,PA,40.233333333333334,-79.95
USUMO,US,UMO,Cataumet,Cataumet,MA,41.666666666666664,-70.61666666666666
USUMQ,US,UMQ,Mecosta,Mecosta,MI,43.61666666666667,-85.21666666666667
USUO4,US,UO4,Woodfin,Woodfin,NC,35.63333333333333,-82.58333333333333
USUQQ,US,UQQ,Tulalip,Tulalip,WA,48.06666666666667,-122.28333333333333
USURE,US,URE,Laurel,Laurel,DE,38.55,-75.56666666666666
USURR,US,URR,Port Murray,Port Murray,NJ,40.78333333333333,-74.9
USUSA,US,USA,Bourbonnais,Bourbonnais,IL,41.15,-87.88333333333334
USUSB,US,USB,"Curtis Bay, Baltimore","Curtis Bay, Baltimore",MD,39.21666666666667,-76.58333333333333
USUT2,US,UT2,Uniontown,Uniontown,KY,37.766666666666666,-87.93333333333334
USUTA,US,UTA,Tchula,Tchula,MS,33.18333333333333,-90.21666666666667
USUTS,US,UTS,Saint Louis,Saint Louis,LA,30.25,-91.23333333333333
USUWC,US,UWC,Uwchland,Uwchland,PA,40.06666666666667,-75.68333333333334
USUWH,US,UWH,South Windham,South Windham,CT,41.68333333333333,-72.16666666666667
USUXX,US,UXX,Uxbridge,Uxbridge,MA,42.06666666666667,-71.61666666666666
USUYU,US,UYU,Staten Island,Staten Island,NY,40.583333333333336,-74.15
USV7X,US,V7X,Croxton,Croxton,NJ,40.733333333333334,-74.05
USVAU,US,VAU,Augusta Springs,Augusta Springs,VA,38.1,-79.31666666666666
USVBE,US,VBE,Van Buren,Van Buren,WI,42.666666666666664,-90.71666666666667
USVDZ,US,VDZ,Valdez,Valdez,AK,61.1,-146.2
USVE9,US,VE9,Vermilion,Vermilion,OH,41.416666666666664,-82.35
USVED,US,VED,Vineyard,Vineyard,UT,40.31666666666667,-111.75
USVFR,US,VFR,Ansonville,Ansonville,NC,35.1,-80.1
USVGS,US,VGS,Vanceburg,Vanceburg,KY,38.6,-83.31666666666666
USVIR,US,VIR,Viroqua,Viroqua,WI,43.55,-90.88333333333334
USVIX,US,VIX,Viola,Viola,WI,30.45,-40.21666666666667
USVJ2,US,VJ2,Villard Junction,Villard Junction,WA,46.166666666666664,-119.0
USVKB,US,VKB,Vicksburg,Vicksburg,MI,42.11666666666667,-85.51666666666667
USVKY,US,VKY,Silver Grove,Silver Grove,KY,39.03333333333333,-84.38333333333334
USVLS,US,VLS,Van Alstyne,Van Alstyne,TX,33.416666666666664,-96.56666666666666
USVMD,US,VMD,Vienna,Vienna,MD,38.483333333333334,-75.81666666666666
USVN3,US,VN3,Venice,Venice,LA,29.266666666666666,-89.35
USVNT,US,VNT,Ventura,Ventura,CA,34.266666666666666,-119.28333333333333
USVOT,US,VOT,Violet,Violet,LA,29.883333333333333,-89.88333333333334
USVOW,US,VOW,Stow,Stow,NY,42.15,-79.4
USVQV,US,VQV,Nashville,Nashville,MI,42.6,-85.08333333333333
USVR9,US,VR9,Augusta,Augusta,MO,38.56666666666667,-90.86666666666666
USVRD,US,VRD,Riverside,Riverside,CT,41.38333333333333,-73.16666666666667
USVSE,US,VSE,Riverside,Riverside,RI,41.766666666666666,-71.35
USVTD,US,VTD,Wilder,Wilder,VT,43.666666666666664,-72.31666666666666
USVTP,US,VTP,Portville,Portville,NY,42.03333333333333,-78.33333333333333
USVTT,US,VTT,Lovettsville,Lovettsville,VA,39.266666666666666,-77.63333333333334
USVVC,US,VVC,Terra Bella,Terra Bella,CA,35.95,-119.03333333333333
USVVZ,US,VVZ,Centre Hall,Centre Hall,PA,40.833333333333336,-77.68333333333334
USVWR,US,VWR,Warren,Warren,OR,45.81666666666667,-122.85
USVXJ,US,VXJ,Claves,Claves,OH,40.53333333333333,-84.73333333333333
USVZZ,US,VZZ,Goochland,Goochland,VA,37.68333333333333,-77.88333333333334
USW26,US,W26,Willow Park,Willow Park,TX,32.75,-97.65
USW6T,US,W6T,Ceredo,Ceredo,WV,38.38333333333333,-82.55
USW9A,US,W9A,Washington Terrace,Washington Terrace,UT,41.166666666666664,-111.96666666666667
USWA4,US,WA4,Walsh,Walsh,CO,37.38333333333333,-102.26666666666667
USWA7,US,WA7,Wakeman,Wakeman,OH,41.25,-82.38333333333334
USWAB,US,WAB,Washington,Washington,GA,33.733333333333334,-82.73333333333333
USWBM,US,WBM,West Boylston,West Boylston,MA,42.36666666666667,-71.78333333333333
USWC4,US,WC4,Wicomico Church,Wicomico Church,VA,37.81666666666667,-76.4
USWCO,US,WCO,Welcome,Welcome,NC,35.9,-80.25
USWCP,US,WCP,Wicker Park,Wicker Park,IL,41.9,-87.66666666666667
USWCW,US,WCW,Lake Waccamaw,Lake Waccamaw,NC,34.31666666666667,-78.5
USWDZ,US,WDZ,Woodside,Woodside,CA,37.43333333333333,-122.26666666666667
USWE2,US,WE2,Westerlo,Westerlo,NY,42.5,-74.03333333333333
USWEP,US,WEP,Westampton,Westampton,NJ,40.016666666666666,-74.83333333333333
USWEQ,US,WEQ,West Allis,West Allis,WI,43.016666666666666,-88.0
USWFB,US,WFB,Wolfeboro,Wolfeboro,NH,43.583333333333336,-71.2
USWG2,US,WG2,Waggaman,Waggaman,LA,29.916666666666668,-90.2
USWGB,US,WGB,"Winnebago, Faribault","Winnebago, Faribault",MN,43.766666666666666,-94.18333333333334
USWGX,US,WGX,Wingate,Wingate,TX,32.05,-100.11666666666666
USWH7,US,WH7,Waianae,Waianae,HI,21.433333333333334,-158.18333333333334
USWKT,US,WKT,Whitakers,Whitakers,NC,36.1,-77.7
USWLQ,US,WLQ,West Long Branch,West Long Branch,NJ,40.28333333333333,-74.01666666666667
USWMA,US,WMA,Wilma,Wilma,WA,46.666666666666664,-117.13333333333334
USWMJ,US,WMJ,Windham,Windham,CT,41.7,-72.15
USWMP,US,WMP,Whitmore Lake,Whitmore Lake,MI,43.416666666666664,-75.9
USWMU,US,WMU,West Yarmouth,West Yarmouth,MA,41.65,-70.25
USWNF,US,WNF,Wisconsin Dells,Wisconsin Dells,WI,43.61666666666667,-89.76666666666667
USWNH,US,WNH,Wentworth,Wentworth,NH,43.86666666666667,-71.91666666666667
USWNK,US,WNK,Winooski,Winooski,VT,44.483333333333334,-73.2
USWNS,US,WNS,Winsted,Winsted,CT,41.916666666666664,-73.05
USWO4,US,WO4,Birnamwood,Birnamwood,WI,44.93333333333333,-89.2
USWO7,US,WO7,Woodgate,Woodgate,NY,43.516666666666666,-75.15
USWOT,US,WOT,West Point,West Point,NY,41.38333333333333,-73.95
USWOV,US,WOV,Woodsville,Woodsville,NH,44.13333333333333,-72.01666666666667
USWPB,US,WPB,Wills Point,Wills Point,NJ,29.75,-90.0
USWPF,US,WPF,Waterproof,Waterproof,LA,31.8,-91.36666666666666
USWPT,US,WPT,Westport,Westport,CA,39.63333333333333,-123.76666666666667
USWQA,US,WQA,Whitman,Whitman,MA,42.083333333333336,-70.93333333333334
USWQU,US,WQU,Wauna Range,Wauna Range,OR,46.15,-123.4
USWQZ,US,WQZ,Wintersville,Wintersville,OH,40.36666666666667,-80.7
USWR3,US,WR3,West Portsmouth,West Portsmouth,OH,38.75,-83.01666666666667
USWR4,US,WR4,Wading River,Wading River,NY,40.95,-72.83333333333333
USWRP,US,WRP,Winterthur,Winterthur,DE,39.8,-75.61666666666666
USWTN,US,WTN,Wilmington,Wilmington,CA,33.766666666666666,-118.26666666666667
USWTU,US,WTU,Wartburg,Wartburg,TN,36.1,-84.58333333333333
USWU7,US,WU7,Walnut,Walnut,IA,41.46666666666667,-95.21666666666667
USWUP,US,WUP,Waupaca,Waupaca,WI,44.35,-89.08333333333333
USWUR,US,WUR,Wurtland,Wurtland,KY,38.55,-82.76666666666667
USWUS,US,WUS,Williamsburg,Williamsburg,IA,41.666666666666664,-92.01666666666667
USWVA,US,WVA,Water Valley,Water Valley,MS,34.15,-89.61666666666666
USWW9,US,WW9,Wadmalaw Island,Wadmalaw Island,SC,32.666666666666664,-80.16666666666667
USWWI,US,WWI,Weyauwega,Weyauwega,WI,44.31666666666667,-88.91666666666667
USWXB,US,WXB,White Oak,White Oak,PA,40.333333333333336,-79.8
USWXS,US,WXS,Wrightstown,Wrightstown,WI,44.31666666666667,-88.16666666666667
USWY2,US,WY2,Wadley,Wadley,AL,33.11666666666667,-85.56666666666666
USWY7,US,WY7,Weston,Weston,WY,44.63333333333333,-105.33333333333333
USWZS,US,WZS,Warsaw,Warsaw,KY,38.78333333333333,-84.9
USXAE,US,XAE,Camden,Camden,DE,39.11666666666667,-75.53333333333333
USXAK,US,XAK,Alva,Alva,OK,36.8,-98.65
USXAM,US,XAM,Alma,Alma,WI,44.31666666666667,-91.91666666666667
USXAR,US,XAR,Starr,Starr,SC,34.36666666666667,-82.68333333333334
USXAS,US,XAS,Freeport,Freeport,FL,30.483333333333334,-86.13333333333334
USXBW,US,XBW,Webb City,Webb City,MO,37.13333333333333,-94.45
USXEH,US,XEH,Erie,Erie,CO,40.05,-105.05
USXFO,US,XFO,Fort Atkinson,Fort Atkinson,WI,42.93333333333333,-88.83333333333333
USXKW,US,XKW,Kirkwood,Kirkwood,MO,38.583333333333336,-90.4
USXLT,US,XLT,Locust,Locust,NJ,40.38333333333333,-74.03333333333333
USXMY,US,XMY,Clallam Bay,Clallam Bay,WA,48.266666666666666,-124.26666666666667
USXNA,US,XNA,Sayreville,Sayreville,NJ,40.45,-74.35
USXNW,US,XNW,New Madrid,New Madrid,MO,36.583333333333336,-89.51666666666667
USXOR,US,XOR,Oberlin,Oberlin,OH,41.28333333333333,-82.21666666666667
USXOT,US,XOT,Scott,Scott,MS,33.583333333333336,-91.06666666666666
USXPE,US,XPE,Perdue Hill,Perdue Hill,AL,31.5,-87.48333333333333
USXPG,US,XPG,"Springville, Suffolk","Springville, Suffolk",NY,40.86666666666667,-72.53333333333333
USXPT,US,XPT,Portola Valley,Portola Valley,CA,37.38333333333333,-122.23333333333333
USXPY,US,XPY,Cape Henry,Cape Henry,VA,36.916666666666664,-76.01666666666667
USXRA,US,XRA,Ravena,Ravena,NY,42.46666666666667,-73.81666666666666
USXRC,US,XRC,Rainbow City,Rainbow City,AL,33.95,-86.03333333333333
USXRT,US,XRT,Rock Tavern,Rock Tavern,NY,41.45,-74.18333333333334
USXSD,US,XSD,Castle Island,Castle Island,AK,57.083333333333336,-178.13333333333333
USXSG,US,XSG,Sagola,Sagola,MI,46.083333333333336,-88.06666666666666
USXSH,US,XSH,Shingle Springs,Shingle Springs,CA,38.65,-120.91666666666667
USXSI,US,XSI,Shelter Island,Shelter Island,NY,41.06666666666667,-72.33333333333333
USXSJ,US,XSJ,South Jordan,South Jordan,UT,40.55,-111.91666666666667
USXSK,US,XSK,Shaker Heights,Shaker Heights,OH,41.46666666666667,-81.53333333333333
USXSS,US,XSS,Cassville,Cassville,MO,36.68333333333333,-93.86666666666666
USXSY,US,XSY,Short Hills,Short Hills,NJ,40.733333333333334,-74.31666666666666
USXTE,US,XTE,Timmonsville,Timmonsville,SC,34.13333333333333,-79.93333333333334
USXTK,US,XTK,Chetek,Chetek,WI,45.31666666666667,-91.65
USXTM,US,XTM,Saint Thomas,Saint Thomas,PA,39.916666666666664,-77.78333333333333
USXTN,US,XTN,Tiburon,Tiburon,CA,37.86666666666667,-122.45
USXTR,US,XTR,West Rutland,West Rutland,VT,43.583333333333336,-73.03333333333333
USXTS,US,XTS,Tams,Tams,WV,37.65,-81.3
USXTY,US,XTY,Tuckahoe,Tuckahoe,NY,40.88333333333333,-72.4
USXUY,US,XUY,Mapleton,Mapleton,MN,43.916666666666664,-93.95
USXVB,US,XVB,Hawthorne,Hawthorne,FL,28.75,-81.86666666666666
USXVN,US,XVN,Silverton,Silverton,OR,45.0,-122.76666666666667
USXVR,US,XVR,Clover,Clover,WI,44.03333333333333,-87.7
USXWE,US,XWE,White Lake,White Lake,WI,45.15,-88.75
USXWO,US,XWO,Wolcott,Wolcott,CT,41.6,-72.98333333333333
USXWT,US,XWT,Whitestown,Whitestown,IN,39.983333333333334,-86.33333333333333
USXXL,US,XXL,Ladera Ranch,Ladera Ranch,CA,34.25,-117.63333333333334
USXXO,US,XXO,Spotsylvania,Spotsylvania,VA,38.2,-77.58333333333333
USXXX,US,XXX,Mexico,Mexico,ME,44.65,-70.53333333333333
USXXY,US,XXY,East Leroy,East Leroy,MI,42.96666666666667,-85.21666666666667
USXY2,US,XY2,Birmingham,Birmingham,OH,41.31666666666667,-82.35
USXYB,US,XYB,Byron,Byron,IL,42.11666666666667,-89.25
USXYS,US,XYS,Murrysville,Murrysville,PA,40.416666666666664,-79.68333333333334
USXYT,US,XYT,Wyatt,Wyatt,IN,41.516666666666666,-86.16666666666667
USXZA,US,XZA,Cedar Grove,Cedar Grove,WV,39.21666666666667,-81.5
USXZD,US,XZD,Frederick,Frederick,PA,40.3,-75.51666666666667
USXZS,US,XZS,Mound House,Mound House,NV,39.2,-119.66666666666667
USXZW,US,XZW,Willianstown,Willianstown,NY,43.416666666666664,-75.88333333333334
USYAN,US,YAN,Alanson,Alanson,MI,45.43333333333333,-84.78333333333333
USYAO,US,YAO,Aurora,Aurora,IN,39.05,-84.9
USYAS,US,YAS,Aransas Pass,Aransas Pass,TX,27.9,-97.15
USYAZ,US,YAZ,Yazoo City,Yazoo City,MS,32.85,-90.4
USYBD,US,YBD,Belden,Belden,MS,34.3,-88.78333333333333
USYBG,US,YBG,Bongards,Bongards,MN,44.75,-93.83333333333333
USYBN,US,YBN,Boylston,Boylston,MA,42.38333333333333,-71.7
USYBY,US,YBY,Bonifay,Bonifay,FL,30.783333333333335,-85.66666666666667
USYBZ,US,YBZ,Bay City,Bay City,WI,44.6,-92.45
USYCD,US,YCD,Cathedral City,Cathedral City,CA,33.78333333333333,-116.46666666666667
USYCE,US,YCE,Carver,Carver,MA,41.88333333333333,-70.76666666666667
USYCG,US,YCG,Cedar Grove,Cedar Grove,NC,36.166666666666664,-79.16666666666667
USYCK,US,YCK,Clatskanie,Clatskanie,OR,46.1,-123.2
USYCP,US,YCP,Central Point,Central Point,OR,42.38333333333333,-122.91666666666667
USYCU,US,YCU,Columbia Falls,Columbia Falls,MT,48.36666666666667,-114.16666666666667
USYCZ,US,YCZ,Cadiz,Cadiz,KY,36.86666666666667,-87.81666666666666
USYDE,US,YDE,Dale,Dale,WI,44.266666666666666,-88.66666666666667
USYDO,US,YDO,Orondo,Orondo,WA,47.61666666666667,-120.21666666666667
USYDP,US,YDP,Delhi,Delhi,NY,42.28333333333333,-74.93333333333334
USYEB,US,YEB,Ellenboro,Ellenboro,NC,35.31666666666667,-81.75
USYEC,US,YEC,Winneconne,Winneconne,WI,44.11666666666667,-88.73333333333333
USYEJ,US,YEJ,Keyes,Keyes,CA,37.55,-120.9
USYEM,US,YEM,Emory,Emory,TX,32.86666666666667,-95.75
USYEP,US,YEP,East Palestine,East Palestine,OH,40.833333333333336,-80.53333333333333
USYER,US,YER,Sisters,Sisters,OR,44.28333333333333,-121.53333333333333
USYFA,US,YFA,Florida City,Florida City,FL,25.45,-80.48333333333333
USYFQ,US,YFQ,Lafayette,Lafayette,OR,45.233333333333334,-123.1
USYFX,US,YFX,Fox Lake,Fox Lake,WI,43.55,-88.9
USYFZ,US,YFZ,Frazeysburg,Frazeysburg,OH,40.11666666666667,-82.11666666666666
USYGL,US,YGL,Glennville,Glennville,GA,31.933333333333334,-81.91666666666667
USYGS,US,YGS,Groves,Groves,TX,29.933333333333334,-93.91666666666667
USYHB,US,YHB,Heyburn,Heyburn,ID,42.55,-113.75
USYHE,US,YHE,Cowiche,Cowiche,WA,46.666666666666664,-120.7
USYHM,US,YHM,Holmes,Holmes,NY,41.516666666666666,-73.63333333333334
USYHR,US,YHR,Hebron,Hebron,NE,40.166666666666664,-97.6
USYIG,US,YIG,Ingleside,Ingleside,TX,27.866666666666667,-97.2
USYIL,US,YIL,Indialantic,Indialantic,FL,28.083333333333332,-80.56666666666666
USYKB,US,YKB,York Beach,York Beach,ME,43.166666666666664,-70.6
USYKL,US,YKL,Hoyt Lakes,Hoyt Lakes,MN,47.516666666666666,-92.11666666666666
USYL2,US,YL2,Peach Bottom,Peach Bottom,PA,39.75,-76.26666666666667
USYL9,US,YL9,Sylvania,Sylvania,OH,41.71666666666667,-83.7
USYLB,US,YLB,Lebec,Lebec,CA,34.833333333333336,-118.85
USYLD,US,YLD,Lind,Lind,WA,46.96666666666667,-118.6
USYLO,US,YLO,Logan Township,Logan Township,NJ,39.78333333333333,-75.35
USYLP,US,YLP,Lake Providence,Lake Providence,LA,32.8,-91.16666666666667
USYLR,US,YLR,Littlerock,Littlerock,CA,34.516666666666666,-117.96666666666667
USYLT,US,YLT,Lanett,Lanett,AL,32.85,-85.18333333333334
USYLU,US,YLU,Lula,Lula,GA,34.38333333333333,-83.65
USYLY,US,YLY,West Sayville,West Sayville,NY,40.733333333333334,-73.1
USYMD,US,YMD,Madison Park,Madison Park,WA,47.63333333333333,-122.26666666666667
USYMK,US,YMK,Murdock,Murdock,NE,40.916666666666664,-96.26666666666667
USYMR,US,YMR,Mosier,Mosier,OR,45.68333333333333,-121.38333333333334
USYMV,US,YMV,Mount Vernon,Mount Vernon,NY,42.75,-78.88333333333334
USYNA,US,YNA,Naches,Naches,WA,46.71666666666667,-120.68333333333334
USYNJ,US,YNJ,Columbia,Columbia,NJ,40.93333333333333,-75.1
USYNN,US,YNN,Glenndale,Glenndale,MD,38.96666666666667,-76.8
USYNO,US,YNO,North Woodstock,North Woodstock,NH,44.016666666666666,-71.68333333333334
USYOB,US,YOB,Oakboro,Oakboro,NC,35.21666666666667,-80.31666666666666
USYOC,US,YOC,Lincoln City,Lincoln City,OR,44.96666666666667,-124.01666666666667
USYOK,US,YOK,Yoke Bay,Yoke Bay,AK,52.016666666666666,-176.03333333333333
USYOQ,US,YOQ,Ogunquit,Ogunquit,ME,43.25,-70.6
USYP5,US,YP5,Purchase,Purchase,NY,41.03333333333333,-73.4
USYPB,US,YPB,Peterborough,Peterborough,NH,42.86666666666667,-71.95
USYPF,US,YPF,Pigeon Forge,Pigeon Forge,TN,35.78333333333333,-83.55
USYPH,US,YPH,Philomath,Philomath,OR,44.53333333333333,-123.35
USYPN,US,YPN,Pine Bush,Pine Bush,NY,41.6,-74.28333333333333
USYPR,US,YPR,Port Republic,Port Republic,VA,38.3,-78.81666666666666
USYRD,US,YRD,Runnemede,Runnemede,NJ,39.85,-75.06666666666666
USYRE,US,YRE,Morehouse,Morehouse,MO,36.833333333333336,-89.68333333333334
USYRF,US,YRF,Ruffin,Ruffin,SC,33.0,-80.8
USYRG,US,YRG,Ragland,Ragland,AL,33.733333333333334,-86.15
USYRO,US,YRO,Raytown,Raytown,MO,39.0,-94.45
USYRP,US,YRP,Rapidan,Rapidan,VA,38.3,-78.05
USYRX,US,YRX,Star,Star,NC,35.4,-79.78333333333333
USYRY,US,YRY,Reynoldsville,Reynoldsville,PA,41.083333333333336,-78.88333333333334
USYSB,US,YSB,Sebree,Sebree,KY,37.6,-87.51666666666667
USYSC,US,YSC,Chelsea,Chelsea,AL,33.333333333333336,-86.61666666666666
USYSD,US,YSD,Shedd,Shedd,OR,44.45,-123.1
USYSG,US,YSG,Sandy Springs,Sandy Springs,GA,33.916666666666664,-84.36666666666666
USYSH,US,YSH,Shamokin,Shamokin,PA,40.78333333333333,-76.55
USYSJ,US,YSJ,Saint Joseph,Saint Joseph,LA,31.916666666666668,-91.23333333333333
USYSK,US,YSK,Smokey Point,Smokey Point,WA,48.15,-122.16666666666667
USYSP,US,YSP,Sproul,Sproul,PA,40.266666666666666,-78.45
USYSS,US,YSS,Soda Springs,Soda Springs,ID,42.65,-111.6
USYST,US,YST,Winchester,Winchester,WA,47.25,-119.71666666666667
USYSV,US,YSV,Smelterville,Smelterville,ID,47.53333333333333,-116.16666666666667
USYSY,US,YSY,South Glastonbury,South Glastonbury,CT,41.68333333333333,-72.58333333333333
USYTA,US,YTA,"Tallassee, Elmore","Tallassee, Elmore",AL,32.53333333333333,-85.88333333333334
USYTC,US,YTC,Tri-Cities,Tri-Cities,WA,46.25,-119.11666666666666
USYTH,US,YTH,Bothell,Bothell,WA,47.75,-122.2
USYTJ,US,YTJ,Bartow,Bartow,WV,38.53333333333333,-79.78333333333333
USYTL,US,YTL,Talent,Talent,OR,42.233333333333334,-122.78333333333333
USYTO,US,YTO,Tomhicken,Tomhicken,PA,40.96666666666667,-76.08333333333333
USYTW,US,YTW,Youngstown,Youngstown,NY,43.233333333333334,-79.05
USYU5,US,YU5,Cayucos,Cayucos,CA,35.43333333333333,-120.88333333333334
USYUD,US,YUD,Naples,Naples,ME,43.96666666666667,-70.6
USYUG,US,YUG,Union Gap,Union Gap,WA,46.55,-120.46666666666667
USYUP,US,YUP,Upper Brookville,Upper Brookville,NY,40.833333333333336,-73.55
USYVI,US,YVI,Vashon Island,Vashon Island,WA,47.416666666666664,-122.46666666666667
USYVO,US,YVO,Lynnhaven Roads,Lynnhaven Roads,VA,36.93333333333333,-76.1
USYVR,US,YVR,Varnell,Varnell,GA,34.9,-84.96666666666667
USYWA,US,YWA,Willacoochee,Willacoochee,GA,31.333333333333332,-83.03333333333333
USYWD,US,YWD,Ward,Ward,SC,33.85,-81.71666666666667
USYWE,US,YWE,West Homestead,West Homestead,PA,40.38333333333333,-79.9
USYWH,US,YWH,Whately,Whately,MA,42.43333333333333,-72.63333333333334
USYWI,US,YWI,Wilcox,Wilcox,PA,41.56666666666667,-78.68333333333334
USYWR,US,YWR,Woolrich,Woolrich,PA,41.18333333333333,-77.36666666666666
USYWW,US,YWW,Cokeville,Cokeville,WY,42.06666666666667,-110.26666666666667
USYWZ,US,YWZ,Wayzata,Wayzata,MN,44.96666666666667,-93.5
USYXB,US,YXB,Cypress Bend,Cypress Bend,AR,33.6,-91.2
USYYG,US,YYG,Grayson,Grayson,GA,33.88333333333333,-83.95
USYYX,US,YYX,Bel Ridge,Bel Ridge,MO,38.7,-90.31666666666666
USZ4X,US,Z4X,Sheldon,Sheldon,WI,45.3,-90.95
USZAD,US,ZAD,Alvarado,Alvarado,TX,32.4,-97.2
USZAL,US,ZAL,Waverly Hall,Waverly Hall,GA,32.68333333333333,-84.73333333333333
USZAN,US,ZAN,Mabton,Mabton,WA,46.2,-119.98333333333333
USZAO,US,ZAO,Taintor,Taintor,IA,41.5,-92.73333333333333
USZAY,US,ZAY,Marcy,Marcy,NY,43.166666666666664,-75.28333333333333
USZBA,US,ZBA,Bunker Hill,Bunker Hill,IL,39.03333333333333,-89.95
USZBI,US,ZBI,Bolton Landing,Bolton Landing,NY,43.55,-73.65
USZBK,US,ZBK,Rhinebeck,Rhinebeck,NY,41.916666666666664,-73.9
USZBP,US,ZBP,Bastrop,Bastrop,TX,30.116666666666667,-97.31666666666666
USZCB,US,ZCB,Cibolo,Cibolo,TX,29.566666666666666,-98.23333333333333
USZCC,US,ZCC,Clara City,Clara City,MN,44.95,-95.36666666666666
USZCE,US,ZCE,Creedmoor,Creedmoor,NC,36.11666666666667,-78.68333333333334
USZCG,US,ZCG,Childersburg,Childersburg,AL,33.28333333333333,-86.35
USZCS,US,ZCS,Clawson,Clawson,MI,42.53333333333333,-83.13333333333334
USZCT,US,ZCT,Centralia,Centralia,MO,39.21666666666667,-92.13333333333334
USZCV,US,ZCV,Coal Valley,Coal Valley,IL,41.416666666666664,-90.45
USZCW,US,ZCW,Cromwell,Cromwell,CT,41.6,-72.65
USZCY,US,ZCY,Clancy,Clancy,MT,46.46666666666667,-111.98333333333333
USZCZ,US,ZCZ,Cazenovia,Cazenovia,NY,42.93333333333333,-75.85
USZDC,US,ZDC,Clarendon Heights,Clarendon Heights,PA,41.78333333333333,-79.1
USZDE,US,ZDE,Dolores,Dolores,CO,37.46666666666667,-108.5
USZDG,US,ZDG,West Reading,West Reading,PA,40.333333333333336,-75.93333333333334
USZDQ,US,ZDQ,Duquesne,Duquesne,PA,40.36666666666667,-79.85
USZDS,US,ZDS,Sands Point,Sands Point,NY,40.85,-73.71666666666667
USZDZ,US,ZDZ,Dutzow,Dutzow,MO,38.6,-90.98333333333333
USZEC,US,ZEC,Commerce,Commerce,GA,34.2,-83.45
USZEF,US,ZEF,East Falmouth,East Falmouth,MA,41.56666666666667,-70.55
USZEH,US,ZEH,Helen,Helen,GA,34.7,-83.71666666666667
USZEM,US,ZEM,Elkmont,Elkmont,AL,34.916666666666664,-86.96666666666667
USZEN,US,ZEN,Ellettsville,Ellettsville,IN,39.233333333333334,-86.61666666666666
USZEO,US,ZEO,Excelsior Springs,Excelsior Springs,MO,39.333333333333336,-94.21666666666667
USZEP,US,ZEP,East Walpole,East Walpole,MA,42.15,-71.2
USZET,US,ZET,Ellington,Ellington,CT,41.9,-72.46666666666667
USZEV,US,ZEV,Ellaville,Ellaville,GA,32.233333333333334,-84.3
USZEW,US,ZEW,Ellenwood,Ellenwood,GA,33.6,-84.28333333333333
USZFI,US,ZFI,"Fisher Island, Miami","Fisher Island, Miami",FL,25.766666666666666,-80.13333333333334
USZFM,US,ZFM,Fruitland,Fruitland,MD,38.31666666666667,-75.61666666666666
USZGE,US,ZGE,Glidden,Glidden,WI,46.13333333333333,-90.6
USZGG,US,ZGG,Beggs,Beggs,OK,35.75,-96.06666666666666
USZGN,US,ZGN,North Grosvenor Dale,North Grosvenor Dale,CT,41.983333333333334,-71.88333333333334
USZGQ,US,ZGQ,Galeton,Galeton,PA,41.71666666666667,-77.63333333333334
USZGT,US,ZGT,Charleston Heights,Charleston Heights,SC,32.85,-79.96666666666667
USZGU,US,ZGU,Ferguson,Ferguson,MO,38.733333333333334,-90.3
USZGZ,US,ZGZ,Geneseo,Geneseo,IL,41.43333333333333,-90.15
USZHB,US,ZHB,Sabetha,Sabetha,KS,39.9,-95.8
USZHE,US,ZHE,Okarche,Okarche,OK,35.71666666666667,-97.96666666666667
USZHM,US,ZHM,Hilmar,Hilmar,CA,37.4,-120.83333333333333
USZHT,US,ZHT,Hoisington,Hoisington,KS,38.516666666666666,-98.76666666666667
USZHU,US,ZHU,Hasbrouck Heights,Hasbrouck Heights,NJ,40.85,-74.06666666666666
USZHW,US,ZHW,Harwood,Harwood,MD,38.85,-76.61666666666666
USZIC,US,ZIC,Rickreall,Rickreall,OR,44.916666666666664,-123.21666666666667
USZIK,US,ZIK,Inkom,Inkom,ID,42.78333333333333,-112.25
USZIW,US,ZIW,Winter Springs,Winter Springs,FL,28.683333333333334,-81.3
USZIX,US,ZIX,Middle Island,Middle Island,NY,40.88333333333333,-72.93333333333334
USZJ9,US,ZJ9,Jeffersonville,Jeffersonville,KY,37.96666666666667,-83.83333333333333
USZKL,US,ZKL,Tarpon Springs,Tarpon Springs,FL,28.75,-28.75
USZKN,US,ZKN,Dickson,Dickson,TN,36.06666666666667,-87.38333333333334
USZLG,US,ZLG,Lake Garfield,Lake Garfield,FL,27.883333333333333,-81.75
USZLO,US,ZLO,Glen Flora,Glen Flora,WI,45.483333333333334,-90.58333333333333
USZLP,US,ZLP,Circle Pines,Circle Pines,MN,45.15,-93.15
USZLT,US,ZLT,League City,League City,TX,29.5,-95.08333333333333
USZLW,US,ZLW,Longmeadow,Longmeadow,MA,42.05,-72.58333333333333
USZMG,US,ZMG,Miami Gardens,Miami Gardens,FL,25.966666666666665,-80.2
USZMP,US,ZMP,Newburyport,Newburyport,MA,42.8,-70.86666666666666
USZMQ,US,ZMQ,Manasquan,Manasquan,NJ,40.11666666666667,-74.03333333333333
USZMU,US,ZMU,Murphy,Murphy,NC,35.083333333333336,-84.03333333333333
USZMW,US,ZMW,Muldrow,Muldrow,OK,35.4,-94.58333333333333
USZMY,US,ZMY,Manheim Center,Manheim Center,NY,43.03333333333333,-74.78333333333333
USZNH,US,ZNH,Tenants Harbour,Tenants Harbour,ME,43.95,-69.21666666666667
USZNR,US,ZNR,North Royalton,North Royalton,OH,41.3,-81.71666666666667
USZNT,US,ZNT,Tryon,Tryon,NC,35.2,-82.23333333333333
USZOD,US,ZOD,Oviedo,Oviedo,FL,28.666666666666668,-81.2
USZOH,US,ZOH,Mohnton,Mohnton,PA,40.28333333333333,-75.98333333333333
USZOI,US,ZOI,Charleroi,Charleroi,PA,40.13333333333333,-79.9
USZOP,US,ZOP,Satsop,Satsop,WA,47.0,-123.46666666666667
USZOR,US,ZOR,Sarasota,Sarasota,FL,27.333333333333332,-82.53333333333333
USZOT,US,ZOT,Olivette,Olivette,MO,38.65,-90.36666666666666
USZOW,US,ZOW,Ooltewah,Ooltewah,TN,35.06666666666667,-85.05
USZPB,US,ZPB,Pembroke Park,Pembroke Park,FL,25.983333333333334,-80.16666666666667
USZPP,US,ZPP,Hollsopple,Hollsopple,PA,40.2,-78.91666666666667
USZPT,US,ZPT,Portageville,Portageville,NY,42.56666666666667,-78.03333333333333
USZPU,US,ZPU,Maple Bluff,Maple Bluff,WI,43.11666666666667,-89.36666666666666
USZPW,US,ZPW,Powhatan,Powhatan,VA,37.53333333333333,-77.91666666666667
USZQC,US,ZQC,Clinchfield,Clinchfield,GA,32.416666666666664,-83.63333333333334
USZQE,US,ZQE,Quarryville,Quarryville,PA,39.88333333333333,-76.15
USZQU,US,ZQU,Queen City,Queen City,TX,33.13333333333333,-94.15
USZQZ,US,ZQZ,Coalfield,Coalfield,TN,36.016666666666666,-84.41666666666667
USZR9,US,ZR9,Zirconia,Zirconia,NC,35.233333333333334,-82.4
USZRB,US,ZRB,Riverbank,Riverbank,CA,37.733333333333334,-120.93333333333334
USZRC,US,ZRC,Cramerton,Cramerton,NC,35.233333333333334,-81.06666666666666
USZRE,US,ZRE,Rowlett,Rowlett,TX,32.9,-96.55
USZRH,US,ZRH,Center Hill,Center Hill,FL,28.65,-82.0
USZRR,US,ZRR,Carrboro,Carrboro,NC,35.916666666666664,-79.08333333333333
USZRY,US,ZRY,Rye,Rye,NY,40.96666666666667,-73.68333333333334
USZS2,US,ZS2,Swoope,Swoope,VA,38.15,-79.2
USZSB,US,ZSB,Stevensburg,Stevensburg,VA,38.43333333333333,-77.9
USZSD,US,ZSD,Sutherland,Sutherland,VA,37.18333333333333,-77.55
USZSG,US,ZSG,Spring Grove,Spring Grove,PA,39.86666666666667,-76.85
USZSI,US,ZSI,San Acacio,San Acacio,CO,37.2,-105.55
USZSO,US,ZSO,Sherborn,Sherborn,MA,42.233333333333334,-71.36666666666666
USZSP,US,ZSP,Stephen,Stephen,MN,48.45,-96.86666666666666
USZST,US,ZST,Stormville,Stormville,NY,41.56666666666667,-73.73333333333333
USZSU,US,ZSU,Sugarcreek,Sugarcreek,OH,40.5,-81.63333333333334
USZTB,US,ZTB,East Bloomfield,East Bloomfield,NY,42.88333333333333,-77.43333333333334
USZTG,US,ZTG,Tangent,Tangent,OR,44.53333333333333,-123.1
USZTK,US,ZTK,Winnetka,Winnetka,IL,42.1,-87.73333333333333
USZTP,US,ZTP,White Pine,White Pine,MI,46.75,-89.58333333333333
USZTR,US,ZTR,Tillar,Tillar,AR,33.7,-91.45
USZTU,US,ZTU,Toughkenamon,Toughkenamon,PA,39.81666666666667,-75.75
USZUC,US,ZUC,Union Center,Union Center,WI,43.68333333333333,-90.26666666666667
USZUM,US,ZUM,Zumbrota,Zumbrota,MN,44.28333333333333,-92.66666666666667
USZVA,US,ZVA,Silva,Silva,MO,37.166666666666664,-90.46666666666667
USZVB,US,ZVB,Brownsville,Brownsville,WI,43.61666666666667,-88.48333333333333
USZVY,US,ZVY,Eden Valley,Eden Valley,MN,45.31666666666667,-94.53333333333333
USZWB,US,ZWB,Breezewood,Breezewood,PA,57.65,-78.23333333333333
USZWC,US,ZWC,New Columbia,New Columbia,PA,41.03333333333333,-76.86666666666666
USZWK,US,ZWK,Wyckoff,Wyckoff,NJ,41.0,-74.16666666666667
USZWM,US,ZWM,McEwen,McEwen,TN,36.1,-87.61666666666666
USZWZ,US,ZWZ,Premont,Premont,TX,27.35,-98.11666666666666
USZXE,US,ZXE,Mer Rouge,Mer Rouge,LA,32.766666666666666,-91.78333333333333
USZXQ,US,ZXQ,Westover,Westover,MD,38.11666666666667,-75.7
USZXZ,US,ZXZ,San Lucas,San Lucas,CA,36.11666666666667,-121.01666666666667
USZYF,US,ZYF,Forsyth,Forsyth,GA,33.03333333333333,-83.93333333333334
USZYH,US,ZYH,York Harbor,York Harbor,ME,43.13333333333333,-70.63333333333334
USZYI,US,ZYI,Tybee Island,Tybee Island,GA,32.0,-80.83333333333333
USZYK,US,ZYK,Keysville,Keysville,MD,39.63333333333333,-77.25
USZYL,US,ZYL,Edson,Edson,KS,39.333333333333336,-101.53333333333333
USZYN,US,ZYN,Cheyenne Wells,Cheyenne Wells,CO,38.81666666666667,-102.35
USZYT,US,ZYT,Ladysmith,Ladysmith,WI,45.45,-91.1
USZYX,US,ZYX,South Hamilton,South Hamilton,MA,42.6,-70.86666666666666
USZYY,US,ZYY,Suttons Bay,Suttons Bay,MI,44.96666666666667,-85.65
USZZB,US,ZZB,Bogart,Bogart,GA,33.93333333333333,-83.53333333333333
USZZC,US,ZZC,Corolla,Corolla,NC,36.38333333333333,-75.83333333333333
USZZH,US,ZZH,Northport,Northport,MI,45.11666666666667,-85.61666666666666
UYCPP,UY,CPP,Cuenca del Plata,Cuenca del Plata,,-14.616666666666667,-44.11666666666667
UYJLC,UY,JLC,Juan L. Lacaze,Juan L. Lacaze,CO,-34.43333333333333,-57.45
UYPIR,UY,PIR,Piriápolis,Piriapolis,MA,-34.86666666666667,-55.266666666666666
UZAKT,UZ,AKT,Akaltyn,Akaltyn,,41.43333333333333,61.06666666666667
UZASA,UZ,ASA,Asaka,Asaka,AN,40.63333333333333,72.23333333333333
VCBQU,VC,BQU,"Port Elizabeth, Bequia","Port Elizabeth, Bequia",,13.0,-61.21666666666667
VCCAN,VC,CAN,Canouan Island,Canouan Island,,12.716666666666667,-61.31666666666667
VCCRP,VC,CRP,Campden Park,Campden Park,,13.166666666666666,-61.233333333333334
VCGRG,VC,GRG,Georgetown,Georgetown,,13.266666666666667,-61.11666666666667
VCKTN,VC,KTN,Kingstown,Kingstown,,13.133333333333333,-61.21666666666667
VECAR,VE,CAR,Caripito,Caripito,N,10.133333333333333,-63.03333333333333
VECBL,VE,CBL,Ciudad Bolívar,Ciudad Bolivar,F,8.116666666666667,-63.55
VECHQ,VE,CHQ,Chiquinquirá,Chiquinquira,V,10.433333333333334,-71.63333333333334
VECMR,VE,CMR,Puerto Cumarebo,Puerto Cumarebo,I,11.483333333333333,-69.35
VEELC,VE,ELC,El Chaure,El Chaure,B,10.25,-64.61666666666666
VEGUA,VE,GUA,Guaranao,Guaranao,,11.7,-70.15
VEJOT,VE,JOT,Jose Terminal,Jose Terminal,B,10.1,-64.85
VEMOR,VE,MOR,Morón,Moron,G,10.483333333333333,-68.2
VEPCN,VE,PCN,Punta Cardón,Punta Cardon,I,11.65,-70.21666666666667
VEPCO,VE,PCO,Puerto Carenero,Puerto Carenero,R,10.483333333333333,-64.16666666666667
VEPCT,VE,PCT,Paracotos,Paracotos,L,10.266666666666667,-66.95
VEPFI,VE,PFI,Punto Fijo,Punto Fijo,I,11.683333333333334,-70.18333333333334
VEPLA,VE,PLA,Palúa,Palua,,8.35,-62.666666666666664
VEPPZ,VE,PPZ,Puerto Páez,Puerto Paez,,6.216666666666667,-67.45
VEPRC,VE,PRC,Paraguana Refinery Center,Paraguana Refinery Center,,11.616666666666667,-70.23333333333333
VEPTZ,VE,PTZ,Petrozuata,Petrozuata,,10.15,-64.85
VESLV,VE,SLV,San Lorenzo/Maracaibo L,San Lorenzo/Maracaibo L,,9.783333333333333,-71.06666666666666
VEYUR,VE,YUR,Ureña,Urena,S,7.916666666666667,-72.45
VGJVD,VG,JVD,Jost Van Dyke,Jost Van Dyke,,18.45,-64.73333333333333
VGNIS,VG,NIS,Norman Island,Norman Island,,18.316666666666666,-64.61666666666666
VGPUR,VG,PUR,Port Purcell,Port Purcell,,18.416666666666668,-64.6
VGSHO,VG,SHO,Sopers Hole,Sopers Hole,,18.383333333333333,-64.7
VICTD,VI,CTD,"Christiansted, Saint Croix","Christiansted, Saint Croix",,17.75,-64.75
VICZB,VI,CZB,"Cruz Bay, Saint John","Cruz Bay, Saint John",,18.333333333333332,-64.8
VIPAX,VI,PAX,Port Alucroix,Port Alucroix,,17.7,-64.76666666666667
VISTT,VI,STT,Saint Thomas,Saint Thomas,,18.35,-64.93333333333334
VNBAN,VN,BAN,Cam Lâm,Cam Lam,34,11.9,109.15
VNBCD,VN,BCD,Ben Dam Con Dao Terminals,Ben Dam Con Dao Terminals,43,8.65,106.55
VNBDG,VN,BDG,Binh Duong Terminal,Binh Duong Terminal,57,10.9,106.83333333333333
VNBHO,VN,BHO,Bach Ho,Bach Ho,40,9.833333333333334,108.0
VNBLG,VN,BLG,Binh Long Port,Binh Long Port,44,10.566666666666666,105.25
VNBMH,VN,BMH,Binh Minh,Binh Minh,,10.333333333333334,105.81666666666666
VNBNG,VN,BNG,Bèn Nghè,Ben Nghe,SG,10.75,106.73333333333333
VNBNO,VN,BNO,Ba Ngoi,Ba Ngoi,34,11.9,109.15
VNBSE,VN,BSE,Bông Sen,Bong Sen,,10.683333333333334,106.76666666666667
VNC8Q,VN,C8Q,Chu Lai,Chu Lai,27,15.466666666666667,108.61666666666666
VNCCA,VN,CCA,Cua Cam Terminal,Cua Cam Terminal,HP,20.866666666666667,106.68333333333334
VNCCU,VN,CCU,Cai Cui Port,Cai Cui Port,CT,9.983333333333333,106.5
VNCLI,VN,CLI,Cát Lái,Cat Lai,SG,10.766666666666667,106.78333333333333
VNCLO,VN,CLO,Culao,Culao,,18.8,105.7
VNCMT,VN,CMT,Cai Mep International Terminal,Cai Mep International Terminal,43,10.516666666666667,107.0
VNCMY,VN,CMY,Chan May Port,Chan May Port,26,16.333333333333332,108.0
VNCSG,VN,CSG,Sai Gon Port,Sai Gon Port,SG,10.833333333333334,106.75
VNCUA,VN,CUA,Cua Lo,Cua Lo,22,18.816666666666666,105.71666666666667
VNCUV,VN,CUV,Cua Viet Port,Cua Viet Port,25,16.9,107.16666666666667
VNCVE,VN,CVE,Chua Ve Terminal,Chua Ve Terminal,HP,20.866666666666667,106.7
VNDAD,VN,DAD,Da Nang,Da Nang,27,16.066666666666666,108.21666666666667
VNDMO,VN,DMO,Dam Mon,Dam Mon,34,12.666666666666666,109.4
VNDN3,VN,DN3,Dông Hài,Dong Hai,23,18.166666666666668,106.28333333333333
VNDNA,VN,DNA,Dong Nai,Dong Nai,,18.083333333333332,106.31666666666666
VNDQT,VN,DQT,Dung Quat,Dung Quat,29,15.383333333333333,108.8
VNDTH,VN,DTH,Dong Thap,Dong Thap,,10.483333333333333,105.56666666666666
VNDTS,VN,DTS,Tien Sa Terminal,Tien Sa Terminal,DN,16.116666666666667,108.2
VNDVU,VN,DVU,Dinh Vu Terminal,Dinh Vu Terminal,HP,20.9,106.76666666666667
VNDXA,VN,DXA,Doan Xa Terminal,Doan Xa Terminal,HP,20.866666666666667,106.68333333333334
VNDXN,VN,DXN,Dong Xuyen Port,Dong Xuyen Port,43,10.4,107.1
VNGDA,VN,GDA,Go Dau A Terminal,Go Dau A Terminal,39,10.65,107.01666666666667
VNGDB,VN,GDB,Go Dau B Terminal,Go Dau B Terminal,39,10.616666666666667,107.01666666666667
VNHAN,VN,HAN,Hanoi,Hanoi,HN,21.033333333333335,105.85
VNHLG,VN,HLG,Ha Long,Ha Long,13,20.95,107.06666666666666
VNHLP,VN,HLP,Hon La Port,Hon La Port,24,17.933333333333334,106.51666666666667
VNHNH,VN,HNH,Bong Son,Bong Son,,14.433333333333334,109.01666666666667
VNHPH,VN,HPH,Haiphong,Haiphong,HP,20.85,106.68333333333334
VNHPP,VN,HPP,Tan Cang Hiep Phuoc Port,Tan Cang Hiep Phuoc Port,SG,10.633333333333333,106.71666666666667
VNHSN,VN,HSN,Hai Son,Hai Son,DN,16.1,108.23333333333333
VNIPH,VN,IPH,Phuoc Long ICD,Phuoc Long ICD,,10.7,106.95
VNITX,VN,ITX,ICD TRANSIMEX THU DUC,ICD TRANSIMEX THU DUC,SG,10.833333333333334,106.75
VNKYH,VN,KYH,Ky Ha Terminal,Ky Ha Terminal,27,15.483333333333333,108.68333333333334
VNKYQ,VN,KYQ,Ky Ha Quang Nam Terminal,Ky Ha Quang Nam Terminal,27,15.466666666666667,108.68333333333334
VNLAP,VN,LAP,Long An International Port,Long An International Port,41,10.533333333333333,106.73333333333333
VNLBN,VN,LBN,Long Binh,Long Binh,,11.25,107.5
VNLBT,VN,LBT,Long Binh Tan,Long Binh Tan,39,10.933333333333334,106.83333333333333
VNLMP,VN,LMP,Vietnam Lee & Man Port,Vietnam Lee & Man Port,73,28.3,103.83333333333333
VNLPO,VN,LPO,Lotus Port,Lotus Port,SG,10.733333333333333,106.73333333333333
VNLTH,VN,LTH,Long Thanh,Long Thanh,,10.783333333333333,106.95
VNMTH,VN,MTH,My Thoi,My Thoi,53,10.35,106.35
VNNCN,VN,NCN,Nam Can Port,Nam Can Port,59,8.816666666666666,105.01666666666667
VNNGH,VN,NGH,Nghi Son,Nghi Son,,19.333333333333332,105.83333333333333
VNNGT,VN,NGT,Nghe Tinh,Nghe Tinh,,20.4,106.15
VNNHD,VN,NHD,Nam Hai Dinh Vu Port,Nam Hai Dinh Vu Port,HP,20.816666666666666,106.85
VNNHT,VN,NHT,Nhon Trach,Nhon Trach,39,10.716666666666667,106.85
VNNIH,VN,NIH,Ninh Hòa,Ninh Hoa,34,12.483333333333333,109.13333333333334
VNNVT,VN,NVT,Nguyen Van Troi Port,Nguyen Van Troi Port,DN,16.05,108.21666666666667
VNOCL,VN,OCL,Cat Lai Oil Port,Cat Lai Oil Port,SG,10.733333333333333,106.76666666666667
VNONB,VN,ONB,Nha Be Oil Port,Nha Be Oil Port,SG,10.7,106.73333333333333
VNOSP,VN,OSP,Saigon Petro Oil Terminal,Saigon Petro Oil Terminal,SG,10.75,106.78333333333333
VNOTW,VN,OTW,B12 Oil Terminal,B12 Oil Terminal,13,20.95,103.05
VNPHB,VN,PHB,Phú Bai,Phu Bai,26,16.366666666666667,107.73333333333333
VNPHG,VN,PHG,Phuóc Long,Phuoc Long,,10.716666666666667,106.95
VNPQC,VN,PQC,Phu Quoc,Phu Quoc,,10.216666666666667,103.96666666666667
VNQBH,VN,QBH,Quäng Bình,Quang Binh,24,17.5,106.33333333333333
VNQNH,VN,QNH,Quang Ninh,Quang Ninh,13,17.4,106.63333333333334
VNQNT,VN,QNT,Tan Cang Qui Nhon,Tan Cang Qui Nhon,,13.766666666666667,109.83333333333333
VNRDG,VN,RDG,Rang Dong,Rang Dong,,10.0,108.33333333333333
VNRQU,VN,RQU,Rao Qua,Rao Qua,,18.45,105.31666666666666
VNSAD,VN,SAD,Sa Déc,Sa Dec,45,10.3,105.76666666666667
VNSDP,VN,SDP,Son Duong Port,Son Duong Port,23,18.1,106.45
VNSGN,VN,SGN,Ho Chi Minh City,Ho Chi Minh City,SG,10.766666666666667,106.66666666666667
VNSH9,VN,SH9,Song Han 9,Song Han 9,,16.05,108.21666666666667
VNSIT,VN,SIT,Saigon ITV/Phu My,Saigon ITV/Phu My,43,10.6,107.01666666666667
VNSON,VN,SON,Song Doc,Song Doc,,7.15,104.08333333333333
VNSPC,VN,SPC,Hiep Phuoc Port,Hiep Phuoc Port,SG,10.633333333333333,106.75
VNSTD,VN,STD,Su Tu Den,Su Tu Den,40,10.416666666666666,108.4
VNSTR,VN,STR,ICD Sotrans,ICD Sotrans,SG,10.816666666666666,106.75
VNTCN,VN,TCN,Tan Canh,Tan Canh,41,14.65,107.83333333333333
VNTHD,VN,THD,Thu Dau Mot,Thu Dau Mot,05,10.966666666666667,106.65
VNTHU,VN,THU,Thuan An,Thuan An,31,15.5,108.66666666666667
VNTMT,VN,TMT,Tan Cang - Mien Trung Terminal,Tan Cang - Mien Trung Terminal,31,13.766666666666667,109.23333333333333
VNTNA,VN,TNA,Thi Nai Port,Thi Nai Port,31,13.766666666666667,109.25
VNTNO,VN,TNO,Tra Noc,Tra Noc,,10.1,105.7
VNTOT,VN,TOT,Cai Mep,Cai Mep,43,10.383333333333333,107.08333333333333
VNTPP,VN,TPP,Thanh Phuoc Port,Thanh Phuoc Port,57,11.066666666666666,106.8
VNTRE,VN,TRE,Ben Tre,Ben Tre,50,10.233333333333333,106.38333333333334
VNTTD,VN,TTD,Tân Thuan Dông,Tan Thuan Dong,SG,10.733333333333333,106.71666666666667
VNTVN,VN,TVN,Transvina Terminal,Transvina Terminal,HP,20.866666666666667,106.68333333333334
VNUIH,VN,UIH,Quy Nhon,Quy Nhon,31,13.766666666666667,109.21666666666667
VNVAG,VN,VAG,Vung Áng,Vung Ang,,18.066666666666666,106.43333333333334
VNVCA,VN,VCA,Can Tho,Can Tho,CT,10.033333333333333,105.78333333333333
VNVCH,VN,VCH,Vat Cach,Vat Cach,,20.883333333333333,106.6
VNVHG,VN,VHG,Vinalines Hau Giang Port,Vinalines Hau Giang Port,73,9.15,105.13333333333334
VNVLG,VN,VLG,Vinh Long,Vinh Long,,10.233333333333333,105.96666666666667
VNVNH,VN,VNH,Vinh,Vinh,22,18.733333333333334,105.66666666666667
VNVPH,VN,VPH,Van Phong,Van Phong,HP,20.8,106.86666666666666
VNVRO,VN,VRO,Vung Ro,Vung Ro,,12.85,109.41666666666667
VNVUT,VN,VUT,Vung Tau,Vung Tau,43,10.35,107.06666666666666
VULUG,VU,LUG,Luganville,Luganville,SAM,-15.533333333333333,167.16666666666666
WFHLO,WF,HLO,Halalo,Halalo,,-13.333333333333334,-176.21666666666667
WFMAU,WF,MAU,Matâ'utu,Mata'utu,,-13.283333333333333,-176.18333333333334
WFSIG,WF,SIG,Sigavé,Sigave,,-14.283333333333333,-178.16666666666666
XZAAD,XZ,AAD,Aasgard,Aasgard,,65.08333333333333,6.733333333333333
XZANT,XZ,ANT,Ardjuna,Ardjuna,,-5.9,105.95
XZANU,XZ,ANU,Anoa Natuna,Anoa Natuna,,5.233333333333333,105.6
XZCMT,XZ,CMT,Camar Marine Terminal,Camar Marine Terminal,,-6.3,113.0
XZDHS,XZ,DHS,Dai Hung (STS Load),Dai Hung (STS Load),,8.866666666666667,103.3
XZDHT,XZ,DHT,Dai Hung (Tandem Load),Dai Hung (Tandem Load),,8.466666666666667,108.68333333333334
XZDRA,XZ,DRA,Draugen,Draugen,,64.33333333333333,7.75
XZDTL,XZ,DTL,Dulang Marine Terminal,Dulang Marine Terminal,,5.8,104.16666666666667
XZHEI,XZ,HEI,Heidrun,Heidrun,,65.31666666666666,7.333333333333333
XZKMT,XZ,KMT,Kakap Marine Terminal,Kakap Marine Terminal,,5.016666666666667,105.95
XZLAM,XZ,LAM,Laminaria Terminal,Laminaria Terminal,,-11.0,126.0
XZNJO,XZ,NJO,Njord,Njord,,64.25,7.2
XZNNE,XZ,NNE,Norne,Norne,,66.0,7.983333333333333
XZSBY,XZ,SBY,Sibuko Bay,Sibuko Bay,,3.85,118.1
XZSHA,XZ,SHA,Al Shaheen terminal,Al Shaheen terminal,,26.583333333333332,52.0
XZSUU,XZ,SUU,Suursaq,Suursaq,,80.81666666666666,-66.63333333333334
XZTGR,XZ,TGR,Tandjung Gerem,Tandjung Gerem,,5.966666666666667,105.98333333333333
XZWRT,XZ,WRT,Widuri Marine Terminal,Widuri Marine Terminal,,-4.666666666666667,106.65
XZYET,XZ,YET,Yetagun Field,Yetagun Field,,13.05,96.85
YEHOD,YE,HOD,Hodeidah,Hodeidah,,14.833333333333334,42.9
YELAD,YE,LAD,Little Aden,Little Aden,AD,12.733333333333333,44.86666666666667
YEPRM,YE,PRM,Perim Island,Perim Island,TA,12.65,43.416666666666664
YERAI,YE,RAI,Ras Isa Terminal,Ras Isa Terminal,,15.2,42.666666666666664
YESCT,YE,SCT,Suqutrá,Suqutra,,12.5,54.0
YTDZA,YT,DZA,Dzaoudzi-Pamandzi Apt,Dzaoudzi-Pamandzi Apt,,-12.8,45.28333333333333
YTKNK,YT,KNK,Kani-Kéli,Kani-Keli,,-12.95,45.1
YTLON,YT,LON,Longoni,Longoni,,-12.716666666666667,45.166666666666664
YTMAM,YT,MAM,Mamoudzou,Mamoudzou,,-12.783333333333333,45.233333333333334
ZA2WC,ZA,2WC,Klipheuwel,Klipheuwel,WC,-33.7,18.7
ZA3WC,ZA,3WC,Goudiniweg,Goudiniweg,WC,-34.6,19.316666666666666
ZA7WC,ZA,7WC,Riviersonderend,Riviersonderend,WC,-34.15,19.9
ZA8GT,ZA,8GT,Bottelary,Bottelary,WC,-33.13333333333333,18.1
ZACPT,ZA,CPT,Cape Town,Cape Town,WC,-33.916666666666664,18.416666666666668
ZACTP,ZA,CTP,Eastern Cape,Eastern Cape,EC,-32.28333333333333,26.416666666666668
ZADRU,ZA,DRU,De Rust,De Rust,WC,-33.483333333333334,22.533333333333335
ZADUR,ZA,DUR,Durban,Durban,KZN,-29.85,31.016666666666666
ZADWK,ZA,DWK,De Waterkant,De Waterkant,WC,-33.9,18.416666666666668
ZAEBY,ZA,EBY,Elands Bay,Elands Bay,WC,-32.3,18.316666666666666
ZAGSF,ZA,GSF,Garsfontein,Garsfontein,GP,-25.783333333333335,28.283333333333335
ZAIVI,ZA,IVI,Island View,Island View,KZN,-29.883333333333333,31.033333333333335
ZAJOH,ZA,JOH,Port Saint John's,Port Saint John's,EC,-31.633333333333333,29.533333333333335
ZAJTP,ZA,JTP,Jet Park,Jet Park,GT,-26.166666666666668,28.233333333333334
ZAKKN,ZA,KKN,Komkans,Komkans,WC,-31.216666666666665,18.05
ZAKOM,ZA,KOM,Kommetjie,Kommetjie,WC,-34.13333333333333,18.316666666666666
ZAKOS,ZA,KOS,Kenton-on-Sea,Kenton-on-Sea,EC,-33.666666666666664,26.65
ZAKUU,ZA,KUU,Kasulu,Kasulu,,-4.566666666666666,30.1
ZALER,ZA,LER,Lerato,Lerato,NC,-29.566666666666666,21.516666666666666
ZAMD3,ZA,MD3,Madantsane,Madantsane,EC,-32.95,27.766666666666666
ZANGG,ZA,NGG,New Germany,New Germany,NL,-29.8,30.883333333333333
ZANNL,ZA,NNL,Nottingham Road,Nottingham Road,KZN,-29.35,30.0
ZAPED,ZA,PED,Port Edward,Port Edward,,-31.05,30.216666666666665
ZAPEN,ZA,PEN,Pennington,Pennington,KZN,-30.383333333333333,30.7
ZAPLZ,ZA,PLZ,Gqeberha,Gqeberha,EC,-33.95,25.6
ZAPNL,ZA,PNL,Paardeneiland,Paardeneiland,,-33.916666666666664,18.466666666666665
ZARWC,ZA,RWC,Riebeek West,Riebeek West,WC,-33.35,18.866666666666667
ZASHM,ZA,SHM,Robertsham,Robertsham,EC,26.25,28.016666666666666
ZASMN,ZA,SMN,Simon's Town,Simon's Town,WC,-34.18333333333333,18.433333333333334
ZASNL,ZA,SNL,Southbroom,Southbroom,KZN,-30.916666666666668,30.316666666666666
ZASTD,ZA,STD,Strand,Strand,WC,-34.11666666666667,18.833333333333332
ZAWWC,ZA,WWC,Wemmershoek,Wemmershoek,WC,-33.86666666666667,19.033333333333335
ZAZBA,ZA,ZBA,Coega,Coega,EC,-33.766666666666666,25.666666666666668
ZAZE4,ZA,ZE4,Sezela,Sezela,KZN,-30.416666666666668,30.683333333333334
ZMSIA,ZM,SIA,Siavonga,Siavonga,07,-16.533333333333335,28.716666666666665
ZWCHE,ZW,CHE,Chegutu,Chegutu,MW,-18.133333333333333,30.15
ZWFLU,ZW,FLU,Filabusi,Filabusi,MS,-20.533333333333335,29.283333333333335
ZWGWA,ZW,GWA,Gwanda,Gwanda,MS,-20.933333333333334,29.0
ZWRSP,ZW,RSP,Rusape,Rusape,MA,-18.533333333333335,32.11666666666667
ZWZMZ,ZW,ZMZ,Zimbabwe,Zimbabwe,MV,-20.266666666666666,30.916666666666668
